$date
	Sun Aug 30 16:08:50 2026
$end
$version
	Icarus Verilog
$end
$timescale
	1ps
$end
$scope module tb $end
$scope module stim1 $end
$var wire 1 ! clk $end
$upscope $end
$upscope $end
$scope module tb $end
$var wire 1 " tb_mismatch $end
$upscope $end
$scope module tb $end
$var wire 16 # scancode [15:0] $end
$upscope $end
$scope module tb $end
$var wire 1 $ left_ref $end
$upscope $end
$scope module tb $end
$var wire 1 % left_dut $end
$upscope $end
$scope module tb $end
$var wire 1 & down_ref $end
$upscope $end
$scope module tb $end
$var wire 1 ' down_dut $end
$upscope $end
$scope module tb $end
$var wire 1 ( right_ref $end
$upscope $end
$scope module tb $end
$var wire 1 ) right_dut $end
$upscope $end
$scope module tb $end
$var wire 1 * up_ref $end
$upscope $end
$scope module tb $end
$var wire 1 + up_dut $end
$upscope $end
$enddefinitions $end
#0
$dumpvars
x+
x*
x)
x(
x'
x&
x%
x$
bx #
0"
0!
$end
#5
1!
#10
0!
#15
0"
0*
0$
0&
0(
0%
0'
0)
0+
b0 #
1!
#20
0!
#25
b1 #
1!
#30
0!
#35
0"
1*
1+
b1110000001110101 #
1!
#40
0!
#45
0"
1$
0*
1%
0+
b1110000001101011 #
1!
#50
0!
#55
0"
0$
0%
b1110000001101100 #
1!
#60
0!
#65
0"
1&
1'
b1110000001110010 #
1!
#70
0!
#75
0"
1(
0&
0'
1)
b1110000001110100 #
1!
#80
0!
#85
0"
0(
0)
b1110000001110110 #
1!
#90
0!
#95
b1111111111111111 #
1!
#100
0!
#105
b11010100100100 #
1!
#110
b101111010000001 #
0!
#115
b1101011000001001 #
1!
#120
b101011001100011 #
0!
#125
b111101100001101 #
1!
#130
b1001100110001101 #
0!
#135
b1000010001100101 #
1!
#140
b101001000010010 #
0!
#145
b1110001100000001 #
1!
#150
b1100110100001101 #
0!
#155
b1111000101110110 #
1!
#160
b1100110100111101 #
0!
#165
b101011111101101 #
1!
#170
b1111011110001100 #
0!
#175
b1110100111111001 #
1!
#180
b10010011000110 #
0!
#185
b1000010011000101 #
1!
#190
b1101001010101010 #
0!
#195
b1111011111100101 #
1!
#200
b111001001110111 #
0!
#205
b1101011000010010 #
1!
#210
b1101101110001111 #
0!
#215
b110100111110010 #
1!
#220
b1001011011001110 #
0!
#225
b111101011101000 #
1!
#230
b100111011000101 #
0!
#235
b100100101011100 #
1!
#240
b10100010111101 #
0!
#245
b101100000101101 #
1!
#250
b10011001100101 #
0!
#255
b110001001100011 #
1!
#260
b1000011100001010 #
0!
#265
b10001010000000 #
1!
#270
b10000100100000 #
0!
#275
b100010110101010 #
1!
#280
b1100110010011101 #
0!
#285
b11111010010110 #
1!
#290
b1011100000010011 #
0!
#295
b11100000001101 #
1!
#300
b1101011001010011 #
0!
#305
b1101110101101011 #
1!
#310
b10101011010101 #
0!
#315
b100101000000010 #
1!
#320
b11111010101110 #
0!
#325
b1110100100011101 #
1!
#330
b111001011001111 #
0!
#335
b100100100100011 #
1!
#340
b110010100001010 #
0!
#345
b101011001010 #
1!
#350
b100110000111100 #
0!
#355
b1011110111110010 #
1!
#360
b110000110001010 #
0!
#365
b1011001101000001 #
1!
#370
b11010011011000 #
0!
#375
b1111001101111000 #
1!
#380
b1001010001001 #
0!
#385
b110111101011 #
1!
#390
b110010110110110 #
0!
#395
b1111100111000110 #
1!
#400
b1001110101110 #
0!
#405
b1010111100 #
1!
#410
b1101110100101010 #
0!
#415
b1001101000001011 #
1!
#420
b1011111001110001 #
0!
#425
b100000110000101 #
1!
#430
b101010101001111 #
0!
#435
b110000000111011 #
1!
#440
b11001100111010 #
0!
#445
b11001001111110 #
1!
#450
b100101100010101 #
0!
#455
b1001101111110001 #
1!
#460
b100101111011001 #
0!
#465
b11101100010 #
1!
#470
b1111101101001100 #
0!
#475
b101010110011111 #
1!
#480
b1010000110001111 #
0!
#485
b1010100111111000 #
1!
#490
b110000010110111 #
0!
#495
b101011010011111 #
1!
#500
b1001010001011100 #
0!
#505
b1100000001011011 #
1!
#510
b11011110001001 #
0!
#515
b11001001001001 #
1!
#520
b11111011010000 #
0!
#525
b1100000011010111 #
1!
#530
b1111110001010001 #
0!
#535
b10111110010110 #
1!
#540
b111111100001100 #
0!
#545
b1100111011000010 #
1!
#550
b1110110111001000 #
0!
#555
b101101001110111 #
1!
#560
b1110110100111101 #
0!
#565
b1101101100010010 #
1!
#570
b1111110 #
0!
#575
b1000000101101101 #
1!
#580
b1110011100111001 #
0!
#585
b1000111100011111 #
1!
#590
b1111011011010011 #
0!
#595
b10111110000101 #
1!
#600
b1000100001111000 #
0!
#605
b101100101011011 #
1!
#610
b100101101001001 #
0!
#615
b1010111000111111 #
1!
#620
b1010111100101010 #
0!
#625
b110001101011000 #
1!
#630
b11100010000110 #
0!
#635
b110010001110 #
1!
#640
b1111001010011100 #
0!
#645
b1001100111111010 #
1!
#650
b1011110000100110 #
0!
#655
b1011101110011 #
1!
#660
b1011010010100011 #
0!
#665
b1010100000101111 #
1!
#670
b1001001010110011 #
0!
#675
b101011001011111 #
1!
#680
b110101000100 #
0!
#685
b1111110111110111 #
1!
#690
b11011011001011 #
0!
#695
b1101011100110 #
1!
#700
b1101101101011010 #
0!
#705
b1100000100101001 #
1!
#710
b1110001011101101 #
0!
#715
b110110011011010 #
1!
#720
b1011011001100101 #
0!
#725
b1110001010110101 #
1!
#730
b1001010011011111 #
0!
#735
b1100101111001 #
1!
#740
b1111111101000100 #
0!
#745
b110011010000 #
1!
#750
b101100101010 #
0!
#755
b1010110110101011 #
1!
#760
b1100111100001110 #
0!
#765
b1010110111011100 #
1!
#770
b1011110010011010 #
0!
#775
b111001011111101 #
1!
#780
b1011000011 #
0!
#785
b1110110101010110 #
1!
#790
b1110100101001110 #
0!
#795
b111011001100111 #
1!
#800
b11010000001010 #
0!
#805
b1011100110110110 #
1!
#810
b1000101000111000 #
0!
#815
b1000011101111001 #
1!
#820
b1100010010111000 #
0!
#825
b1011111110010100 #
1!
#830
b101110110010011 #
0!
#835
b10110000000100 #
1!
#840
b1100101001011001 #
0!
#845
b110100111011011 #
1!
#850
b1101111001001101 #
0!
#855
b1011011111011001 #
1!
#860
b10011001101101 #
0!
#865
b1110001001110110 #
1!
#870
b100100111001010 #
0!
#875
b10110110110110 #
1!
#880
b111000110010101 #
0!
#885
b1101001000110 #
1!
#890
b1001101100000100 #
0!
#895
b110000111110111 #
1!
#900
b11101101001 #
0!
#905
b1011101010110100 #
1!
#910
b1000110110001000 #
0!
#915
b1101100100101000 #
1!
#920
b10000101101 #
0!
#925
b11000011000111 #
1!
#930
b1001110000101110 #
0!
#935
b1110010000001000 #
1!
#940
b100010100011100 #
0!
#945
b1010011011111101 #
1!
#950
b11100101001 #
0!
#955
b1001000000011100 #
1!
#960
b110011110000110 #
0!
#965
b100011011010 #
1!
#970
b1100011000111101 #
0!
#975
b1010011101100110 #
1!
#980
b1100010001110000 #
0!
#985
b10001110011 #
1!
#990
b1001100110111010 #
0!
#995
b1011001101011110 #
1!
#1000
b111100111111010 #
0!
#1005
b10111010101 #
1!
#1010
b1111011000011010 #
0!
#1015
b10111001 #
1!
#1020
b110000100110111 #
0!
#1025
b11011110010110 #
1!
#1030
b10000111000000 #
0!
#1035
b1001111100100110 #
1!
#1040
b1101010110110 #
0!
#1045
b1000001101111101 #
1!
#1050
b111111011100 #
0!
#1055
b101011110000110 #
1!
#1060
b1111111101111000 #
0!
#1065
b1001101101111110 #
1!
#1070
b1000000011011011 #
0!
#1075
b1011011011001111 #
1!
#1080
b10101101111001 #
0!
#1085
b1110010011111010 #
1!
#1090
b1110111001100001 #
0!
#1095
b100100010111 #
1!
#1100
b111100010100001 #
0!
#1105
b1001000110000110 #
1!
#1110
b1001011001010000 #
0!
#1115
b101100111110101 #
1!
#1120
b1000100000110101 #
0!
#1125
b1000101000101001 #
1!
#1130
b111010111000001 #
0!
#1135
b111010011000101 #
1!
#1140
b1011010010011000 #
0!
#1145
b111101101001011 #
1!
#1150
b100001001110011 #
0!
#1155
b1110011011101100 #
1!
#1160
b1011010001010 #
0!
#1165
b1101000101001110 #
1!
#1170
b1000000010101000 #
0!
#1175
b1111110110101001 #
1!
#1180
b1000110010100001 #
0!
#1185
b1011100100001110 #
1!
#1190
b110011011100110 #
0!
#1195
b1100000010011111 #
1!
#1200
b1011010100101010 #
0!
#1205
b1110100101010 #
1!
#1210
b1111010010001101 #
0!
#1215
b1111111110011110 #
1!
#1220
b1110011000111000 #
0!
#1225
b1010100001111001 #
1!
#1230
b1110001111001000 #
0!
#1235
b100010111001010 #
1!
#1240
b100000100010011 #
0!
#1245
b1100100101101011 #
1!
#1250
b1010111011000111 #
0!
#1255
b1101110110110110 #
1!
#1260
b1001110110111010 #
0!
#1265
b1010101111000100 #
1!
#1270
b1001010110111001 #
0!
#1275
b1101001110010010 #
1!
#1280
b1001101010110100 #
0!
#1285
b11101101111111 #
1!
#1290
b1001000010000110 #
0!
#1295
b1111010111111010 #
1!
#1300
b1001010011110010 #
0!
#1305
b10000100110010 #
1!
#1310
b101111010111101 #
0!
#1315
b1100110110000100 #
1!
#1320
b1010010011100100 #
0!
#1325
b1100111111001010 #
1!
#1330
b111100110101001 #
0!
#1335
b1010100010100001 #
1!
#1340
b1010100110001110 #
0!
#1345
b110101011111011 #
1!
#1350
b1111000001011 #
0!
#1355
b1001000011101111 #
1!
#1360
b11110111001001 #
0!
#1365
b1110010100110110 #
1!
#1370
b100100001110101 #
0!
#1375
b101011010001111 #
1!
#1380
b1011111101101011 #
0!
#1385
b1110011110001000 #
1!
#1390
b1011010010101110 #
0!
#1395
b1000000110011011 #
1!
#1400
b100010110010010 #
0!
#1405
b1101111100101000 #
1!
#1410
b1110000000101101 #
0!
#1415
b101111101001011 #
1!
#1420
b1011000011000010 #
0!
#1425
b1111011000011110 #
1!
#1430
b10100001101 #
0!
#1435
b1111110111101100 #
1!
#1440
b1001110100011000 #
0!
#1445
b1101111010001 #
1!
#1450
b1110010000110 #
0!
#1455
b10010001000001 #
1!
#1460
b110010000111011 #
0!
#1465
b1111100111011000 #
1!
#1470
b1110100101010011 #
0!
#1475
b110001001010110 #
1!
#1480
b10001001011011 #
0!
#1485
b1111101011100010 #
1!
#1490
b1110001000000100 #
0!
#1495
b1101110011 #
1!
#1500
b1011010011011000 #
0!
#1505
b100110100010010 #
1!
#1510
b100010010111000 #
0!
#1515
b1001000111001 #
1!
#1520
b1011011011100101 #
0!
#1525
b1101110010100001 #
1!
#1530
b111100101011 #
0!
#1535
b101110110000001 #
1!
#1540
b1000010111001000 #
0!
#1545
b101010100100111 #
1!
#1550
b1111100110100001 #
0!
#1555
b110111000011111 #
1!
#1560
b11101000000100 #
0!
#1565
b10001101011000 #
1!
#1570
b1000000010010110 #
0!
#1575
b1001001100010100 #
1!
#1580
b1011010000010010 #
0!
#1585
b111000010010110 #
1!
#1590
b1110001010110001 #
0!
#1595
b1101010101010101 #
1!
#1600
b1000111011101101 #
0!
#1605
b10101100101011 #
1!
#1610
b1101111110101 #
0!
#1615
b1110101101 #
1!
#1620
b10001000100111 #
0!
#1625
b1111111110000100 #
1!
#1630
b1110010010100111 #
0!
#1635
b1010011011100111 #
1!
#1640
b1001000010111001 #
0!
#1645
b101011001001001 #
1!
#1650
b1011101111011011 #
0!
#1655
b111111001001 #
1!
#1660
b1011000101010001 #
0!
#1665
b101111010100001 #
1!
#1670
b1101110100101010 #
0!
#1675
b100010111111010 #
1!
#1680
b10000001000101 #
0!
#1685
b10110000011 #
1!
#1690
b100001001111100 #
0!
#1695
b1010001110010 #
1!
#1700
b11110011111110 #
0!
#1705
b1111001001101000 #
1!
#1710
b1010101001101111 #
0!
#1715
b110110000110 #
1!
#1720
b10000111110000 #
0!
#1725
b1001011100111000 #
1!
#1730
b1001000101000000 #
0!
#1735
b111011000101000 #
1!
#1740
b1010100111110110 #
0!
#1745
b1101011000101 #
1!
#1750
b11000111000000 #
0!
#1755
b101111101110100 #
1!
#1760
b111000100111001 #
0!
#1765
b110101010110000 #
1!
#1770
b1000011100111100 #
0!
#1775
b1001001100101010 #
1!
#1780
b1101001101100010 #
0!
#1785
b11010100010101 #
1!
#1790
b100111011100001 #
0!
#1795
b1001110100010111 #
1!
#1800
b1110111001000011 #
0!
#1805
b1110001111001001 #
1!
#1810
b10010000110 #
0!
#1815
b1100101100100101 #
1!
#1820
b1001110111000001 #
0!
#1825
b1010001010001101 #
1!
#1830
b1110001001011010 #
0!
#1835
b10011100000111 #
1!
#1840
b111101100101100 #
0!
#1845
b101110100001100 #
1!
#1850
b1110011001110001 #
0!
#1855
b111110000111011 #
1!
#1860
b1110010110110110 #
0!
#1865
b1100001011110111 #
1!
#1870
b1100111010011110 #
0!
#1875
b101100001011100 #
1!
#1880
b1111011101010101 #
0!
#1885
b11101000100000 #
1!
#1890
b1001010100000 #
0!
#1895
b100101110010 #
1!
#1900
b1000110010110100 #
0!
#1905
b1111010111011101 #
1!
#1910
b1111000000001101 #
0!
#1915
b1001100101001011 #
1!
#1920
b100001001111001 #
0!
#1925
b1101101010011110 #
1!
#1930
b110010011111101 #
0!
#1935
b1101001001111011 #
1!
#1940
b111001110001111 #
0!
#1945
b1001101000000011 #
1!
#1950
b10100111100011 #
0!
#1955
b100001100011101 #
1!
#1960
b11110110110001 #
0!
#1965
b1001111101000100 #
1!
#1970
b1011110010010101 #
0!
#1975
b11010011100000 #
1!
#1980
b111100011101101 #
0!
#1985
b1010101010010 #
1!
#1990
b101101111111000 #
0!
#1995
b1011011110001101 #
1!
#2000
b1100010001010010 #
0!
#2005
b1110011110000100 #
1!
#2010
b1111110101000110 #
0!
#2015
b1001001010001100 #
1!
#2020
b111110110010000 #
0!
#2025
b1100000100010111 #
1!
#2030
b110000101101010 #
0!
#2035
b101011110000100 #
1!
#2040
b1011110010101010 #
0!
#2045
b111101111100 #
1!
#2050
b1001100000 #
0!
#2055
b100110110111010 #
1!
#2060
b110000010001011 #
0!
#2065
b1111111010100110 #
1!
#2070
b1111000100101 #
0!
#2075
b1000001100110010 #
1!
#2080
b10010100010 #
0!
#2085
b111110001001001 #
1!
#2090
b1011000000010100 #
0!
#2095
b1100000000111101 #
1!
#2100
b1101001011 #
0!
#2105
b11000001011100 #
1!
#2110
b111010101000111 #
0!
#2115
b1001011110000110 #
1!
#2120
b111101000111001 #
0!
#2125
b1000101010110100 #
1!
#2130
b1110010111010000 #
0!
#2135
b101000000101100 #
1!
#2140
b100010110001100 #
0!
#2145
b1011011100000111 #
1!
#2150
b100000001101010 #
0!
#2155
b1111100100010001 #
1!
#2160
b1111111111101000 #
0!
#2165
b1001111001001011 #
1!
#2170
b1000000101110011 #
0!
#2175
b101101111101100 #
1!
#2180
b10100100011 #
0!
#2185
b1110111110100100 #
1!
#2190
b110010111001001 #
0!
#2195
b10000111001 #
1!
#2200
b111001011011111 #
0!
#2205
b1010011010100 #
1!
#2210
b110010101100111 #
0!
#2215
b100000110011101 #
1!
#2220
b10010110110000 #
0!
#2225
b11100110000010 #
1!
#2230
b1011111101001001 #
0!
#2235
b1101011011001 #
1!
#2240
b1011011100100000 #
0!
#2245
b100110000011100 #
1!
#2250
b110111110010011 #
0!
#2255
b110000111100011 #
1!
#2260
b1000001000101010 #
0!
#2265
b1111100011001000 #
1!
#2270
b10111001011101 #
0!
#2275
b1001110100111010 #
1!
#2280
b1010100110000100 #
0!
#2285
b1010100000101011 #
1!
#2290
b111111100111001 #
0!
#2295
b1110000010010 #
1!
#2300
b1010010 #
0!
#2305
b1000100101011001 #
1!
#2310
b1001011011010000 #
0!
#2315
b1110101001101110 #
1!
#2320
b10100110010111 #
0!
#2325
b1000011111011011 #
1!
#2330
b111011110100110 #
0!
#2335
b1101001110111011 #
1!
#2340
b111110000000000 #
0!
#2345
b100110000001111 #
1!
#2350
b1101011001101001 #
0!
#2355
b110001000001100 #
1!
#2360
b1100101011001 #
0!
#2365
b100100111000101 #
1!
#2370
b11010111001111 #
0!
#2375
b1110010110010000 #
1!
#2380
b1101100001010001 #
0!
#2385
b1010010001101001 #
1!
#2390
b1100110101110111 #
0!
#2395
b110010101001010 #
1!
#2400
b101100011011000 #
0!
#2405
b100110110011011 #
1!
#2410
b1001101011000100 #
0!
#2415
b1011000110111000 #
1!
#2420
b1111001010110111 #
0!
#2425
b1110111010000110 #
1!
#2430
b101101000110000 #
0!
#2435
b101001101110111 #
1!
#2440
b1100011110110101 #
0!
#2445
b1111010111010100 #
1!
#2450
b1000011100000111 #
0!
#2455
b1001011101110110 #
1!
#2460
b1010110111101001 #
0!
#2465
b1000101110001011 #
1!
#2470
b101111100000001 #
0!
#2475
b1000101111011011 #
1!
#2480
b100001010000000 #
0!
#2485
b1001111111000010 #
1!
#2490
b1101101011000101 #
0!
#2495
b1111101000110000 #
1!
#2500
b1110010010101111 #
0!
#2505
b1101101001100110 #
1!
#2510
b1011100110101111 #
0!
#2515
b110111011101001 #
1!
#2520
b1010111111111000 #
0!
#2525
b1010110000000110 #
1!
#2530
b111011011101111 #
0!
#2535
b11011111100001 #
1!
#2540
b111110010010101 #
0!
#2545
b11111011101110 #
1!
#2550
b100110101100000 #
0!
#2555
b101111011100101 #
1!
#2560
b1110101000101000 #
0!
#2565
b111110101100100 #
1!
#2570
b11011100101001 #
0!
#2575
b1010111011100001 #
1!
#2580
b101001001110111 #
0!
#2585
b1010101101110 #
1!
#2590
b1111010110000001 #
0!
#2595
b1011100111010101 #
1!
#2600
b1101010101101000 #
0!
#2605
b111000111110000 #
1!
#2610
b10101010 #
0!
#2615
b1100001100001111 #
1!
#2620
b100100011110001 #
0!
#2625
b1011110001111101 #
1!
#2630
b1001010110001110 #
0!
#2635
b1101110011100010 #
1!
#2640
b100110100111100 #
0!
#2645
b1110011010101001 #
1!
#2650
b1011000111101111 #
0!
#2655
b1101000001011011 #
1!
#2660
b11110010101111 #
0!
#2665
b1001101101001010 #
1!
#2670
b110110111001 #
0!
#2675
b10110100010011 #
1!
#2680
b11010100010011 #
0!
#2685
b100000101100101 #
1!
#2690
b10011101010001 #
0!
#2695
b11101010110111 #
1!
#2700
b1000010011001 #
0!
#2705
b100000111010 #
1!
#2710
b11101001110001 #
0!
#2715
b11101100010 #
1!
#2720
b110101011100100 #
0!
#2725
b1101110100101010 #
1!
#2730
b100010001111101 #
0!
#2735
b101111101011001 #
1!
#2740
b1010001111100101 #
0!
#2745
b110101111101101 #
1!
#2750
b11001001 #
0!
#2755
b1100110001000001 #
1!
#2760
b1101000110101111 #
0!
#2765
b1110011011011 #
1!
#2770
b1110100011001101 #
0!
#2775
b1001111101110000 #
1!
#2780
b1101010000000110 #
0!
#2785
b10000010100010 #
1!
#2790
b11110110111101 #
0!
#2795
b1101111001101010 #
1!
#2800
b100011111011100 #
0!
#2805
b101111001010000 #
1!
#2810
b1111010001111011 #
0!
#2815
b101100000100101 #
1!
#2820
b1000010001111000 #
0!
#2825
b1000100111110110 #
1!
#2830
b1100111001011100 #
0!
#2835
b1001101100100011 #
1!
#2840
b1010101101111001 #
0!
#2845
b10111001000 #
1!
#2850
b100011010111011 #
0!
#2855
b1110111000001110 #
1!
#2860
b1001010001110011 #
0!
#2865
b1100001100 #
1!
#2870
b1001100011001110 #
0!
#2875
b110000111010100 #
1!
#2880
b1101110001011001 #
0!
#2885
b110111110111001 #
1!
#2890
b1100000010110011 #
0!
#2895
b1011111111110100 #
1!
#2900
b1110001001110101 #
0!
#2905
b1111000100001100 #
1!
#2910
b111101000111001 #
0!
#2915
b1001001100000010 #
1!
#2920
b1011111000010101 #
0!
#2925
b1111100100000101 #
1!
#2930
b100001101001110 #
0!
#2935
b10100100000010 #
1!
#2940
b101000110111000 #
0!
#2945
b1011001000001000 #
1!
#2950
b101001110001101 #
0!
#2955
b1000111010101111 #
1!
#2960
b11000111101000 #
0!
#2965
b100110010000 #
1!
#2970
b1010101111110101 #
0!
#2975
b1001000001001100 #
1!
#2980
b1011110101111011 #
0!
#2985
b1010011001000000 #
1!
#2990
b1100100101 #
0!
#2995
b1011011000001101 #
1!
#3000
b1000001110000 #
0!
#3005
b1111100100101101 #
1!
#3010
b1101100000101001 #
0!
#3015
b101000110111100 #
1!
#3020
b100000110000 #
0!
#3025
b10110111000000 #
1!
#3030
b110100101010000 #
0!
#3035
b110101010100001 #
1!
#3040
b11111101001101 #
0!
#3045
b10111011110101 #
1!
#3050
b1010111111110101 #
0!
#3055
b1100110001011101 #
1!
#3060
b1001010010100 #
0!
#3065
b1010011001101010 #
1!
#3070
b110010110111100 #
0!
#3075
b100010111000 #
1!
#3080
b1001110010011110 #
0!
#3085
b11011111010 #
1!
#3090
b101101000110 #
0!
#3095
b110010000000111 #
1!
#3100
b1011110010010011 #
0!
#3105
b111010001010101 #
1!
#3110
b1101101110110111 #
0!
#3115
b1111000101000101 #
1!
#3120
b101001100011 #
0!
#3125
b1110000001011001 #
1!
#3130
b1100111000100110 #
0!
#3135
b111011001101000 #
1!
#3140
b1110010000011110 #
0!
#3145
b1111010010010000 #
1!
#3150
b1010010101011010 #
0!
#3155
b1000010100011100 #
1!
#3160
b110011110111001 #
0!
#3165
b1111110101011 #
1!
#3170
b1101100111010000 #
0!
#3175
b110010101101111 #
1!
#3180
b110110111011000 #
0!
#3185
b1000100001000101 #
1!
#3190
b1010011110001101 #
0!
#3195
b10001110001011 #
1!
#3200
b1001000111111100 #
0!
#3205
b1111111011100 #
1!
#3210
b101010100100 #
0!
#3215
b1000110100011001 #
1!
#3220
b11001110100101 #
0!
#3225
b1000111000111110 #
1!
#3230
b1100000011110011 #
0!
#3235
b10110001011000 #
1!
#3240
b110101111000100 #
0!
#3245
b100001101011100 #
1!
#3250
b100010100000110 #
0!
#3255
b101000010011010 #
1!
#3260
b1100100011000 #
0!
#3265
b110011011000101 #
1!
#3270
b1101000110101010 #
0!
#3275
b1100011010 #
1!
#3280
b1101010111000011 #
0!
#3285
b1110100110110010 #
1!
#3290
b110001100001100 #
0!
#3295
b111011101001 #
1!
#3300
b1111110111000011 #
0!
#3305
b111001111101011 #
1!
#3310
b1011100111111000 #
0!
#3315
b1111110010 #
1!
#3320
b1010110110001001 #
0!
#3325
b111001101101111 #
1!
#3330
b100101100011011 #
0!
#3335
b10100010101101 #
1!
#3340
b1100000101101000 #
0!
#3345
b1001000100101 #
1!
#3350
b101011111001111 #
0!
#3355
b1000110110101011 #
1!
#3360
b1101001000011011 #
0!
#3365
b11111010000000 #
1!
#3370
b1101100101011101 #
0!
#3375
b1111110110000010 #
1!
#3380
b100001000000100 #
0!
#3385
b1010010101010111 #
1!
#3390
b1000101100110110 #
0!
#3395
b1100110010 #
1!
#3400
b10100001111001 #
0!
#3405
b1010111011100100 #
1!
#3410
b1110110000010110 #
0!
#3415
b1110110010101010 #
1!
#3420
b110010111000000 #
0!
#3425
b1000100000101110 #
1!
#3430
b11011110001100 #
0!
#3435
b1100001001110001 #
1!
#3440
b1000111111111011 #
0!
#3445
b10000110111100 #
1!
#3450
b110100011011100 #
0!
#3455
b101011100010111 #
1!
#3460
b10011000001 #
0!
#3465
b10000111101011 #
1!
#3470
b11101110110101 #
0!
#3475
b10111010001001 #
1!
#3480
b1110001010001111 #
0!
#3485
b1111011010111111 #
1!
#3490
b10101010110000 #
0!
#3495
b1001101011010011 #
1!
#3500
b1011010110 #
0!
#3505
b1100110010000010 #
1!
#3510
b111010100011010 #
0!
#3515
b1010011101110001 #
1!
#3520
b10011010111 #
0!
#3525
b1000111000001110 #
1!
#3530
b1010011110001 #
0!
#3535
b1110111001101 #
1!
#3540
b100001100000101 #
0!
#3545
b1110101100011100 #
1!
#3550
b1100011110011000 #
0!
#3555
b1000100011101100 #
1!
#3560
b1101011000101010 #
0!
#3565
b100101001100101 #
1!
#3570
b10100110111 #
0!
#3575
b11011000000011 #
1!
#3580
b1001111011111110 #
0!
#3585
b1101110011111101 #
1!
#3590
b111000111110 #
0!
#3595
b11010011101000 #
1!
#3600
b11100001110100 #
0!
#3605
b1000100110110000 #
1!
#3610
b1101110000000110 #
0!
#3615
b100110100010010 #
1!
#3620
b1111110001101000 #
0!
#3625
b11000101 #
1!
#3630
b10111011111110 #
0!
#3635
b110100110110 #
1!
#3640
b100111110011 #
0!
#3645
b1010101111111011 #
1!
#3650
b111110001101011 #
0!
#3655
b1011111100010111 #
1!
#3660
b11011000001111 #
0!
#3665
b1011011000010100 #
1!
#3670
b10100101010 #
0!
#3675
b110111010100110 #
1!
#3680
b10011011010100 #
0!
#3685
b1000011001011 #
1!
#3690
b1100001001101011 #
0!
#3695
b1110101100000100 #
1!
#3700
b11001011110100 #
0!
#3705
b110000110001101 #
1!
#3710
b111000011100001 #
0!
#3715
b1011110110000101 #
1!
#3720
b111010010111001 #
0!
#3725
b1011011001001 #
1!
#3730
b1000111001100000 #
0!
#3735
b11001001000110 #
1!
#3740
b1100101100111100 #
0!
#3745
b101111100110111 #
1!
#3750
b101010101011000 #
0!
#3755
b101011101110011 #
1!
#3760
b1101001000001110 #
0!
#3765
b10001111011100 #
1!
#3770
b1100001100110000 #
0!
#3775
b1111010111010000 #
1!
#3780
b1110010100000000 #
0!
#3785
b111101000011 #
1!
#3790
b1001000111111000 #
0!
#3795
b1001101010100001 #
1!
#3800
b1111101010011 #
0!
#3805
b1000111110011000 #
1!
#3810
b11110101011111 #
0!
#3815
b1001001010000111 #
1!
#3820
b101101011111010 #
0!
#3825
b1101000100101101 #
1!
#3830
b1001110000 #
0!
#3835
b1110100001101011 #
1!
#3840
b11100000110001 #
0!
#3845
b1100000000010010 #
1!
#3850
b1101111100001100 #
0!
#3855
b110101100001101 #
1!
#3860
b1001100010101 #
0!
#3865
b11101000000 #
1!
#3870
b1000110110010100 #
0!
#3875
b1010001101010100 #
1!
#3880
b1010000000 #
0!
#3885
b1010100010011 #
1!
#3890
b1000011011000011 #
0!
#3895
b1101111011101101 #
1!
#3900
b1110011011011100 #
0!
#3905
b1000001111000 #
1!
#3910
b110100100111 #
0!
#3915
b10011001011111 #
1!
#3920
b101101100100011 #
0!
#3925
b1110101110101011 #
1!
#3930
b1011100111000 #
0!
#3935
b100110100100010 #
1!
#3940
b1011110111001001 #
0!
#3945
b100110011000111 #
1!
#3950
b110001010000010 #
0!
#3955
b1101011111001110 #
1!
#3960
b10001011000111 #
0!
#3965
b1010010000100100 #
1!
#3970
b110111111011011 #
0!
#3975
b1010000001000 #
1!
#3980
b110111101110101 #
0!
#3985
b1110110110101 #
1!
#3990
b111001000011010 #
0!
#3995
b1001100111000 #
1!
#4000
b11101010000010 #
0!
#4005
b1010000001011000 #
1!
#4010
b110101001010000 #
0!
#4015
b1001101010100011 #
1!
#4020
b1110001110100100 #
0!
#4025
b1101111101100101 #
1!
#4030
b1011111101010 #
0!
#4035
b11100100000110 #
1!
#4040
b1000000001010100 #
0!
#4045
b100000001011011 #
1!
#4050
b1111000011001000 #
0!
#4055
b11100101001000 #
1!
#4060
b1111001000110111 #
0!
#4065
b1111001111111000 #
1!
#4070
b11001010110101 #
0!
#4075
b1010100101010001 #
1!
#4080
b1101010110000011 #
0!
#4085
b1110001110011011 #
1!
#4090
b1101110100110101 #
0!
#4095
b101001110110000 #
1!
#4100
b1000001011111011 #
0!
#4105
b1011101101001111 #
1!
#4110
b1010011000110000 #
0!
#4115
b1100010000011000 #
1!
#4120
b1100011011101 #
0!
#4125
b1110100001000110 #
1!
#4130
b111101100001 #
0!
#4135
b100100001011001 #
1!
#4140
b111001101010101 #
0!
#4145
b1001011100101111 #
1!
#4150
b101000000001011 #
0!
#4155
b1110101011011110 #
1!
#4160
b10110011010011 #
0!
#4165
b1011000100101000 #
1!
#4170
b110100111101001 #
0!
#4175
b111100101011000 #
1!
#4180
b1010000111010101 #
0!
#4185
b1110010111000011 #
1!
#4190
b1001111010100 #
0!
#4195
b111110110100100 #
1!
#4200
b1110111101111110 #
0!
#4205
b1001110111010110 #
1!
#4210
b1100100000001111 #
0!
#4215
b100010010000011 #
1!
#4220
b1110111110100000 #
0!
#4225
b10010000010 #
1!
#4230
b1100101110111111 #
0!
#4235
b1101101101000101 #
1!
#4240
b11111001110111 #
0!
#4245
b101101000101 #
1!
#4250
b1000001110101 #
0!
#4255
b101011111000 #
1!
#4260
b11101111000110 #
0!
#4265
b101100101101100 #
1!
#4270
b101100001010000 #
0!
#4275
b110001100110001 #
1!
#4280
b1111111010011100 #
0!
#4285
b101110010111100 #
1!
#4290
b1111010101111 #
0!
#4295
b10110000001110 #
1!
#4300
b110011001101001 #
0!
#4305
b100000010110010 #
1!
#4310
b1001111011011110 #
0!
#4315
b111010010000101 #
1!
#4320
b111110101010 #
0!
#4325
b1111000100101000 #
1!
#4330
b1101010111000010 #
0!
#4335
b100110011010 #
1!
#4340
b101000111010011 #
0!
#4345
b1101010111010 #
1!
#4350
b111110011111011 #
0!
#4355
b111001010001011 #
1!
#4360
b100110111000010 #
0!
#4365
b10100011001100 #
1!
#4370
b1001101110001 #
0!
#4375
b110011110 #
1!
#4380
b1101101101100001 #
0!
#4385
b100100001111011 #
1!
#4390
b1101000010111111 #
0!
#4395
b1011110010010001 #
1!
#4400
b1001100011000000 #
0!
#4405
b110001101011001 #
1!
#4410
b1011010001111110 #
0!
#4415
b111001101010100 #
1!
#4420
b1110001001010001 #
0!
#4425
b10100001001001 #
1!
#4430
b111110111100111 #
0!
#4435
b1010111100100100 #
1!
#4440
b1101010110000011 #
0!
#4445
b1011011 #
1!
#4450
b1010000110111001 #
0!
#4455
b1011111110010101 #
1!
#4460
b100101001110111 #
0!
#4465
b1101011110001 #
1!
#4470
b101111111100110 #
0!
#4475
b1010111010101111 #
1!
#4480
b1110000100000100 #
0!
#4485
b110000000010010 #
1!
#4490
b1011001111111100 #
0!
#4495
b100100010101011 #
1!
#4500
b1111000011000100 #
0!
#4505
b1000000100111111 #
1!
#4510
b101011011000010 #
0!
#4515
b1100101110011 #
1!
#4520
b1001101101011010 #
0!
#4525
b1110010010100000 #
1!
#4530
b1100101011111110 #
0!
#4535
b110101101110100 #
1!
#4540
b1011011110111011 #
0!
#4545
b1011101111100010 #
1!
#4550
b100100011100010 #
0!
#4555
b100110011011111 #
1!
#4560
b1110001010011000 #
0!
#4565
b1110110110011111 #
1!
#4570
b1100101100010000 #
0!
#4575
b1000100111110010 #
1!
#4580
b111101110111101 #
0!
#4585
b10011110101011 #
1!
#4590
b111110110100 #
0!
#4595
b1010110001010100 #
1!
#4600
b1001101110001001 #
0!
#4605
b1101010000010011 #
1!
#4610
b1001000110101100 #
0!
#4615
b1100110101 #
1!
#4620
b1111100111011 #
0!
#4625
b10010000110101 #
1!
#4630
b1000110100101111 #
0!
#4635
b1001100100110100 #
1!
#4640
b1010001001010101 #
0!
#4645
b1010111100 #
1!
#4650
b1111111011110010 #
0!
#4655
b11011010100111 #
1!
#4660
b1000000011000001 #
0!
#4665
b1011011100100 #
1!
#4670
b1010001001000001 #
0!
#4675
b110110001101001 #
1!
#4680
b1101100011111010 #
0!
#4685
b1101000011001101 #
1!
#4690
b1111001111111111 #
0!
#4695
b1000011010110101 #
1!
#4700
b1000001011101000 #
0!
#4705
b101110001001011 #
1!
#4710
b10111000010010 #
0!
#4715
b1000111100110111 #
1!
#4720
b1110110101110 #
0!
#4725
b1010010011111000 #
1!
#4730
b100111000100000 #
0!
#4735
b101000011011010 #
1!
#4740
b1000100010 #
0!
#4745
b101010111101100 #
1!
#4750
b1001000101010 #
0!
#4755
b101101101111010 #
1!
#4760
b101000100011110 #
0!
#4765
b1101101011101001 #
1!
#4770
b1111001011101011 #
0!
#4775
b1111011100001011 #
1!
#4780
b1110001001101110 #
0!
#4785
b101111001011110 #
1!
#4790
b10110101111100 #
0!
#4795
b11000101000101 #
1!
#4800
b101010010001011 #
0!
#4805
b1101001100010010 #
1!
#4810
b1011110100110111 #
0!
#4815
b1101011010000011 #
1!
#4820
b11100001 #
0!
#4825
b1101111111001110 #
1!
#4830
b101110001001010 #
0!
#4835
b111001111010101 #
1!
#4840
b11111001101 #
0!
#4845
b1110111011100100 #
1!
#4850
b1000110011110100 #
0!
#4855
b101001111101100 #
1!
#4860
b11111100011010 #
0!
#4865
b10111011100011 #
1!
#4870
b1000010011101100 #
0!
#4875
b1000000111110011 #
1!
#4880
b100011100101101 #
0!
#4885
b1000110101011100 #
1!
#4890
b100010111011101 #
0!
#4895
b1100100011101100 #
1!
#4900
b111101010001111 #
0!
#4905
b1011001111111111 #
1!
#4910
b1000010101111000 #
0!
#4915
b1011100110101011 #
1!
#4920
b1111011100100111 #
0!
#4925
b111111111011 #
1!
#4930
b1100001100010011 #
0!
#4935
b1001101100001100 #
1!
#4940
b1001011110111011 #
0!
#4945
b1100101011100110 #
1!
#4950
b11101001001001 #
0!
#4955
b111101101101010 #
1!
#4960
b1111011000001010 #
0!
#4965
b1101001000011000 #
1!
#4970
b1110100110010110 #
0!
#4975
b10011000001001 #
1!
#4980
b111000100101110 #
0!
#4985
b1101010010111101 #
1!
#4990
b1000100101100110 #
0!
#4995
b10100001110110 #
1!
#5000
b10010101110101 #
0!
#5005
b11101010001111 #
1!
#5010
b1001010110010101 #
0!
#5015
b1100110101111011 #
1!
#5020
b1110101001111100 #
0!
#5025
b11000001101111 #
1!
#5030
b100110011001001 #
0!
#5035
b10000011001001 #
1!
#5040
b110000110110100 #
0!
#5045
b1010010111011010 #
1!
#5050
b1010100010101101 #
0!
#5055
b1111000111011111 #
1!
#5060
b1110001100001101 #
0!
#5065
b100000101110000 #
1!
#5070
b110011110000011 #
0!
#5075
b1100010001010001 #
1!
#5080
b1000110100000100 #
0!
#5085
b111001010000000 #
1!
#5090
b10011111001 #
0!
#5095
b1110110100000110 #
1!
#5100
b11101011001010 #
0!
#5105
b110010011011111 #
1!
#5110
b1011101111001001 #
0!
#5115
b111010110000100 #
1!
#5120
b1000100010110000 #
0!
#5125
b1111101001 #
1!
#5130
b1000010100010000 #
0!
#5135
b10010111011110 #
1!
#5140
b1101000010101100 #
0!
#5145
b1111101100001001 #
1!
#5150
b10001111010111 #
0!
#5155
b1000111101100001 #
1!
#5160
b11001000001101 #
0!
#5165
b1011011110010001 #
1!
#5170
b111011010011 #
0!
#5175
b1111100110011010 #
1!
#5180
b1000011100101111 #
0!
#5185
b110001101001110 #
1!
#5190
b1000001110110111 #
0!
#5195
b111001011000110 #
1!
#5200
b110101101011101 #
0!
#5205
b1110110010011100 #
1!
#5210
b111111100101111 #
0!
#5215
b1100011001000100 #
1!
#5220
b11101010011011 #
0!
#5225
b1100010 #
1!
#5230
b1011101111101001 #
0!
#5235
b1000001100101110 #
1!
#5240
b1001010001101 #
0!
#5245
b11111000110 #
1!
#5250
b1011010010101010 #
0!
#5255
b1111000010100000 #
1!
#5260
b1100111100110111 #
0!
#5265
b10111011110000 #
1!
#5270
b1010100011101000 #
0!
#5275
b1110011001101 #
1!
#5280
b100111010001 #
0!
#5285
b110001110111011 #
1!
#5290
b1001001011011111 #
0!
#5295
b1101010101111101 #
1!
#5300
b10000101011000 #
0!
#5305
b101000010011111 #
1!
#5310
b10111110010111 #
0!
#5315
b1010001000000110 #
1!
#5320
b10111000101001 #
0!
#5325
b110001111000100 #
1!
#5330
b1111011011010111 #
0!
#5335
b1101010001011101 #
1!
#5340
b1001101001101 #
0!
#5345
b1100011101110011 #
1!
#5350
b10101001111111 #
0!
#5355
b111010001001110 #
1!
#5360
b110010110111001 #
0!
#5365
b110010011100000 #
1!
#5370
b1100001000111001 #
0!
#5375
b100111110000001 #
1!
#5380
b1000001100110001 #
0!
#5385
b1110111110001111 #
1!
#5390
b111110111111110 #
0!
#5395
b1111000001011101 #
1!
#5400
b1000100000001111 #
0!
#5405
b1100101100110011 #
1!
#5410
b1101010101101001 #
0!
#5415
b1010010101010110 #
1!
#5420
b101001010011010 #
0!
#5425
b10100101011100 #
1!
#5430
b11101001001 #
0!
#5435
b111011111010011 #
1!
#5440
b111101000111010 #
0!
#5445
b1111010111011000 #
1!
#5450
b111001111000 #
0!
#5455
b11010100111001 #
1!
#5460
b110000000100101 #
0!
#5465
b1101011000001001 #
1!
#5470
b1010100001010110 #
0!
#5475
b110100000101100 #
1!
#5480
b1110011010011 #
0!
#5485
b11111100011010 #
1!
#5490
b101000100000000 #
0!
#5495
b101111110101100 #
1!
#5500
b1000111011101000 #
0!
#5505
b101100001101100 #
1!
#5510
b100000010100000 #
0!
#5515
b10010100011101 #
1!
#5520
b100111111010001 #
0!
#5525
b111100000000 #
1!
#5530
b111100011011010 #
0!
#5535
b1000011111011000 #
1!
#5540
b1011101111000000 #
0!
#5545
b110001001100 #
1!
#5550
b1011000011010001 #
0!
#5555
b110001010001 #
1!
#5560
b1110111001010001 #
0!
#5565
b1011111001000101 #
1!
#5570
b110011110110011 #
0!
#5575
b11001111110 #
1!
#5580
b1100011010000000 #
0!
#5585
b101001111111100 #
1!
#5590
b1101011101001000 #
0!
#5595
b1000000010000001 #
1!
#5600
b1101110000110001 #
0!
#5605
b1011010110100111 #
1!
#5610
b1111110110000011 #
0!
#5615
b100001000111111 #
1!
#5620
b1001000100000000 #
0!
#5625
b1000110001100100 #
1!
#5630
b1001001101111110 #
0!
#5635
b1101111111110001 #
1!
#5640
b1111101110001110 #
0!
#5645
b100110110011110 #
1!
#5650
b1100111101000 #
0!
#5655
b1001101101001001 #
1!
#5660
b1111101000001010 #
0!
#5665
b1101101011111 #
1!
#5670
b1100100001010001 #
0!
#5675
b1000011001001001 #
1!
#5680
b10100000100101 #
0!
#5685
b1110011001101100 #
1!
#5690
b1001110001011000 #
0!
#5695
b110110001011110 #
1!
#5700
b1110001000101111 #
0!
#5705
b101101010000011 #
1!
#5710
b101001100100111 #
0!
#5715
b1101101111010100 #
1!
#5720
b100010010010100 #
0!
#5725
b1110010010010010 #
1!
#5730
b110011100111100 #
0!
#5735
b1101101000110 #
1!
#5740
b10101001101111 #
0!
#5745
b1010111001000001 #
1!
#5750
b1010111110111 #
0!
#5755
b11100000010110 #
1!
#5760
b10111101110010 #
0!
#5765
b1010010110100010 #
1!
#5770
b101100111100011 #
0!
#5775
b1010010010 #
1!
#5780
b1011000011001011 #
0!
#5785
b111010101101000 #
1!
#5790
b1110111000110001 #
0!
#5795
b1111001011 #
1!
#5800
b1100100001010101 #
0!
#5805
b1000100101110001 #
1!
#5810
b101001101011110 #
0!
#5815
b1000011011001101 #
1!
#5820
b101011010110101 #
0!
#5825
b110100001000 #
1!
#5830
b1011111010000010 #
0!
#5835
b1001100000111111 #
1!
#5840
b1111001010110000 #
0!
#5845
b1110111110101100 #
1!
#5850
b11000000110010 #
0!
#5855
b10100000101 #
1!
#5860
b1111101101011110 #
0!
#5865
b1101100010111000 #
1!
#5870
b110011101111101 #
0!
#5875
b101100000001010 #
1!
#5880
b1000101010001101 #
0!
#5885
b11100111001001 #
1!
#5890
b1101100011110001 #
0!
#5895
b1101111010110100 #
1!
#5900
b111111111100101 #
0!
#5905
b11100100110100 #
1!
#5910
b1100010100100011 #
0!
#5915
b1010001100101101 #
1!
#5920
b111000100110001 #
0!
#5925
b1100010101011110 #
1!
#5930
b10011110110100 #
0!
#5935
b111001100001110 #
1!
#5940
b1100000101100100 #
0!
#5945
b1000101101100100 #
1!
#5950
b1011100101001000 #
0!
#5955
b1101100010001010 #
1!
#5960
b1000011110011011 #
0!
#5965
b1111010011001101 #
1!
#5970
b1111101001101011 #
0!
#5975
b10001110101011 #
1!
#5980
b1010001011100011 #
0!
#5985
b10111110111101 #
1!
#5990
b10010011011001 #
0!
#5995
b101100011000010 #
1!
#6000
b1010110011100000 #
0!
#6005
b10011001011111 #
1!
#6010
b11011000011101 #
0!
#6015
b100110010010011 #
1!
#6020
b1100100110 #
0!
#6025
b1000011000000101 #
1!
#6030
b1110100000001001 #
0!
#6035
b1000010001101100 #
1!
#6040
b1100000001101011 #
0!
#6045
b1011110110110000 #
1!
#6050
b1011100011110111 #
0!
#6055
b101000110100101 #
1!
#6060
b1100000001010111 #
0!
#6065
b1111001101110110 #
1!
#6070
b1110001101001111 #
0!
#6075
b1011110110110100 #
1!
#6080
b1010001000011101 #
0!
#6085
b1010110000111 #
1!
#6090
b110001101000110 #
0!
#6095
b1001001101100110 #
1!
#6100
b1100000110011110 #
0!
#6105
b1101000100111111 #
1!
#6110
b1111010101010100 #
0!
#6115
b101111101010100 #
1!
#6120
b11010001001100 #
0!
#6125
b1001000000000110 #
1!
#6130
b1001101010000 #
0!
#6135
b110110100101101 #
1!
#6140
b1101110010000110 #
0!
#6145
b1000001101101010 #
1!
#6150
b1111110110111000 #
0!
#6155
b1100101011101111 #
1!
#6160
b101011110100000 #
0!
#6165
b1000111100111111 #
1!
#6170
b1010101000001001 #
0!
#6175
b100001010101000 #
1!
#6180
b1111101001010101 #
0!
#6185
b110011000011110 #
1!
#6190
b1101110010111000 #
0!
#6195
b110001011001110 #
1!
#6200
b1110011011010110 #
0!
#6205
b111000000100101 #
1!
#6210
b101010101001 #
0!
#6215
b111010011001111 #
1!
#6220
b1111010100110101 #
0!
#6225
b1101110101000000 #
1!
#6230
b111001110110110 #
0!
#6235
b1000010011110101 #
1!
#6240
b1100010001011010 #
0!
#6245
b1001011111100001 #
1!
#6250
b1000100100101 #
0!
#6255
b110000000100111 #
1!
#6260
b1011000101000100 #
0!
#6265
b100011001111001 #
1!
#6270
b1001111010011111 #
0!
#6275
b1001001110101000 #
1!
#6280
b1101001111001001 #
0!
#6285
b101110110000101 #
1!
#6290
b1001110110000101 #
0!
#6295
b110100001110011 #
1!
#6300
b100110001000 #
0!
#6305
b10110010110 #
1!
#6310
b100001000110100 #
0!
#6315
b1110110100111101 #
1!
#6320
b1111000101010001 #
0!
#6325
b10100000011011 #
1!
#6330
b1001000000011100 #
0!
#6335
b1110101110111101 #
1!
#6340
b1110001010110100 #
0!
#6345
b111010101001110 #
1!
#6350
b11111100101111 #
0!
#6355
b1111000101011001 #
1!
#6360
b1111110011101100 #
0!
#6365
b101010100011110 #
1!
#6370
b1100101010011101 #
0!
#6375
b100100011000000 #
1!
#6380
b1100111100011 #
0!
#6385
b1111011001100100 #
1!
#6390
b111000001001011 #
0!
#6395
b1111111110010001 #
1!
#6400
b1101011110000100 #
0!
#6405
b100011101001001 #
1!
#6410
b10110000010011 #
0!
#6415
b1110000010110011 #
1!
#6420
b1001000100011100 #
0!
#6425
b1110110100101000 #
1!
#6430
b1011101100101010 #
0!
#6435
b111100101011101 #
1!
#6440
b110000111101110 #
0!
#6445
b101101111001100 #
1!
#6450
b1001010110111011 #
0!
#6455
b1010001111000 #
1!
#6460
b10010111001010 #
0!
#6465
b1011011101011101 #
1!
#6470
b1111101000011110 #
0!
#6475
b1011110101110110 #
1!
#6480
b111100111001011 #
0!
#6485
b1111000111011011 #
1!
#6490
b1110010010110100 #
0!
#6495
b100001100100000 #
1!
#6500
b1011101100000100 #
0!
#6505
b1011001001111001 #
1!
#6510
b1000011001101 #
0!
#6515
b10110010010010 #
1!
#6520
b1000101 #
0!
#6525
b110101010101001 #
1!
#6530
b1111110010011110 #
0!
#6535
b1100101111011101 #
1!
#6540
b10110111000000 #
0!
#6545
b100001001001011 #
1!
#6550
b1110000110111011 #
0!
#6555
b10100110000001 #
1!
#6560
b1101100010110010 #
0!
#6565
b10011110110011 #
1!
#6570
b1011100100001011 #
0!
#6575
b1000101001000 #
1!
#6580
b110000011100001 #
0!
#6585
b1100010111111100 #
1!
#6590
b100010010101111 #
0!
#6595
b111010100000 #
1!
#6600
b1101111100001110 #
0!
#6605
b1000011101110101 #
1!
#6610
b1111111111011001 #
0!
#6615
b110111000001101 #
1!
#6620
b11000100100111 #
0!
#6625
b1001100101110100 #
1!
#6630
b10000111111100 #
0!
#6635
b11111010111111 #
1!
#6640
b1111001001011111 #
0!
#6645
b1110100010000001 #
1!
#6650
b1010101001101000 #
0!
#6655
b100100011111010 #
1!
#6660
b1000000011111011 #
0!
#6665
b10000100011001 #
1!
#6670
b101010010100110 #
0!
#6675
b1101101010011 #
1!
#6680
b1111011011101111 #
0!
#6685
b1010111011101101 #
1!
#6690
b1001110110110001 #
0!
#6695
b1111111001100100 #
1!
#6700
b11000000100001 #
0!
#6705
b1011110111110110 #
1!
#6710
b1011111101101000 #
0!
#6715
b10100 #
1!
#6720
b1100101001101111 #
0!
#6725
b11011000101010 #
1!
#6730
b1011011100111110 #
0!
#6735
b1110111011110111 #
1!
#6740
b1111101000110 #
0!
#6745
b1100101000111101 #
1!
#6750
b100000010100000 #
0!
#6755
b101001111111010 #
1!
#6760
b100110111110100 #
0!
#6765
b1110001100110011 #
1!
#6770
b1101011100000000 #
0!
#6775
b111101111011100 #
1!
#6780
b10110101110000 #
0!
#6785
b1010101000101001 #
1!
#6790
b1011100100001111 #
0!
#6795
b111000110010110 #
1!
#6800
b101110111010111 #
0!
#6805
b1000100100011 #
1!
#6810
b1101111000000110 #
0!
#6815
b1001010 #
1!
#6820
b11100101001010 #
0!
#6825
b1011111101000001 #
1!
#6830
b11110001000 #
0!
#6835
b1011100011001101 #
1!
#6840
b1101110101110001 #
0!
#6845
b10001000101000 #
1!
#6850
b1010110000010011 #
0!
#6855
b1110001001101100 #
1!
#6860
b10010001010101 #
0!
#6865
b110011111111110 #
1!
#6870
b110101101111 #
0!
#6875
b1000101111110100 #
1!
#6880
b1010110011000001 #
0!
#6885
b111011011010011 #
1!
#6890
b10001000011000 #
0!
#6895
b111111110101101 #
1!
#6900
b1100111111111001 #
0!
#6905
b111001000 #
1!
#6910
b1010101000100101 #
0!
#6915
b100100001001000 #
1!
#6920
b1010101111100011 #
0!
#6925
b110111111010000 #
1!
#6930
b10000110001010 #
0!
#6935
b11011001100111 #
1!
#6940
b1100001110000 #
0!
#6945
b1110111101100000 #
1!
#6950
b1011111101001110 #
0!
#6955
b101001111001111 #
1!
#6960
b1011011001110010 #
0!
#6965
b110100111110010 #
1!
#6970
b1000001010010100 #
0!
#6975
b110100011101000 #
1!
#6980
b1110000110011000 #
0!
#6985
b1000111110011110 #
1!
#6990
b10101111111000 #
0!
#6995
b10010001101 #
1!
#7000
b1011001011001011 #
0!
#7005
b1100011010101111 #
1!
#7010
b10111100111000 #
0!
#7015
b111010111100000 #
1!
#7020
b100110100001 #
0!
#7025
b100000010010100 #
1!
#7030
b1100110010100001 #
0!
#7035
b1100010100100001 #
1!
#7040
b111111100100101 #
0!
#7045
b1110011011101011 #
1!
#7050
b100111011 #
0!
#7055
b1011111000101110 #
1!
#7060
b110111110011100 #
0!
#7065
b110011100010110 #
1!
#7070
b1000010000100000 #
0!
#7075
b1110111011000010 #
1!
#7080
b1111100010010101 #
0!
#7085
b10101000101101 #
1!
#7090
b1101100100000101 #
0!
#7095
b1010000000000111 #
1!
#7100
b1111010111101000 #
0!
#7105
b110000010011000 #
1!
#7110
b11011101101000 #
0!
#7115
b1110001010010111 #
1!
#7120
b111101011 #
0!
#7125
b1111001000110111 #
1!
#7130
b1001100101010010 #
0!
#7135
b111111110000011 #
1!
#7140
b111100010000110 #
0!
#7145
b1000110101110001 #
1!
#7150
b1011110000110100 #
0!
#7155
b1001110100 #
1!
#7160
b111100001110010 #
0!
#7165
b1001101011110010 #
1!
#7170
b1111111001100 #
0!
#7175
b1011100010001000 #
1!
#7180
b1101110101000100 #
0!
#7185
b100101110000010 #
1!
#7190
b1111101010001100 #
0!
#7195
b1010111011110100 #
1!
#7200
b100000010001111 #
0!
#7205
b1000100011000101 #
1!
#7210
b100110010000001 #
0!
#7215
b1010110000010101 #
1!
#7220
b1111111111001011 #
0!
#7225
b1111110100110110 #
1!
#7230
b1101000100101010 #
0!
#7235
b100001011110101 #
1!
#7240
b11011000111101 #
0!
#7245
b1011101000110 #
1!
#7250
b111011 #
0!
#7255
b1011110011101110 #
1!
#7260
b1100000110010011 #
0!
#7265
b1011100100 #
1!
#7270
b1110011000100 #
0!
#7275
b10010001110010 #
1!
#7280
b11101101110010 #
0!
#7285
b1010101001010001 #
1!
#7290
b1110110110101 #
0!
#7295
b100011110100011 #
1!
#7300
b110101100 #
0!
#7305
b1011101010010111 #
1!
#7310
b1100000000110001 #
0!
#7315
b1011000010111110 #
1!
#7320
b10111001010111 #
0!
#7325
b1010000101110110 #
1!
#7330
b1000000110110100 #
0!
#7335
b1010110000000000 #
1!
#7340
b1010000001110011 #
0!
#7345
b1000010000101001 #
1!
#7350
b1001101101110010 #
0!
#7355
b100011000011110 #
1!
#7360
b1111001101101101 #
0!
#7365
b101100111001101 #
1!
#7370
b101111111101 #
0!
#7375
b100110111010111 #
1!
#7380
b111111100011011 #
0!
#7385
b1100010111001110 #
1!
#7390
b1000101110010110 #
0!
#7395
b100100011001010 #
1!
#7400
b110010110000111 #
0!
#7405
b11010000101101 #
1!
#7410
b1001101100101100 #
0!
#7415
b1000100100100101 #
1!
#7420
b111110100100010 #
0!
#7425
b1101010011110011 #
1!
#7430
b111001110000011 #
0!
#7435
b1011100111101 #
1!
#7440
b110010110110000 #
0!
#7445
b1001001110111001 #
1!
#7450
b1001101101100 #
0!
#7455
b1011111110101000 #
1!
#7460
b111100110011010 #
0!
#7465
b1100110000010 #
1!
#7470
b11001110011101 #
0!
#7475
b111111111100 #
1!
#7480
b1101010011011111 #
0!
#7485
b1101010011011001 #
1!
#7490
b101000000001100 #
0!
#7495
b101000111000000 #
1!
#7500
b101010001011100 #
0!
#7505
b1111000110000001 #
1!
#7510
b1010100001001111 #
0!
#7515
b1001000010101000 #
1!
#7520
b1001010110100011 #
0!
#7525
b101100010001000 #
1!
#7530
b11011111111001 #
0!
#7535
b1001110010111101 #
1!
#7540
b1110111100011000 #
0!
#7545
b1011101100011111 #
1!
#7550
b1011011101101011 #
0!
#7555
b1111111001111101 #
1!
#7560
b1000001110010110 #
0!
#7565
b1000000000001011 #
1!
#7570
b1010001100010001 #
0!
#7575
b1010001111 #
1!
#7580
b10100000111111 #
0!
#7585
b1101011100001010 #
1!
#7590
b11101001111011 #
0!
#7595
b1011011000101101 #
1!
#7600
b111111011000101 #
0!
#7605
b1010101011111111 #
1!
#7610
b111011001011101 #
0!
#7615
b1110011011001010 #
1!
#7620
b1110000111010111 #
0!
#7625
b1010011100111101 #
1!
#7630
b1010111011101 #
0!
#7635
b1101100011010 #
1!
#7640
b110101011101011 #
0!
#7645
b11100111010010 #
1!
#7650
b1001001100101001 #
0!
#7655
b1010001100010011 #
1!
#7660
b1111100000100110 #
0!
#7665
b1000101000011101 #
1!
#7670
b10100011010110 #
0!
#7675
b1000101111110010 #
1!
#7680
b10011010001110 #
0!
#7685
b1000100010010010 #
1!
#7690
b1101001011110111 #
0!
#7695
b1001101011101110 #
1!
#7700
b100111001000101 #
0!
#7705
b1110000111111110 #
1!
#7710
b101000001101101 #
0!
#7715
b110010010100111 #
1!
#7720
b1001000000000100 #
0!
#7725
b1111110000100010 #
1!
#7730
b1110001011001 #
0!
#7735
b10111011100110 #
1!
#7740
b1100010010001101 #
0!
#7745
b100100000101 #
1!
#7750
b111000100111011 #
0!
#7755
b100111001111 #
1!
#7760
b1000100001001100 #
0!
#7765
b1111001111001011 #
1!
#7770
b100110010100111 #
0!
#7775
b1011110100011000 #
1!
#7780
b11100011100011 #
0!
#7785
b110011101101100 #
1!
#7790
b110100000001111 #
0!
#7795
b1101100101011011 #
1!
#7800
b1111000111010000 #
0!
#7805
b1100110100101111 #
1!
#7810
b100001010010111 #
0!
#7815
b1010011100100000 #
1!
#7820
b1000110011101110 #
0!
#7825
b101010000100101 #
1!
#7830
b1011101110010 #
0!
#7835
b11001010110100 #
1!
#7840
b1010011100000100 #
0!
#7845
b1110100010100000 #
1!
#7850
b1110000110110011 #
0!
#7855
b100101101100011 #
1!
#7860
b1001111000011111 #
0!
#7865
b11011111011100 #
1!
#7870
b101110000010100 #
0!
#7875
b111100000110101 #
1!
#7880
b1000110011100100 #
0!
#7885
b1010100111001110 #
1!
#7890
b10010101110 #
0!
#7895
b101110111001 #
1!
#7900
b101000110100100 #
0!
#7905
b110110001011010 #
1!
#7910
b1100000001101 #
0!
#7915
b101000000110 #
1!
#7920
b1000001101010100 #
0!
#7925
b110101011011100 #
1!
#7930
b1001000010100001 #
0!
#7935
b100010101111010 #
1!
#7940
b1000000000110111 #
0!
#7945
b101010001001011 #
1!
#7950
b10101100000111 #
0!
#7955
b100011001011001 #
1!
#7960
b110011101011110 #
0!
#7965
b1001000111010110 #
1!
#7970
b110001100011011 #
0!
#7975
b101101011100101 #
1!
#7980
b1000111001010 #
0!
#7985
b100111101011011 #
1!
#7990
b111010101001000 #
0!
#7995
b1000110100000000 #
1!
#8000
b1100101010001 #
0!
#8005
b111101001111100 #
1!
#8010
b101110100011101 #
0!
#8015
b1010101111110001 #
1!
#8020
b1101111100011001 #
0!
#8025
b1011110010111111 #
1!
#8030
b1101011110010001 #
0!
#8035
b11111001101111 #
1!
#8040
b111101011000010 #
0!
#8045
b1000010001111111 #
1!
#8050
b101111011110000 #
0!
#8055
b1001010001110101 #
1!
#8060
b1100110100011000 #
0!
#8065
b1111111000010111 #
1!
#8070
b10111111101110 #
0!
#8075
b1011101000010001 #
1!
#8080
b110110001100111 #
0!
#8085
b1010000001101 #
1!
#8090
b100011011011000 #
0!
#8095
b111110110101111 #
1!
#8100
b1011100001000010 #
0!
#8105
b111001010101011 #
1!
#8110
b101111101010100 #
0!
#8115
b110001000000110 #
1!
#8120
b1100110111011100 #
0!
#8125
b1000010011000101 #
1!
#8130
b1111010010110001 #
0!
#8135
b1011110100110111 #
1!
#8140
b1000010111001000 #
0!
#8145
b111100100010111 #
1!
#8150
b100010000110010 #
0!
#8155
b1001011000111110 #
1!
#8160
b111101100111011 #
0!
#8165
b11101100001101 #
1!
#8170
b100101001100010 #
0!
#8175
b1011100101000100 #
1!
#8180
b111010011111 #
0!
#8185
b111001101001000 #
1!
#8190
b1100000111001111 #
0!
#8195
b1011010011110010 #
1!
#8200
b101100010100000 #
0!
#8205
b1001001111000001 #
1!
#8210
b10011100110111 #
0!
#8215
b1101000001011001 #
1!
#8220
b11100001110001 #
0!
#8225
b1100000011011111 #
1!
#8230
b1011011010010110 #
0!
#8235
b1110010000011 #
1!
#8240
b100011110000110 #
0!
#8245
b1110110001001100 #
1!
#8250
b110101000010011 #
0!
#8255
b110001001010000 #
1!
#8260
b1110000001101100 #
0!
#8265
b1100000111111001 #
1!
#8270
b100111011 #
0!
#8275
b11000010101110 #
1!
#8280
b10001000001000 #
0!
#8285
b1010101100010010 #
1!
#8290
b1111010010001101 #
0!
#8295
b1101000011000100 #
1!
#8300
b1110100111101101 #
0!
#8305
b1101010001001011 #
1!
#8310
b1000001011000100 #
0!
#8315
b100111100101111 #
1!
#8320
b1100110111111101 #
0!
#8325
b10101001001100 #
1!
#8330
b1010011011100011 #
0!
#8335
b111100011011111 #
1!
#8340
b10111100010101 #
0!
#8345
b101101010101100 #
1!
#8350
b1110101101110 #
0!
#8355
b1101100110110111 #
1!
#8360
b10011111111001 #
0!
#8365
b1100111100110110 #
1!
#8370
b110000011010011 #
0!
#8375
b1011110010000000 #
1!
#8380
b1001010100110011 #
0!
#8385
b1011001011110001 #
1!
#8390
b1010110001110101 #
0!
#8395
b10111101001001 #
1!
#8400
b1000000101010 #
0!
#8405
b1111010110100010 #
1!
#8410
b1111111101010000 #
0!
#8415
b1111101011001011 #
1!
#8420
b1111100100010101 #
0!
#8425
b11111000110111 #
1!
#8430
b1010010111001 #
0!
#8435
b1010111011110011 #
1!
#8440
b110100100011010 #
0!
#8445
b1111111111101100 #
1!
#8450
b110011100011100 #
0!
#8455
b1001010000010010 #
1!
#8460
b11110100111001 #
0!
#8465
b101111110000000 #
1!
#8470
b11001001001010 #
0!
#8475
b1011100111101011 #
1!
#8480
b111001001110 #
0!
#8485
b100101101010000 #
1!
#8490
b111010000111011 #
0!
#8495
b1110100100011101 #
1!
#8500
b11111111011000 #
0!
#8505
b111000010111011 #
1!
#8510
b1110011011001000 #
0!
#8515
b1010111100001011 #
1!
#8520
b1110010011000000 #
0!
#8525
b11101010010111 #
1!
#8530
b100001001110 #
0!
#8535
b101100111011100 #
1!
#8540
b1110000011010110 #
0!
#8545
b1101010000100010 #
1!
#8550
b1001010110010 #
0!
#8555
b1110111110101000 #
1!
#8560
b1100101101000011 #
0!
#8565
b10110100101110 #
1!
#8570
b10111000111 #
0!
#8575
b100001101101010 #
1!
#8580
b110010110 #
0!
#8585
b1110110000000001 #
1!
#8590
b1001011110000100 #
0!
#8595
b1101101111010000 #
1!
#8600
b1001111011000001 #
0!
#8605
b1000001010011001 #
1!
#8610
b100011000000010 #
0!
#8615
b11101111110 #
1!
#8620
b111111010100001 #
0!
#8625
b1100011011000 #
1!
#8630
b101000011000110 #
0!
#8635
b1101001111100100 #
1!
#8640
b100000001011001 #
0!
#8645
b1001101001000100 #
1!
#8650
b1011000000111100 #
0!
#8655
b100100110100 #
1!
#8660
b11111100111010 #
0!
#8665
b1011011111011100 #
1!
#8670
b10001111101111 #
0!
#8675
b11010110010101 #
1!
#8680
b1001001101100000 #
0!
#8685
b1101011110110111 #
1!
#8690
b10000101100111 #
0!
#8695
b1010001100110110 #
1!
#8700
b1101011001110 #
0!
#8705
b10100111011110 #
1!
#8710
b1110101100101100 #
0!
#8715
b110000000111100 #
1!
#8720
b111010100111010 #
0!
#8725
b1001010100101010 #
1!
#8730
b111100011100101 #
0!
#8735
b11100101001011 #
1!
#8740
b1111100000111110 #
0!
#8745
b1100110010001010 #
1!
#8750
b1000101100001001 #
0!
#8755
b1011100010010111 #
1!
#8760
b1100010100100011 #
0!
#8765
b11011001110111 #
1!
#8770
b1001100000011100 #
0!
#8775
b10101100111110 #
1!
#8780
b1011001100010010 #
0!
#8785
b1000001010 #
1!
#8790
b1110000011110101 #
0!
#8795
b1001101111100010 #
1!
#8800
b110001111000101 #
0!
#8805
b1110001101100 #
1!
#8810
b101111011110001 #
0!
#8815
b1101011100101101 #
1!
#8820
b10111010001001 #
0!
#8825
b10110100001111 #
1!
#8830
b1100110010101011 #
0!
#8835
b110100001010100 #
1!
#8840
b11000010111011 #
0!
#8845
b1010001010000000 #
1!
#8850
b1010101100010111 #
0!
#8855
b1001111100101111 #
1!
#8860
b100011010000011 #
0!
#8865
b1010101100101100 #
1!
#8870
b11000001111100 #
0!
#8875
b1000001011111011 #
1!
#8880
b111111110001 #
0!
#8885
b10111011100110 #
1!
#8890
b101111001010001 #
0!
#8895
b1110000001100101 #
1!
#8900
b1110000001010100 #
0!
#8905
b1101101110011100 #
1!
#8910
b1110110001101101 #
0!
#8915
b100011011110011 #
1!
#8920
b1101101011100000 #
0!
#8925
b1101011111100 #
1!
#8930
b101100101111111 #
0!
#8935
b1111111101100000 #
1!
#8940
b1101011101110011 #
0!
#8945
b1110001101010 #
1!
#8950
b1101111001001001 #
0!
#8955
b1010000000101 #
1!
#8960
b111010110101110 #
0!
#8965
b1100110000100101 #
1!
#8970
b111101010011011 #
0!
#8975
b101011111101101 #
1!
#8980
b111000000111 #
0!
#8985
b1101001111101011 #
1!
#8990
b1110100001111111 #
0!
#8995
b100111010011111 #
1!
#9000
b1011111000101110 #
0!
#9005
b1010000011110101 #
1!
#9010
b1010001110001111 #
0!
#9015
b100101001000011 #
1!
#9020
b110001101010111 #
0!
#9025
b101110010100111 #
1!
#9030
b1110100111110000 #
0!
#9035
b101001100110001 #
1!
#9040
b1001011011000001 #
0!
#9045
b1111011011001001 #
1!
#9050
b1011001111101001 #
0!
#9055
b11100110001010 #
1!
#9060
b1011100000011010 #
0!
#9065
b1100110011101 #
1!
#9070
b1011111010001111 #
0!
#9075
b1000001011101000 #
1!
#9080
b1101111100001101 #
0!
#9085
b11000110110111 #
1!
#9090
b1000101101110110 #
0!
#9095
b1000000111001001 #
1!
#9100
b1110101010100010 #
0!
#9105
b110100011011111 #
1!
#9110
b100111011101110 #
0!
#9115
b11111111000111 #
1!
#9120
b111011010101000 #
0!
#9125
b1010110011100010 #
1!
#9130
b11110110110 #
0!
#9135
b1000011100110000 #
1!
#9140
b1101111011110010 #
0!
#9145
b1010101010011110 #
1!
#9150
b111001010100100 #
0!
#9155
b1110010000100100 #
1!
#9160
b11110110001011 #
0!
#9165
b1100110100101111 #
1!
#9170
b110000110110 #
0!
#9175
b1010010011000001 #
1!
#9180
b110111010100110 #
0!
#9185
b11111010000110 #
1!
#9190
b111110001111 #
0!
#9195
b1101010110000011 #
1!
#9200
b1000001111001 #
0!
#9205
b1110111001010011 #
1!
#9210
b111100111000100 #
0!
#9215
b11111001100000 #
1!
#9220
b111111011000110 #
0!
#9225
b1000011110000101 #
1!
#9230
b1000000011 #
0!
#9235
b111000011001111 #
1!
#9240
b1101010100111100 #
0!
#9245
b111010001001100 #
1!
#9250
b10101010000110 #
0!
#9255
b1011010000110111 #
1!
#9260
b1110111101110100 #
0!
#9265
b1110001111101011 #
1!
#9270
b10110111001000 #
0!
#9275
b1011111110111 #
1!
#9280
b110100011000001 #
0!
#9285
b1011110100110000 #
1!
#9290
b10011110101 #
0!
#9295
b110010110001001 #
1!
#9300
b1001110101111100 #
0!
#9305
b1011000111110001 #
1!
#9310
b110111000001011 #
0!
#9315
b10100011101010 #
1!
#9320
b1010101100011100 #
0!
#9325
b10100101100000 #
1!
#9330
b1110010110101110 #
0!
#9335
b1011000011010101 #
1!
#9340
b110101111000000 #
0!
#9345
b101000010010110 #
1!
#9350
b1010011000011010 #
0!
#9355
b11111101100 #
1!
#9360
b111101101100100 #
0!
#9365
b1011000011110 #
1!
#9370
b1010110000110000 #
0!
#9375
b1111011101100111 #
1!
#9380
b11011010001001 #
0!
#9385
b10010011101001 #
1!
#9390
b1011010100010110 #
0!
#9395
b111101011011 #
1!
#9400
b1011101101110001 #
0!
#9405
b1110100001111100 #
1!
#9410
b11101001101100 #
0!
#9415
b1001100001000001 #
1!
#9420
b1110001010111000 #
0!
#9425
b1000110110101000 #
1!
#9430
b111101001110010 #
0!
#9435
b1010000011000000 #
1!
#9440
b100101101111110 #
0!
#9445
b1111110010110011 #
1!
#9450
b111000101000000 #
0!
#9455
b1111010001100100 #
1!
#9460
b100110011010010 #
0!
#9465
b1110011101000001 #
1!
#9470
b1101100101011101 #
0!
#9475
b1111101001111 #
1!
#9480
b100110100101 #
0!
#9485
b1011010111010011 #
1!
#9490
b10111111001111 #
0!
#9495
b110110001111111 #
1!
#9500
b101011111101111 #
0!
#9505
b1001010000111011 #
1!
#9510
b1010110100001000 #
0!
#9515
b1110100111000011 #
1!
#9520
b1101010101000010 #
0!
#9525
b110111111011000 #
1!
#9530
b101000110110011 #
0!
#9535
b101111111110111 #
1!
#9540
b1101111010001011 #
0!
#9545
b1111010111110100 #
1!
#9550
b1101100111010000 #
0!
#9555
b101101110010111 #
1!
#9560
b1001000000101100 #
0!
#9565
b1000110000011100 #
1!
#9570
b1011110000011011 #
0!
#9575
b10101101010010 #
1!
#9580
b1100011100110100 #
0!
#9585
b110011111000110 #
1!
#9590
b11101101000000 #
0!
#9595
b1101101110100000 #
1!
#9600
b1110111011011 #
0!
#9605
b110110000100111 #
1!
#9610
b100111110111011 #
0!
#9615
b11010000000100 #
1!
#9620
b1110110100011000 #
0!
#9625
b100110010000111 #
1!
#9630
b1011001011111100 #
0!
#9635
b1100010000001011 #
1!
#9640
b101011001100001 #
0!
#9645
b111000011101011 #
1!
#9650
b1110011110101000 #
0!
#9655
b1101011110011001 #
1!
#9660
b11001001110110 #
0!
#9665
b11001110100 #
1!
#9670
b10010010001000 #
0!
#9675
b111100110110100 #
1!
#9680
b1111101001100 #
0!
#9685
b1111100001001011 #
1!
#9690
b110011100001101 #
0!
#9695
b111010000111111 #
1!
#9700
b111011011101011 #
0!
#9705
b1111001101101001 #
1!
#9710
b110101111101100 #
0!
#9715
b101100011100110 #
1!
#9720
b101011001100101 #
0!
#9725
b110000100011001 #
1!
#9730
b1010110111000001 #
0!
#9735
b110111010110010 #
1!
#9740
b1001101110100100 #
0!
#9745
b111000110001110 #
1!
#9750
b110100100111100 #
0!
#9755
b1100010101110010 #
1!
#9760
b1101111001001110 #
0!
#9765
b111101100001 #
1!
#9770
b1001101111000001 #
0!
#9775
b10001110000110 #
1!
#9780
b111110101101001 #
0!
#9785
b1110001001010010 #
1!
#9790
b1111111100000010 #
0!
#9795
b1100000101011 #
1!
#9800
b1001010100000010 #
0!
#9805
b101110100100000 #
1!
#9810
b111110000100 #
0!
#9815
b1111001111010110 #
1!
#9820
b1111111010001110 #
0!
#9825
b1010100111010100 #
1!
#9830
b101110000010 #
0!
#9835
b1011101111000011 #
1!
#9840
b101100000110011 #
0!
#9845
b1011000101010111 #
1!
#9850
b1110101100110011 #
0!
#9855
b11110101001000 #
1!
#9860
b1111111011000011 #
0!
#9865
b10000010100100 #
1!
#9870
b110111011100000 #
0!
#9875
b11100000010 #
1!
#9880
b110110001010 #
0!
#9885
b110011101111011 #
1!
#9890
b111011000010 #
0!
#9895
b110001101111101 #
1!
#9900
b101111011000000 #
0!
#9905
b1010101111100010 #
1!
#9910
b100000101011 #
0!
#9915
b101110001100101 #
1!
#9920
b1001000011000100 #
0!
#9925
b1101111101001100 #
1!
#9930
b101100011100011 #
0!
#9935
b1100001011011101 #
1!
#9940
b1111110111011010 #
0!
#9945
b1010101111001001 #
1!
#9950
b1011100101000000 #
0!
#9955
b1111100010111 #
1!
#9960
b1100001110110100 #
0!
#9965
b111101100000110 #
1!
#9970
b1010100011100001 #
0!
#9975
b1011111010111110 #
1!
#9980
b1011101101101001 #
0!
#9985
b111101010001010 #
1!
#9990
b110000110010100 #
0!
#9995
b1010110101001101 #
1!
#10000
b1000001000100000 #
0!
#10005
b1001100111110011 #
1!
#10010
b1110000101010100 #
0!
#10015
b1011010011110000 #
1!
#10020
b111011000100000 #
0!
#10025
b111111110010110 #
1!
#10030
b1110000111011010 #
0!
#10035
b110010111111110 #
1!
#10040
b1011001110000001 #
0!
#10045
b1001101101011111 #
1!
#10050
b1101111110111010 #
0!
#10055
b11010101010 #
1!
#10060
b1001100110110 #
0!
#10065
b1011100111011 #
1!
#10070
b1011010000111 #
0!
#10075
b1010011000000011 #
1!
#10080
b11001010100001 #
0!
#10085
b1101111111101101 #
1!
#10090
b1000010011101101 #
0!
#10095
b1001011010101 #
1!
#10100
b110110101110110 #
0!
#10105
b1010000010101010 #
1!
#10110
b1110010100111111 #
0!
#10115
b1101010010001110 #
1!
#10120
b1110000100011001 #
0!
#10125
b1100011101000111 #
1!
#10130
b1011000001111001 #
0!
#10135
b11100110110011 #
1!
#10140
b110011000110010 #
0!
#10145
b111110001011011 #
1!
#10150
b10100100010111 #
0!
#10155
b100110100000111 #
1!
#10160
b1001110010110101 #
0!
#10165
b1011000000110000 #
1!
#10170
b100010011010111 #
0!
#10175
b1101110111110000 #
1!
#10180
b1101111000001100 #
0!
#10185
b110011001100 #
1!
#10190
b1100001110111111 #
0!
#10195
b111000001000101 #
1!
#10200
b100100010101011 #
0!
#10205
b1111111011111100 #
1!
#10210
b10000001111110 #
0!
#10215
b101100100000111 #
1!
#10220
b1011011110101010 #
0!
#10225
b1011000110101010 #
1!
#10230
b1001011110000101 #
0!
#10235
b1010000100101100 #
1!
#10240
b1100010011000010 #
0!
#10245
b111001100000 #
1!
#10250
b10000111100000 #
0!
#10255
b1000100010001 #
1!
#10260
b1100110001000010 #
0!
#10265
b1100011101001110 #
1!
#10270
b111111001000001 #
0!
#10275
b11101010100110 #
1!
#10280
b1110111001001101 #
0!
#10285
b100001010100100 #
1!
#10290
b10101000111100 #
0!
#10295
b110010111110000 #
1!
#10300
b1000001010 #
0!
#10305
b1010111010100011 #
1!
#10310
b101111100011010 #
0!
#10315
b1001111011111101 #
1!
#10320
b1010011100001001 #
0!
#10325
b1111100100110110 #
1!
#10330
b1101101011001 #
0!
#10335
b1011001111010111 #
1!
#10340
b11011010000111 #
0!
#10345
b1100110101101001 #
1!
#10350
b1011100101100 #
0!
#10355
b10111010011001 #
1!
#10360
b1100111111011101 #
0!
#10365
b1001001010100000 #
1!
#10370
b1101000000011010 #
0!
#10375
b101110100111000 #
1!
#10380
b100101010111100 #
0!
#10385
b111101011011001 #
1!
#10390
b1000010100001111 #
0!
#10395
b100100000011001 #
1!
#10400
b100010101111101 #
0!
#10405
b110111011011001 #
1!
#10410
b10111111110110 #
0!
#10415
b1100000000001101 #
1!
#10420
b1110100111010 #
0!
#10425
b1110010100011 #
1!
#10430
b1000101101000000 #
0!
#10435
b100111111001101 #
1!
#10440
b1110101011100010 #
0!
#10445
b1110111111111000 #
1!
#10450
b1001101010010 #
0!
#10455
b100000010000101 #
1!
#10460
b1000111000001011 #
0!
#10465
b1001001011000 #
1!
#10470
b11101100101 #
0!
#10475
b1010000010010100 #
1!
#10480
b1010000110101101 #
0!
#10485
b111000101000101 #
1!
#10490
b101111010110001 #
0!
#10495
b11101100001101 #
1!
#10500
b111111010001000 #
0!
#10505
b1011101100101000 #
1!
#10510
b1101100001111000 #
0!
#10515
b1001110000010101 #
1!
#10520
b100010001101000 #
0!
#10525
b101011010110001 #
1!
#10530
b1111000011010010 #
0!
#10535
b1000110111100 #
1!
#10540
b1100111100000001 #
0!
#10545
b111010000001000 #
1!
#10550
b1110001111001001 #
0!
#10555
b1010001001011010 #
1!
#10560
b1011011010011110 #
0!
#10565
b10100101 #
1!
#10570
b1010101110100100 #
0!
#10575
b10000100011101 #
1!
#10580
b101110001010000 #
0!
#10585
b1010001000110000 #
1!
#10590
b10011101011 #
0!
#10595
b1010011001011 #
1!
#10600
b1101100011100011 #
0!
#10605
b1100101000110101 #
1!
#10610
b110110000011100 #
0!
#10615
b1100101001011101 #
1!
#10620
b101101000111 #
0!
#10625
b1010010000000111 #
1!
#10630
b1110001110110 #
0!
#10635
b101000010001010 #
1!
#10640
b1000101010101100 #
0!
#10645
b1101110110110 #
1!
#10650
b1010011101110 #
0!
#10655
b111001011010010 #
1!
#10660
b1011011111111111 #
0!
#10665
b1101100001011100 #
1!
#10670
b110110101110 #
0!
#10675
b1011100000101100 #
1!
#10680
b1010101000010000 #
0!
#10685
b100101110101101 #
1!
#10690
b1000001000100100 #
0!
#10695
b111001011101000 #
1!
#10700
b100001100000111 #
0!
#10705
b1001111000010000 #
1!
#10710
b1011001100001111 #
0!
#10715
b1010110011011000 #
1!
#10720
b1100101101010 #
0!
#10725
b1100000000100111 #
1!
#10730
b1001100110010010 #
0!
#10735
b10111001101100 #
1!
#10740
b1000110001110010 #
0!
#10745
b101100000010110 #
1!
#10750
b1110111110101111 #
0!
#10755
b1000101010111110 #
1!
#10760
b1011011011010011 #
0!
#10765
b1101100001100110 #
1!
#10770
b11010000110010 #
0!
#10775
b11000111001 #
1!
#10780
b111011011001000 #
0!
#10785
b110011111010110 #
1!
#10790
b1010010110000101 #
0!
#10795
b1011001011110001 #
1!
#10800
b110010110000101 #
0!
#10805
b1111001011111000 #
1!
#10810
b11100001010110 #
0!
#10815
b101100100111101 #
1!
#10820
b1101111111010101 #
0!
#10825
b10011111110001 #
1!
#10830
b1010111010010110 #
0!
#10835
b1000011010101001 #
1!
#10840
b100010111 #
0!
#10845
b111000000101011 #
1!
#10850
b1000001011000011 #
0!
#10855
b1000011011101010 #
1!
#10860
b1010011101010100 #
0!
#10865
b1111101101100100 #
1!
#10870
b1111000011110100 #
0!
#10875
b110010111010101 #
1!
#10880
b110101010011111 #
0!
#10885
b1011000011011011 #
1!
#10890
b1111010010100100 #
0!
#10895
b1110111011111111 #
1!
#10900
b1010110110000011 #
0!
#10905
b100000100001010 #
1!
#10910
b100101110101010 #
0!
#10915
b1010111100011100 #
1!
#10920
b1000010110101110 #
0!
#10925
b1010110101100 #
1!
#10930
b110111001100101 #
0!
#10935
b1111001010110010 #
1!
#10940
b1101001110010000 #
0!
#10945
b101100110000000 #
1!
#10950
b1001101010000010 #
0!
#10955
b1100010100111000 #
1!
#10960
b10111100110010 #
0!
#10965
b1111101010010100 #
1!
#10970
b1100110101101000 #
0!
#10975
b1111000100111110 #
1!
#10980
b1111011111101000 #
0!
#10985
b1010010101101000 #
1!
#10990
b1100001010101100 #
0!
#10995
b10110101101 #
1!
#11000
b100011000110010 #
0!
#11005
b1100010011011000 #
1!
#11010
b1111010010011100 #
0!
#11015
b100101111001000 #
1!
#11020
b1111101001100110 #
0!
#11025
b1000010000001011 #
1!
#11030
b1010000001000011 #
0!
#11035
b1100111011101000 #
1!
#11040
b1010110001110000 #
0!
#11045
b1101000101010111 #
1!
#11050
b1100001111110011 #
0!
#11055
b101111010110000 #
1!
#11060
b1011110001011111 #
0!
#11065
b101011001011100 #
1!
#11070
b1010010111000 #
0!
#11075
b1000010110110110 #
1!
#11080
b100001011100110 #
0!
#11085
b1000000101000001 #
1!
#11090
b1011010111101 #
0!
#11095
b1000111000111100 #
1!
#11100
b1111010011001 #
0!
#11105
b111101001011101 #
1!
#11110
b10101 #
0!
#11115
b1000010000100011 #
1!
#11120
b1110100000100011 #
0!
#11125
b11001100101010 #
1!
#11130
b1101001011011010 #
0!
#11135
b11100010011100 #
1!
#11140
b1111111100010010 #
0!
#11145
b101001011011111 #
1!
#11150
b100010100100110 #
0!
#11155
b11000110110101 #
1!
#11160
b111110010010001 #
0!
#11165
b100100001111011 #
1!
#11170
b1101010011010011 #
0!
#11175
b1011110101011111 #
1!
#11180
b11110010110010 #
0!
#11185
b11111110101000 #
1!
#11190
b1011111010000000 #
0!
#11195
b1110100100000010 #
1!
#11200
b1101111010001100 #
0!
#11205
b10000101000110 #
1!
#11210
b1111111011010011 #
0!
#11215
b111111000110100 #
1!
#11220
b1011110011011011 #
0!
#11225
b1001110111110100 #
1!
#11230
b101000001101001 #
0!
#11235
b101010110000 #
1!
#11240
b1111000001100101 #
0!
#11245
b1110001111001 #
1!
#11250
b10111001111010 #
0!
#11255
b1101100100011110 #
1!
#11260
b101100011010101 #
0!
#11265
b1100111101011000 #
1!
#11270
b1101100110011011 #
0!
#11275
b1111011111001111 #
1!
#11280
b1001001001000010 #
0!
#11285
b1001101001110010 #
1!
#11290
b100011110011010 #
0!
#11295
b10111111111000 #
1!
#11300
b1111011100100010 #
0!
#11305
b11001100000111 #
1!
#11310
b11100011110000 #
0!
#11315
b111110010010 #
1!
#11320
b1010001111011010 #
0!
#11325
b1111110111110010 #
1!
#11330
b10011111000101 #
0!
#11335
b1110000101100101 #
1!
#11340
b111000010101000 #
0!
#11345
b10100101110011 #
1!
#11350
b100111111100110 #
0!
#11355
b1011000001101100 #
1!
#11360
b10110 #
0!
#11365
b1010001101101100 #
1!
#11370
b1010110011001101 #
0!
#11375
b100110100010110 #
1!
#11380
b1010110111000001 #
0!
#11385
b1001001010000 #
1!
#11390
b1111101000000111 #
0!
#11395
b11111010001010 #
1!
#11400
b1000111010010000 #
0!
#11405
b1110100010111101 #
1!
#11410
b1011100000010110 #
0!
#11415
b1101010101111011 #
1!
#11420
b1000010100101110 #
0!
#11425
b101000011111000 #
1!
#11430
b1111100101110 #
0!
#11435
b1100110101111 #
1!
#11440
b10110011101111 #
0!
#11445
b11010100111101 #
1!
#11450
b10110011001110 #
0!
#11455
b1101011011001001 #
1!
#11460
b1101111011100000 #
0!
#11465
b100000100101101 #
1!
#11470
b1001101010110010 #
0!
#11475
b1001110001101111 #
1!
#11480
b1011100000101101 #
0!
#11485
b1110000000110011 #
1!
#11490
b1110011100000110 #
0!
#11495
b1011010101100111 #
1!
#11500
b1001010010101100 #
0!
#11505
b100001000111110 #
1!
#11510
b100110101101001 #
0!
#11515
b10101011000110 #
1!
#11520
b1001110101101 #
0!
#11525
b101001110100101 #
1!
#11530
b1100100110100100 #
0!
#11535
b1100110110111010 #
1!
#11540
b1000110011010110 #
0!
#11545
b1011100010001000 #
1!
#11550
b1011010010011 #
0!
#11555
b10010000011011 #
1!
#11560
b1110001000000 #
0!
#11565
b1110011110001111 #
1!
#11570
b1011000101000000 #
0!
#11575
b1000000101001101 #
1!
#11580
b1010000010000101 #
0!
#11585
b1101011000 #
1!
#11590
b1101011110011100 #
0!
#11595
b1110100010010010 #
1!
#11600
b1011010100000100 #
0!
#11605
b1111110101110010 #
1!
#11610
b1000000111010111 #
0!
#11615
b10111101011111 #
1!
#11620
b1011011000001100 #
0!
#11625
b111111100110011 #
1!
#11630
b110110011000111 #
0!
#11635
b1101100111001111 #
1!
#11640
b1011110000100000 #
0!
#11645
b1111011001001100 #
1!
#11650
b1100101100011 #
0!
#11655
b11011011001101 #
1!
#11660
b1010100100011100 #
0!
#11665
b1000111001110010 #
1!
#11670
b1011110010110100 #
0!
#11675
b101010100001010 #
1!
#11680
b1010101100100 #
0!
#11685
b11001011100110 #
1!
#11690
b101010101010011 #
0!
#11695
b1111110101011100 #
1!
#11700
b101110011010110 #
0!
#11705
b1001000001001010 #
1!
#11710
b1010000011000111 #
0!
#11715
b1011101010010001 #
1!
#11720
b1001101011001001 #
0!
#11725
b1001010001001 #
1!
#11730
b1101011100001 #
0!
#11735
b1101101001100101 #
1!
#11740
b1010110110110101 #
0!
#11745
b1110010000101111 #
1!
#11750
b1111110001101101 #
0!
#11755
b110101010011011 #
1!
#11760
b10111011010001 #
0!
#11765
b1111010000010010 #
1!
#11770
b100011001001001 #
0!
#11775
b11010011100001 #
1!
#11780
b111110101011101 #
0!
#11785
b1110110110010100 #
1!
#11790
b1011000101000110 #
0!
#11795
b1100011110001100 #
1!
#11800
b1011001011000010 #
0!
#11805
b11101101100100 #
1!
#11810
b1011100011100000 #
0!
#11815
b110101011010010 #
1!
#11820
b1010110001010000 #
0!
#11825
b100000001111 #
1!
#11830
b1001101000101011 #
0!
#11835
b10110110001000 #
1!
#11840
b11011001001 #
0!
#11845
b100001100111011 #
1!
#11850
b101001000001011 #
0!
#11855
b1101101000001110 #
1!
#11860
b1101101110101 #
0!
#11865
b1001011111011111 #
1!
#11870
b1001110100010100 #
0!
#11875
b1111111101110010 #
1!
#11880
b100111110110 #
0!
#11885
b110111101011110 #
1!
#11890
b1111001100011001 #
0!
#11895
b1110011001101101 #
1!
#11900
b1010100110001111 #
0!
#11905
b1111011011001010 #
1!
#11910
b1001010111100000 #
0!
#11915
b1001110101001000 #
1!
#11920
b1001100000011111 #
0!
#11925
b1110100110101 #
1!
#11930
b111101111110011 #
0!
#11935
b1110110101001111 #
1!
#11940
b11010010000100 #
0!
#11945
b1000101101100100 #
1!
#11950
b110001111111100 #
0!
#11955
b110010111011010 #
1!
#11960
b1001100110011010 #
0!
#11965
b1010111010111001 #
1!
#11970
b1100100010111001 #
0!
#11975
b100111010001101 #
1!
#11980
b1010000010010100 #
0!
#11985
b1011001010110000 #
1!
#11990
b1110100011101001 #
0!
#11995
b1011011111101001 #
1!
#12000
b1110100011100000 #
0!
#12005
b1000001111001000 #
1!
#12010
b1011111000111001 #
0!
#12015
b110101010111110 #
1!
#12020
b1100101101011111 #
0!
#12025
b1100110000100101 #
1!
#12030
b11110100100 #
0!
#12035
b1111010010011111 #
1!
#12040
b110011000001010 #
0!
#12045
b1111101111011000 #
1!
#12050
b11110101000001 #
0!
#12055
b1010001011100110 #
1!
#12060
b1001010011011110 #
0!
#12065
b11101000001101 #
1!
#12070
b1001101011101101 #
0!
#12075
b111111101101101 #
1!
#12080
b1111001000110000 #
0!
#12085
b111010000001011 #
1!
#12090
b1111011011011 #
0!
#12095
b101010110000001 #
1!
#12100
b1101110000101010 #
0!
#12105
b101101001001101 #
1!
#12110
b1000011001101110 #
0!
#12115
b1011000101000011 #
1!
#12120
b110111010101000 #
0!
#12125
b101001110100000 #
1!
#12130
b100101101100011 #
0!
#12135
b1110000011101011 #
1!
#12140
b1000010000101110 #
0!
#12145
b1000110110000101 #
1!
#12150
b1010100011000001 #
0!
#12155
b1111000100101101 #
1!
#12160
b1011101000101000 #
0!
#12165
b1111001011001001 #
1!
#12170
b1001110001111100 #
0!
#12175
b1010101100101110 #
1!
#12180
b110101000111000 #
0!
#12185
b11001010010011 #
1!
#12190
b1110000001011000 #
0!
#12195
b1001101001001101 #
1!
#12200
b1011010110111111 #
0!
#12205
b1011011111011001 #
1!
#12210
b1111010111101001 #
0!
#12215
b110100101011 #
1!
#12220
b111000001100011 #
0!
#12225
b1010110001110110 #
1!
#12230
b1001101000011 #
0!
#12235
b111100110110 #
1!
#12240
b11110110111011 #
0!
#12245
b1111111011011100 #
1!
#12250
b11010101000001 #
0!
#12255
b110101100100111 #
1!
#12260
b111010111101100 #
0!
#12265
b101100010010100 #
1!
#12270
b1100111011010 #
0!
#12275
b1010111010101001 #
1!
#12280
b11010001100010 #
0!
#12285
b10011110001001 #
1!
#12290
b11101010001011 #
0!
#12295
b10010010110011 #
1!
#12300
b101100101011101 #
0!
#12305
b1001011101011000 #
1!
#12310
b1101011000111111 #
0!
#12315
b1101101110101101 #
1!
#12320
b111110010010100 #
0!
#12325
b1001010110010010 #
1!
#12330
b1110100110110010 #
0!
#12335
b1001100111111011 #
1!
#12340
b1111101010011011 #
0!
#12345
b1100100100111001 #
1!
#12350
b10110011001001 #
0!
#12355
b1110111100001010 #
1!
#12360
b1111001001001001 #
0!
#12365
b1010001101011011 #
1!
#12370
b1110011011001 #
0!
#12375
b10100001101101 #
1!
#12380
b11110011011001 #
0!
#12385
b100111000011011 #
1!
#12390
b1111100101001010 #
0!
#12395
b101000000101001 #
1!
#12400
b111011011110011 #
0!
#12405
b1011011100001001 #
1!
#12410
b1011100110011010 #
0!
#12415
b11001011001000 #
1!
#12420
b1111110001100101 #
0!
#12425
b1000011100010011 #
1!
#12430
b1110100110101 #
0!
#12435
b101110101001000 #
1!
#12440
b1110101110110111 #
0!
#12445
b10110111111001 #
1!
#12450
b1001110100010101 #
0!
#12455
b1100010000010 #
1!
#12460
b1110001010110 #
0!
#12465
b1101000010001010 #
1!
#12470
b111011010100110 #
0!
#12475
b111001100011001 #
1!
#12480
b10111110010001 #
0!
#12485
b110010010010000 #
1!
#12490
b1010011011101010 #
0!
#12495
b11100010011000 #
1!
#12500
b111101000011100 #
0!
#12505
b1001000010111110 #
1!
#12510
b1110011001001001 #
0!
#12515
b1111010110111111 #
1!
#12520
b10000101010011 #
0!
#12525
b1100000001110000 #
1!
#12530
b1011011100010011 #
0!
#12535
b1111010110110110 #
1!
#12540
b1111100011110001 #
0!
#12545
b10000010101000 #
1!
#12550
b100111000100001 #
0!
#12555
b100001100100010 #
1!
#12560
b1010000101111111 #
0!
#12565
b1001111100001001 #
1!
#12570
b1010111010010101 #
0!
#12575
b1010101111000011 #
1!
#12580
b111010100100011 #
0!
#12585
b1110010100111101 #
1!
#12590
b1000111100101101 #
0!
#12595
b1011101010110010 #
1!
#12600
b1001000000001101 #
0!
#12605
b110000010001110 #
1!
#12610
b110110100011101 #
0!
#12615
b1011110011001101 #
1!
#12620
b1101000101000111 #
0!
#12625
b11110100010011 #
1!
#12630
b1000010111110010 #
0!
#12635
b1011110001111100 #
1!
#12640
b1101000000000101 #
0!
#12645
b110010101000111 #
1!
#12650
b1101001101110001 #
0!
#12655
b1000100101010000 #
1!
#12660
b1110101101001001 #
0!
#12665
b1000011001100000 #
1!
#12670
b1001111100010 #
0!
#12675
b1010101110101000 #
1!
#12680
b11111011111110 #
0!
#12685
b110101000011 #
1!
#12690
b1011111011001110 #
0!
#12695
b110111111100111 #
1!
#12700
b1010010101010101 #
0!
#12705
b10001101100010 #
1!
#12710
b1011110011111 #
0!
#12715
b1110001001010101 #
1!
#12720
b1011101010000010 #
0!
#12725
b1011011001101101 #
1!
#12730
b1001100011001 #
0!
#12735
b1101001001010001 #
1!
#12740
b1101110010101110 #
0!
#12745
b111001100011110 #
1!
#12750
b111000000100111 #
0!
#12755
b1100011011010001 #
1!
#12760
b10011101000101 #
0!
#12765
b1100010011111111 #
1!
#12770
b1010111111110111 #
0!
#12775
b111111100010 #
1!
#12780
b111010001010111 #
0!
#12785
b1101011010000101 #
1!
#12790
b10011010111 #
0!
#12795
b1011011000110100 #
1!
#12800
b110001001001100 #
0!
#12805
b1001010001010011 #
1!
#12810
b110111011001001 #
0!
#12815
b1000011101001000 #
1!
#12820
b100101110100011 #
0!
#12825
b1010110111111000 #
1!
#12830
b1010110001010100 #
0!
#12835
b1000001011110 #
1!
#12840
b100110111101000 #
0!
#12845
b1000100000010110 #
1!
#12850
b11100101111011 #
0!
#12855
b1001101110111010 #
1!
#12860
b100000010101000 #
0!
#12865
b101010100100111 #
1!
#12870
b100110001010100 #
0!
#12875
b11010101010001 #
1!
#12880
b1100010010010011 #
0!
#12885
b1111111111011110 #
1!
#12890
b1110100001000011 #
0!
#12895
b1010100110000010 #
1!
#12900
b11010010000111 #
0!
#12905
b11001101011001 #
1!
#12910
b1100010001000000 #
0!
#12915
b1000010111101001 #
1!
#12920
b1010110110110101 #
0!
#12925
b101100100011010 #
1!
#12930
b101111000110001 #
0!
#12935
b1001111100111 #
1!
#12940
b100110100010 #
0!
#12945
b1010000000001010 #
1!
#12950
b1111001010111111 #
0!
#12955
b101111111111011 #
1!
#12960
b1110001000111100 #
0!
#12965
b1111010101100111 #
1!
#12970
b111110010101011 #
0!
#12975
b11011001111011 #
1!
#12980
b1001101110101000 #
0!
#12985
b1111110100 #
1!
#12990
b1011100000011010 #
0!
#12995
b10010111001111 #
1!
#13000
b100100100100001 #
0!
#13005
b11010101000010 #
1!
#13010
b10000111000011 #
0!
#13015
b111011111000001 #
1!
#13020
b1100110110000010 #
0!
#13025
b1011100001101100 #
1!
#13030
b1111010110001000 #
0!
#13035
b11011011111000 #
1!
#13040
b1011111111000100 #
0!
#13045
b111011100011010 #
1!
#13050
b10110101101010 #
0!
#13055
b11000100111100 #
1!
#13060
b111110100100101 #
0!
#13065
b10000100101000 #
1!
#13070
b1000011101001111 #
0!
#13075
b1111001010010011 #
1!
#13080
b10001000101011 #
0!
#13085
b1110011000101 #
1!
#13090
b111111110001110 #
0!
#13095
b1100011011011010 #
1!
#13100
b1000110101000000 #
0!
#13105
b1001101001100011 #
1!
#13110
b101000111001110 #
0!
#13115
b1011100011100010 #
1!
#13120
b101010100100001 #
0!
#13125
b1000011101010010 #
1!
#13130
b1111100100001011 #
0!
#13135
b1001011110111100 #
1!
#13140
b1101101011001100 #
0!
#13145
b1000100101011100 #
1!
#13150
b11001101100101 #
0!
#13155
b1110101001000000 #
1!
#13160
b11011000110110 #
0!
#13165
b1000100111011 #
1!
#13170
b111101110000101 #
0!
#13175
b1100101 #
1!
#13180
b100100001110111 #
0!
#13185
b100101100111110 #
1!
#13190
b101100111001 #
0!
#13195
b1110011110001000 #
1!
#13200
b1010100110011110 #
0!
#13205
b10000011111011 #
1!
#13210
b1110001000011101 #
0!
#13215
b110100001000000 #
1!
#13220
b1011010111111001 #
0!
#13225
b11111001100000 #
1!
#13230
b1011101011011111 #
0!
#13235
b111111000100 #
1!
#13240
b1000100111101111 #
0!
#13245
b1000111111110 #
1!
#13250
b1000100001100 #
0!
#13255
b10100010010000 #
1!
#13260
b100111110 #
0!
#13265
b1100010111101000 #
1!
#13270
b10000011011111 #
0!
#13275
b1100001101010000 #
1!
#13280
b1011011111000000 #
0!
#13285
b100011111110101 #
1!
#13290
b1110011000010011 #
0!
#13295
b1010010010111000 #
1!
#13300
b101101111001 #
0!
#13305
b11111111001110 #
1!
#13310
b1110000011101 #
0!
#13315
b110000001010010 #
1!
#13320
b1010100101001 #
0!
#13325
b1111010001010 #
1!
#13330
b100001111011011 #
0!
#13335
b11110111101000 #
1!
#13340
b1011010000001111 #
0!
#13345
b110101000010 #
1!
#13350
b1001001000100000 #
0!
#13355
b100100010010110 #
1!
#13360
b1000001100100010 #
0!
#13365
b1111100101110001 #
1!
#13370
b11000100011 #
0!
#13375
b100111000100101 #
1!
#13380
b1101110101101001 #
0!
#13385
b1000110101101011 #
1!
#13390
b101110000111000 #
0!
#13395
b1101110011000101 #
1!
#13400
b1101111011000000 #
0!
#13405
b11011011011100 #
1!
#13410
b1000011011101 #
0!
#13415
b11110010110111 #
1!
#13420
b110010110100010 #
0!
#13425
b10000010001011 #
1!
#13430
b101111110000111 #
0!
#13435
b111101100001000 #
1!
#13440
b100001010110 #
0!
#13445
b11011001001111 #
1!
#13450
b100001000100101 #
0!
#13455
b110010111110010 #
1!
#13460
b10101100010101 #
0!
#13465
b10011110000011 #
1!
#13470
b111100111100101 #
0!
#13475
b1000010011111011 #
1!
#13480
b1110001001110101 #
0!
#13485
b101101111010010 #
1!
#13490
b111110100010100 #
0!
#13495
b10100001100100 #
1!
#13500
b1000011001110 #
0!
#13505
b1111111110110110 #
1!
#13510
b1000100110101011 #
0!
#13515
b101101100001101 #
1!
#13520
b100110011001000 #
0!
#13525
b110000011 #
1!
#13530
b1001101101111000 #
0!
#13535
b1110011101011011 #
1!
#13540
b1111010011010111 #
0!
#13545
b101101001100 #
1!
#13550
b111000001010110 #
0!
#13555
b101101100111001 #
1!
#13560
b10010011010100 #
0!
#13565
b1000101110001100 #
1!
#13570
b1000001001110000 #
0!
#13575
b11010101 #
1!
#13580
b1011100001101010 #
0!
#13585
b1010101111010101 #
1!
#13590
b111000010000 #
0!
#13595
b1110010100100001 #
1!
#13600
b100101010011001 #
0!
#13605
b101011001110010 #
1!
#13610
b1000111011100 #
0!
#13615
b1101010011000110 #
1!
#13620
b11101111111011 #
0!
#13625
b11110101001000 #
1!
#13630
b100001000010110 #
0!
#13635
b101101110001001 #
1!
#13640
b1010000100001101 #
0!
#13645
b1100011111001100 #
1!
#13650
b10010010111001 #
0!
#13655
b1100010111001011 #
1!
#13660
b101110100101100 #
0!
#13665
b10000101101111 #
1!
#13670
b1110111000000010 #
0!
#13675
b1101100110100 #
1!
#13680
b11010000010 #
0!
#13685
b11100101010010 #
1!
#13690
b1010000001010101 #
0!
#13695
b10111100101010 #
1!
#13700
b1111110010011010 #
0!
#13705
b1011100110100000 #
1!
#13710
b1111001111101110 #
0!
#13715
b1000011100011011 #
1!
#13720
b101101011011011 #
0!
#13725
b111001010101 #
1!
#13730
b110001001101000 #
0!
#13735
b111001001000111 #
1!
#13740
b1111101110001011 #
0!
#13745
b110010011100111 #
1!
#13750
b10110101111101 #
0!
#13755
b1111111000001101 #
1!
#13760
b111110110110100 #
0!
#13765
b1010011110001011 #
1!
#13770
b100110000001010 #
0!
#13775
b1111010101101000 #
1!
#13780
b11101101111111 #
0!
#13785
b1000001010000110 #
1!
#13790
b111111111000010 #
0!
#13795
b1110000110100100 #
1!
#13800
b100111001011101 #
0!
#13805
b110001101001011 #
1!
#13810
b11110110001011 #
0!
#13815
b111111100110 #
1!
#13820
b1001011110011100 #
0!
#13825
b111010011011001 #
1!
#13830
b1100011000000101 #
0!
#13835
b1000110010100110 #
1!
#13840
b1011000110111000 #
0!
#13845
b1010000000010111 #
1!
#13850
b1010100100111 #
0!
#13855
b10010110110001 #
1!
#13860
b1111010000000010 #
0!
#13865
b1001100010011000 #
1!
#13870
b1110011101101111 #
0!
#13875
b110010010111110 #
1!
#13880
b1000000111111011 #
0!
#13885
b1100001110010101 #
1!
#13890
b1011010010100010 #
0!
#13895
b1001011001000011 #
1!
#13900
b10111011110101 #
0!
#13905
b100111001111010 #
1!
#13910
b1011110110001011 #
0!
#13915
b1100011110010011 #
1!
#13920
b1001111001001101 #
0!
#13925
b10100111011111 #
1!
#13930
b1111101110111010 #
0!
#13935
b1100001011100011 #
1!
#13940
b10101111101101 #
0!
#13945
b1111100100111011 #
1!
#13950
b10100110110001 #
0!
#13955
b1010101001001 #
1!
#13960
b1110110001000110 #
0!
#13965
b10111100111001 #
1!
#13970
b1100011110000010 #
0!
#13975
b101001010110 #
1!
#13980
b1100001010001000 #
0!
#13985
b1111011111111010 #
1!
#13990
b110101001011 #
0!
#13995
b1010111001011001 #
1!
#14000
b100101101001011 #
0!
#14005
b11101000100001 #
1!
#14010
b1111101010010101 #
0!
#14015
b1100110111101000 #
1!
#14020
b1101110101010111 #
0!
#14025
b1010011100000000 #
1!
#14030
b100100011111101 #
0!
#14035
b1111001011001011 #
1!
#14040
b1001011111010100 #
0!
#14045
b1010011111000010 #
1!
#14050
b111010000110010 #
0!
#14055
b110101111010110 #
1!
#14060
b101001010001100 #
0!
#14065
b110100011100001 #
1!
#14070
b1011101010101101 #
0!
#14075
b100000011010101 #
1!
#14080
b1011000010000001 #
0!
#14085
b1101100011001001 #
1!
#14090
b1011000101110 #
0!
#14095
b100001100011010 #
1!
#14100
b101010001001 #
0!
#14105
b1001111111111111 #
1!
#14110
b100010001100110 #
0!
#14115
b1111101011010000 #
1!
#14120
b111101100100100 #
0!
#14125
b10110010011001 #
1!
#14130
b1011111111001110 #
0!
#14135
b1011011010010110 #
1!
#14140
b1101111001010010 #
0!
#14145
b1010100001110000 #
1!
#14150
b1100010000100011 #
0!
#14155
b111111010011000 #
1!
#14160
b1101001110010110 #
0!
#14165
b1011011000 #
1!
#14170
b100111101111101 #
0!
#14175
b10010110011111 #
1!
#14180
b1011010111011001 #
0!
#14185
b1110010000111011 #
1!
#14190
b1101001110111 #
0!
#14195
b10111001000111 #
1!
#14200
b1001101001111100 #
0!
#14205
b1011110101101010 #
1!
#14210
b1010011101100100 #
0!
#14215
b1110110111100111 #
1!
#14220
b110011000101111 #
0!
#14225
b1011010000000011 #
1!
#14230
b10101000001110 #
0!
#14235
b110101001001011 #
1!
#14240
b1011001111100110 #
0!
#14245
b1011100010111110 #
1!
#14250
b1010001011100000 #
0!
#14255
b111001011001011 #
1!
#14260
b1101101110001111 #
0!
#14265
b111011000000001 #
1!
#14270
b1100111000011001 #
0!
#14275
b1001000011100111 #
1!
#14280
b1111100111001010 #
0!
#14285
b101100010000100 #
1!
#14290
b10100011011000 #
0!
#14295
b1000111111000 #
1!
#14300
b1110101101010011 #
0!
#14305
b1000101101101110 #
1!
#14310
b1110101110010110 #
0!
#14315
b100001010 #
1!
#14320
b100110001100111 #
0!
#14325
b1111101010111101 #
1!
#14330
b1010011110110 #
0!
#14335
b10101101111110 #
1!
#14340
b111101111000000 #
0!
#14345
b101001001000101 #
1!
#14350
b101111101110001 #
0!
#14355
b1110010001011 #
1!
#14360
b1001000010000010 #
0!
#14365
b100110100 #
1!
#14370
b100011110111110 #
0!
#14375
b10000100110100 #
1!
#14380
b110101110110011 #
0!
#14385
b10111101100010 #
1!
#14390
b100110010001 #
0!
#14395
b100001111000110 #
1!
#14400
b1010010110000110 #
0!
#14405
b1100100101001010 #
1!
#14410
b1010000110000011 #
0!
#14415
b101000110000111 #
1!
#14420
b1001100000110011 #
0!
#14425
b111110100001000 #
1!
#14430
b1100101010111101 #
0!
#14435
b1101010010010101 #
1!
#14440
b110011110000010 #
0!
#14445
b1011010000101100 #
1!
#14450
b1000000 #
0!
#14455
b1110110100100 #
1!
#14460
b1110011111011110 #
0!
#14465
b1001110111000100 #
1!
#14470
b1000001101100001 #
0!
#14475
b11001010101001 #
1!
#14480
b1011011100001000 #
0!
#14485
b10001101101000 #
1!
#14490
b100100001001110 #
0!
#14495
b1110001100000011 #
1!
#14500
b11001000111100 #
0!
#14505
b1111000110110001 #
1!
#14510
b1000100111000 #
0!
#14515
b1011101101001010 #
1!
#14520
b111011011101110 #
0!
#14525
b111010111011110 #
1!
#14530
b101011111111011 #
0!
#14535
b10001010001 #
1!
#14540
b101111011100111 #
0!
#14545
b1101100000010111 #
1!
#14550
b101011111010010 #
0!
#14555
b1100110001101111 #
1!
#14560
b1000011111101001 #
0!
#14565
b100100010000 #
1!
#14570
b110000000010 #
0!
#14575
b1110000110111011 #
1!
#14580
b100100010100000 #
0!
#14585
b1011001101110011 #
1!
#14590
b11010111111010 #
0!
#14595
b1100101100111000 #
1!
#14600
b1100010000010001 #
0!
#14605
b100000011011100 #
1!
#14610
b100101011100000 #
0!
#14615
b1101100010011101 #
1!
#14620
b1101001000111101 #
0!
#14625
b1110000111010101 #
1!
#14630
b1000100111111101 #
0!
#14635
b1010111001100 #
1!
#14640
b1000000111011 #
0!
#14645
b111101110001010 #
1!
#14650
b1110110100001100 #
0!
#14655
b100101010000111 #
1!
#14660
b1101101101110100 #
0!
#14665
b1100000110101001 #
1!
#14670
b11010011010011 #
0!
#14675
b11010010000 #
1!
#14680
b100110100111110 #
0!
#14685
b1100000111101 #
1!
#14690
b1101100000010001 #
0!
#14695
b1001011110101100 #
1!
#14700
b100001110010000 #
0!
#14705
b1011001011010011 #
1!
#14710
b1011000100101 #
0!
#14715
b11011000111 #
1!
#14720
b101100100001010 #
0!
#14725
b111100111001110 #
1!
#14730
b1110101001111110 #
0!
#14735
b10000010101100 #
1!
#14740
b1110100111111011 #
0!
#14745
b1100000111001 #
1!
#14750
b111100110010 #
0!
#14755
b111000010001000 #
1!
#14760
b1001110101111 #
0!
#14765
b1111110111110111 #
1!
#14770
b1011000110 #
0!
#14775
b100001110111101 #
1!
#14780
b1010111010110000 #
0!
#14785
b101001110011111 #
1!
#14790
b10011001 #
0!
#14795
b1010010000011110 #
1!
#14800
b101101000111000 #
0!
#14805
b10011101001 #
1!
#14810
b1011101110 #
0!
#14815
b110000100111010 #
1!
#14820
b111001010001001 #
0!
#14825
b1011111111110001 #
1!
#14830
b1100011011111111 #
0!
#14835
b10010111110 #
1!
#14840
b1001101101000 #
0!
#14845
b1110110101000001 #
1!
#14850
b1100100100101010 #
0!
#14855
b1101101110001100 #
1!
#14860
b1011101101101 #
0!
#14865
b1011110111100001 #
1!
#14870
b100010010010101 #
0!
#14875
b1111000010100101 #
1!
#14880
b1101001011111 #
0!
#14885
b1101001010111 #
1!
#14890
b11011101010011 #
0!
#14895
b111001110011 #
1!
#14900
b111100001100000 #
0!
#14905
b1010111011101010 #
1!
#14910
b101101101111111 #
0!
#14915
b1100010010010011 #
1!
#14920
b101000100010010 #
0!
#14925
b1110100011110101 #
1!
#14930
b10101100111100 #
0!
#14935
b101111110110100 #
1!
#14940
b111101101110100 #
0!
#14945
b1111010010111000 #
1!
#14950
b1110011100011101 #
0!
#14955
b1110011010100100 #
1!
#14960
b1001010010110000 #
0!
#14965
b1011110001100111 #
1!
#14970
b1000011111101010 #
0!
#14975
b10100100100011 #
1!
#14980
b1111101110010011 #
0!
#14985
b1110110011100101 #
1!
#14990
b1100101000110001 #
0!
#14995
b1011001010001111 #
1!
#15000
b1100100111011101 #
0!
#15005
b1111001111101111 #
1!
#15010
b10101110101101 #
0!
#15015
b1100111000001101 #
1!
#15020
b1101101000110011 #
0!
#15025
b1111011100011111 #
1!
#15030
b1110010111100101 #
0!
#15035
b1000100100111011 #
1!
#15040
b1100110011010100 #
0!
#15045
b1110101010011000 #
1!
#15050
b1111010100010010 #
0!
#15055
b1010111000000101 #
1!
#15060
b1111100011100011 #
0!
#15065
b111011110101101 #
1!
#15070
b1010110110010 #
0!
#15075
b1100101110111111 #
1!
#15080
b111111101100011 #
0!
#15085
b11101101010 #
1!
#15090
b1100010011000010 #
0!
#15095
b10101100001101 #
1!
#15100
b11011010111000 #
0!
#15105
b1100011001001011 #
1!
#15110
b11110000101000 #
0!
#15115
b1101100110111100 #
1!
#15120
b1011111011001100 #
0!
#15125
b1010010111111100 #
1!
#15130
b111110000101111 #
0!
#15135
b1010000100100010 #
1!
#15140
b111001110100001 #
0!
#15145
b100101101110111 #
1!
#15150
b11110010010111 #
0!
#15155
b1000100010110 #
1!
#15160
b110111110000011 #
0!
#15165
b10011101100101 #
1!
#15170
b1111101100110100 #
0!
#15175
b111001100100110 #
1!
#15180
b1000111110010000 #
0!
#15185
b110001000001001 #
1!
#15190
b1111001110010001 #
0!
#15195
b1101001100010001 #
1!
#15200
b110111011001111 #
0!
#15205
b1110101110010101 #
1!
#15210
b10000010000111 #
0!
#15215
b1111111100101110 #
1!
#15220
b110100110001110 #
0!
#15225
b110110101000001 #
1!
#15230
b100000001010100 #
0!
#15235
b1000000011001100 #
1!
#15240
b1001110001000101 #
0!
#15245
b101001100000000 #
1!
#15250
b1100110100010000 #
0!
#15255
b1010010000101001 #
1!
#15260
b1110001010101000 #
0!
#15265
b1100100100100000 #
1!
#15270
b10100010010 #
0!
#15275
b111100100011010 #
1!
#15280
b1101100100101101 #
0!
#15285
b1011110010110111 #
1!
#15290
b1110000000100100 #
0!
#15295
b1100100011101110 #
1!
#15300
b1101101010111100 #
0!
#15305
b1101100100110010 #
1!
#15310
b1111000010110 #
0!
#15315
b1110110111110 #
1!
#15320
b10110111001 #
0!
#15325
b1000101011011010 #
1!
#15330
b11110010010110 #
0!
#15335
b1100010010100101 #
1!
#15340
b11001100101011 #
0!
#15345
b1111110110101111 #
1!
#15350
b111001111001100 #
0!
#15355
b1100110000001001 #
1!
#15360
b101100 #
0!
#15365
b1101101101001 #
1!
#15370
b1011110010110011 #
0!
#15375
b1111110010010010 #
1!
#15380
b1100100101101000 #
0!
#15385
b1001001011111101 #
1!
#15390
b1101101110100111 #
0!
#15395
b1110011011010000 #
1!
#15400
b1010101111010100 #
0!
#15405
b1100111101111000 #
1!
#15410
b100011100011000 #
0!
#15415
b1101000101000011 #
1!
#15420
b111111101100101 #
0!
#15425
b1111101110010010 #
1!
#15430
b11101111101001 #
0!
#15435
b1100101111001010 #
1!
#15440
b1110001111101011 #
0!
#15445
b10011000010 #
1!
#15450
b1011011001100110 #
0!
#15455
b1001111100011000 #
1!
#15460
b11001111100011 #
0!
#15465
b1001100000111010 #
1!
#15470
b111001001001011 #
0!
#15475
b1101101001001010 #
1!
#15480
b1000101001010110 #
0!
#15485
b1111110011100 #
1!
#15490
b1110110111011101 #
0!
#15495
b1100100000101110 #
1!
#15500
b1100011010100001 #
0!
#15505
b1100011010111010 #
1!
#15510
b110000110000001 #
0!
#15515
b111010101011011 #
1!
#15520
b1000000001000001 #
0!
#15525
b111101101001010 #
1!
#15530
b1100101011010001 #
0!
#15535
b1010110110101011 #
1!
#15540
b1100001101011 #
0!
#15545
b1110100011010000 #
1!
#15550
b1110011110100100 #
0!
#15555
b1111101100111001 #
1!
#15560
b1010011010100010 #
0!
#15565
b111101010101101 #
1!
#15570
b10111100000000 #
0!
#15575
b1010110001101011 #
1!
#15580
b101100001001 #
0!
#15585
b101111110010110 #
1!
#15590
b1110001101110110 #
0!
#15595
b1100110000110001 #
1!
#15600
b1101110010011001 #
0!
#15605
b111110101011100 #
1!
#15610
b1111101111001100 #
0!
#15615
b10011100000110 #
1!
#15620
b111101100001110 #
0!
#15625
b1000011101001011 #
1!
#15630
b11010010001100 #
0!
#15635
b100100011010011 #
1!
#15640
b110101000 #
0!
#15645
b1110001100010001 #
1!
#15650
b110001001111 #
0!
#15655
b111110100111111 #
1!
#15660
b100101110000111 #
0!
#15665
b1100000101101100 #
1!
#15670
b1011111001010101 #
0!
#15675
b1100111110010110 #
1!
#15680
b1111001111011001 #
0!
#15685
b110110000011 #
1!
#15690
b100011001010100 #
0!
#15695
b110011001111 #
1!
#15700
b101100110001011 #
0!
#15705
b110111101000010 #
1!
#15710
b110000111111101 #
0!
#15715
b1100000111001111 #
1!
#15720
b1001010110111011 #
0!
#15725
b101011010010001 #
1!
#15730
b1000100000101011 #
0!
#15735
b11011110001100 #
1!
#15740
b1000011110100110 #
0!
#15745
b1111000010111011 #
1!
#15750
b1111100100110111 #
0!
#15755
b111110000001100 #
1!
#15760
b1100011000111110 #
0!
#15765
b10011011011101 #
1!
#15770
b1011000101100110 #
0!
#15775
b101111011111001 #
1!
#15780
b1011001100101110 #
0!
#15785
b1010010110110110 #
1!
#15790
b110100111100111 #
0!
#15795
b110010111001101 #
1!
#15800
b110011001110111 #
0!
#15805
b1101011010110111 #
1!
#15810
b1001111001101000 #
0!
#15815
b1101111100101111 #
1!
#15820
b1011111101101101 #
0!
#15825
b1110101110011110 #
1!
#15830
b1000111010100010 #
0!
#15835
b1101100010100110 #
1!
#15840
b101010100111011 #
0!
#15845
b1100110101111000 #
1!
#15850
b11010011100101 #
0!
#15855
b1101100100111 #
1!
#15860
b1000100010110100 #
0!
#15865
b10010101110001 #
1!
#15870
b100101000011010 #
0!
#15875
b11011010110000 #
1!
#15880
b111001010100001 #
0!
#15885
b110010100101111 #
1!
#15890
b101000100110000 #
0!
#15895
b111001001100111 #
1!
#15900
b1111001101000110 #
0!
#15905
b1011001000100110 #
1!
#15910
b1000000101100101 #
0!
#15915
b1101111001101111 #
1!
#15920
b1010000101011100 #
0!
#15925
b1111111010110110 #
1!
#15930
b1101010001111000 #
0!
#15935
b100010000001001 #
1!
#15940
b1101101000101010 #
0!
#15945
b1111001101101000 #
1!
#15950
b101100100001 #
0!
#15955
b11001000000011 #
1!
#15960
b1011110000000010 #
0!
#15965
b1111110000100101 #
1!
#15970
b1001111111011101 #
0!
#15975
b1111001100101011 #
1!
#15980
b10001111011000 #
0!
#15985
b100011011000000 #
1!
#15990
b1100110101111100 #
0!
#15995
b1001000111001001 #
1!
#16000
b1010011000100011 #
0!
#16005
b1011110110100110 #
1!
#16010
b1001000001101000 #
0!
#16015
b1101101010111001 #
1!
#16020
b1010100011001011 #
0!
#16025
b110100010110 #
1!
#16030
b1010011100011111 #
0!
#16035
b101101001010011 #
1!
#16040
b100000101001110 #
0!
#16045
b1010000010101000 #
1!
#16050
b1000101111011111 #
0!
#16055
b101111010010101 #
1!
#16060
b100111111101011 #
0!
#16065
b1010010010010010 #
1!
#16070
b111011011101111 #
0!
#16075
b1111000111001000 #
1!
#16080
b110101111101100 #
0!
#16085
b11101101110 #
1!
#16090
b110100010000010 #
0!
#16095
b1101110000100100 #
1!
#16100
b1111001011100010 #
0!
#16105
b111000011100011 #
1!
#16110
b1111010110110 #
0!
#16115
b1011000010010111 #
1!
#16120
b1111111111 #
0!
#16125
b101000100001000 #
1!
#16130
b1000110011001 #
0!
#16135
b1011011000111001 #
1!
#16140
b111011001000110 #
0!
#16145
b1101000111011100 #
1!
#16150
b111110010101111 #
0!
#16155
b1111101110011000 #
1!
#16160
b1110100111000111 #
0!
#16165
b1101110110100010 #
1!
#16170
b101111011110110 #
0!
#16175
b100101001100000 #
1!
#16180
b1011100110101010 #
0!
#16185
b10001001111110 #
1!
#16190
b111000111100011 #
0!
#16195
b11000110000111 #
1!
#16200
b1111111000110111 #
0!
#16205
b110100110111 #
1!
#16210
b11001101000010 #
0!
#16215
b1111101110001001 #
1!
#16220
b1001101110001111 #
0!
#16225
b1100011001010111 #
1!
#16230
b1101110101111011 #
0!
#16235
b1011000111011010 #
1!
#16240
b10010101011110 #
0!
#16245
b11111010100111 #
1!
#16250
b110111100111001 #
0!
#16255
b10010000010011 #
1!
#16260
b1111101100101110 #
0!
#16265
b1111101000011 #
1!
#16270
b1010000011011110 #
0!
#16275
b1101110100000011 #
1!
#16280
b11100010011110 #
0!
#16285
b1101010100100111 #
1!
#16290
b1111000111000010 #
0!
#16295
b10100100110110 #
1!
#16300
b1011100000101100 #
0!
#16305
b1000101110010100 #
1!
#16310
b1001101010111101 #
0!
#16315
b1010000000101 #
1!
#16320
b1101011010010 #
0!
#16325
b10110000010110 #
1!
#16330
b1001101011100011 #
0!
#16335
b110101111001111 #
1!
#16340
b1011100000100111 #
0!
#16345
b110100010010010 #
1!
#16350
b1010110011111001 #
0!
#16355
b1011011101110001 #
1!
#16360
b1010110001000110 #
0!
#16365
b1010100100101101 #
1!
#16370
b100101110011000 #
0!
#16375
b100010010001100 #
1!
#16380
b1101010000100100 #
0!
#16385
b1101101100000 #
1!
#16390
b1011010101101010 #
0!
#16395
b10001111000011 #
1!
#16400
b1100111010011011 #
0!
#16405
b1010011100011000 #
1!
#16410
b1110001010001101 #
0!
#16415
b1101101110101 #
1!
#16420
b1111001111011110 #
0!
#16425
b1111111000111010 #
1!
#16430
b1001010110000101 #
0!
#16435
b1011101100011011 #
1!
#16440
b101111010000110 #
0!
#16445
b1000100001100000 #
1!
#16450
b100001110110100 #
0!
#16455
b100110011011000 #
1!
#16460
b1110110011111010 #
0!
#16465
b111010000100000 #
1!
#16470
b10101011100011 #
0!
#16475
b1101110001010111 #
1!
#16480
b11110101101010 #
0!
#16485
b1010111011000111 #
1!
#16490
b100100010111000 #
0!
#16495
b11100110010011 #
1!
#16500
b1010100000001101 #
0!
#16505
b1101111011010001 #
1!
#16510
b101011010101010 #
0!
#16515
b1110101110010001 #
1!
#16520
b100101011011110 #
0!
#16525
b111010011110110 #
1!
#16530
b1101010001011010 #
0!
#16535
b100000011000001 #
1!
#16540
b110010011 #
0!
#16545
b1001110100110011 #
1!
#16550
b1111101111010011 #
0!
#16555
b100010111111000 #
1!
#16560
b110100000000101 #
0!
#16565
b100000010010001 #
1!
#16570
b1100100010100101 #
0!
#16575
b1100001011000011 #
1!
#16580
b1101101010111011 #
0!
#16585
b110000010101 #
1!
#16590
b1111011001010000 #
0!
#16595
b100100100001001 #
1!
#16600
b111010011010101 #
0!
#16605
b110110010101001 #
1!
#16610
b1000000011 #
0!
#16615
b10000110101101 #
1!
#16620
b1000000010100 #
0!
#16625
b1000111101010001 #
1!
#16630
b10100100010011 #
0!
#16635
b101011100110001 #
1!
#16640
b100111100101100 #
0!
#16645
b101111010010010 #
1!
#16650
b110010100111000 #
0!
#16655
b1011100100001110 #
1!
#16660
b1000100000100000 #
0!
#16665
b1000010101010001 #
1!
#16670
b111001011110111 #
0!
#16675
b1101000110111110 #
1!
#16680
b1101100111011001 #
0!
#16685
b111001100010011 #
1!
#16690
b1100110000111001 #
0!
#16695
b1110110100011111 #
1!
#16700
b1110110111111 #
0!
#16705
b100111011101101 #
1!
#16710
b1011001010000110 #
0!
#16715
b1010001000100 #
1!
#16720
b1111000101110101 #
0!
#16725
b100111111010 #
1!
#16730
b1110111011101 #
0!
#16735
b1101101001011 #
1!
#16740
b1011001010000011 #
0!
#16745
b100101110110110 #
1!
#16750
b1100100010011101 #
0!
#16755
b1000010101010001 #
1!
#16760
b111100100100010 #
0!
#16765
b1000001000010000 #
1!
#16770
b11010001111011 #
0!
#16775
b1010001000011010 #
1!
#16780
b10010011011001 #
0!
#16785
b1101101010010010 #
1!
#16790
b1001100111111010 #
0!
#16795
b1000000010001001 #
1!
#16800
b101000100101101 #
0!
#16805
b11111101101011 #
1!
#16810
b1111000101011110 #
0!
#16815
b1110100001111101 #
1!
#16820
b101100000011011 #
0!
#16825
b101110011000010 #
1!
#16830
b1111110110011010 #
0!
#16835
b110011000100110 #
1!
#16840
b101011110001100 #
0!
#16845
b1001111000011111 #
1!
#16850
b11011100011100 #
0!
#16855
b100011001111010 #
1!
#16860
b10100010000010 #
0!
#16865
b11000101000100 #
1!
#16870
b1101100000001001 #
0!
#16875
b1001011111001101 #
1!
#16880
b110101000111011 #
0!
#16885
b101010101 #
1!
#16890
b1110001011001101 #
0!
#16895
b10000100110110 #
1!
#16900
b111100011101111 #
0!
#16905
b1011100010011001 #
1!
#16910
b110110000010 #
0!
#16915
b111001011001011 #
1!
#16920
b110111101111100 #
0!
#16925
b1100011010111100 #
1!
#16930
b1101010000100010 #
0!
#16935
b1101011001011101 #
1!
#16940
b10100010011110 #
0!
#16945
b101010011100010 #
1!
#16950
b111011011111010 #
0!
#16955
b101100110110010 #
1!
#16960
b100001111111010 #
0!
#16965
b100111001011101 #
1!
#16970
b1110111001011100 #
0!
#16975
b1100011011110011 #
1!
#16980
b1011010110100 #
0!
#16985
b110001001101011 #
1!
#16990
b1111100000000100 #
0!
#16995
b1010101101010000 #
1!
#17000
b1100010011000000 #
0!
#17005
b1111101011001011 #
1!
#17010
b111000100101 #
0!
#17015
b101001101111011 #
1!
#17020
b10010110101101 #
0!
#17025
b100001010000100 #
1!
#17030
b111000110011101 #
0!
#17035
b1100100100001111 #
1!
#17040
b1101010100011111 #
0!
#17045
b10100110111000 #
1!
#17050
b1011001000011 #
0!
#17055
b1101100110000010 #
1!
#17060
b11000010101111 #
0!
#17065
b101011011010000 #
1!
#17070
b1011111111001100 #
0!
#17075
b1000010101100 #
1!
#17080
b101010001101011 #
0!
#17085
b11101011101011 #
1!
#17090
b1110010100110011 #
0!
#17095
b1011101010001100 #
1!
#17100
b1110010110010 #
0!
#17105
b1111111011011100 #
1!
#17110
b1100010000101111 #
0!
#17115
b1110001101010011 #
1!
#17120
b10010110010111 #
0!
#17125
b1000111110001101 #
1!
#17130
b101101110011100 #
0!
#17135
b101011001011100 #
1!
#17140
b1100011110010101 #
0!
#17145
b1001100000101011 #
1!
#17150
b110001101011111 #
0!
#17155
b1010000000011011 #
1!
#17160
b10001010111001 #
0!
#17165
b1000011111100001 #
1!
#17170
b101100110101011 #
0!
#17175
b111010100100 #
1!
#17180
b1000100001011 #
0!
#17185
b1000011010010100 #
1!
#17190
b111011100111000 #
0!
#17195
b1010101111100000 #
1!
#17200
b10111001100101 #
0!
#17205
b1000000101010101 #
1!
#17210
b1011101101000110 #
0!
#17215
b100000000001001 #
1!
#17220
b1101100101101010 #
0!
#17225
b10011100000111 #
1!
#17230
b1110001000000000 #
0!
#17235
b101110001111110 #
1!
#17240
b10101011101101 #
0!
#17245
b1101111011110011 #
1!
#17250
b110011100100011 #
0!
#17255
b100110010010100 #
1!
#17260
b1011010 #
0!
#17265
b1101100010110000 #
1!
#17270
b1000010001101100 #
0!
#17275
b1110101101110 #
1!
#17280
b1111011110000010 #
0!
#17285
b1111111000111000 #
1!
#17290
b11100011000001 #
0!
#17295
b1001011101111100 #
1!
#17300
b110011101100011 #
0!
#17305
b1111111001111001 #
1!
#17310
b11110010001011 #
0!
#17315
b100011110111101 #
1!
#17320
b111000100110010 #
0!
#17325
b100001001000101 #
1!
#17330
b1000101000000 #
0!
#17335
b111100001001101 #
1!
#17340
b1110110001011110 #
0!
#17345
b1111100011101111 #
1!
#17350
b1110111110001010 #
0!
#17355
b11101101101011 #
1!
#17360
b111100111000011 #
0!
#17365
b101101110010 #
1!
#17370
b1101000100010100 #
0!
#17375
b101011101111001 #
1!
#17380
b111000111000010 #
0!
#17385
b10010010000001 #
1!
#17390
b111010001011011 #
0!
#17395
b101101000100100 #
1!
#17400
b1111000001111001 #
0!
#17405
b1011001101000001 #
1!
#17410
b101011010011110 #
0!
#17415
b1001000000111100 #
1!
#17420
b1101010011010101 #
0!
#17425
b1110001000100111 #
1!
#17430
b1011001100111101 #
0!
#17435
b11101011010 #
1!
#17440
b1011100010110000 #
0!
#17445
b1010000010110001 #
1!
#17450
b1000010110100101 #
0!
#17455
b1000010111101110 #
1!
#17460
b1111011110111010 #
0!
#17465
b1001010001100101 #
1!
#17470
b1000100000100100 #
0!
#17475
b1001101111000101 #
1!
#17480
b1010111001011101 #
0!
#17485
b10111011110000 #
1!
#17490
b11100110101011 #
0!
#17495
b1001010010101010 #
1!
#17500
b1011100101011110 #
0!
#17505
b1001101010101011 #
1!
#17510
b1101010111111011 #
0!
#17515
b111110000110101 #
1!
#17520
b1011001001101011 #
0!
#17525
b1100001001110010 #
1!
#17530
b101010100100011 #
0!
#17535
b1111101011010 #
1!
#17540
b1111100101001101 #
0!
#17545
b101001100011001 #
1!
#17550
b111100011010100 #
0!
#17555
b100111011000 #
1!
#17560
b1010011011111110 #
0!
#17565
b1011100001011101 #
1!
#17570
b1011100110001001 #
0!
#17575
b1000010100100000 #
1!
#17580
b1001100101011000 #
0!
#17585
b1110010100100 #
1!
#17590
b101001011100110 #
0!
#17595
b1001111111001010 #
1!
#17600
b110101110001101 #
0!
#17605
b111000001100100 #
1!
#17610
b100001001011011 #
0!
#17615
b10010000100110 #
1!
#17620
b111011100101101 #
0!
#17625
b101110110010110 #
1!
#17630
b100001001111001 #
0!
#17635
b1010000000011001 #
1!
#17640
b1101110011100101 #
0!
#17645
b100110011110101 #
1!
#17650
b1101001011101101 #
0!
#17655
b110000111000100 #
1!
#17660
b111010110111111 #
0!
#17665
b110110001110110 #
1!
#17670
b10101010101011 #
0!
#17675
b110111000011100 #
1!
#17680
b1101110100000110 #
0!
#17685
b1010101111001011 #
1!
#17690
b100101100100010 #
0!
#17695
b1001011000001100 #
1!
#17700
b111000010011011 #
0!
#17705
b1011000101000011 #
1!
#17710
b1110101100011000 #
0!
#17715
b110011000101100 #
1!
#17720
b100110011100011 #
0!
#17725
b1110110011100101 #
1!
#17730
b1000100100000001 #
0!
#17735
b10100010110111 #
1!
#17740
b100110100010001 #
0!
#17745
b1000100100011110 #
1!
#17750
b110000001100010 #
0!
#17755
b1110100011000101 #
1!
#17760
b110111111111 #
0!
#17765
b111000111010111 #
1!
#17770
b110111100101101 #
0!
#17775
b111010101110000 #
1!
#17780
b1110011101001000 #
0!
#17785
b101001001001011 #
1!
#17790
b110111110010100 #
0!
#17795
b101011011111001 #
1!
#17800
b1111101111101110 #
0!
#17805
b1001100101111101 #
1!
#17810
b1101101000111111 #
0!
#17815
b1101101101111100 #
1!
#17820
b10000100101010 #
0!
#17825
b110111010010100 #
1!
#17830
b1111001001101111 #
0!
#17835
b111001010011 #
1!
#17840
b1111011110110110 #
0!
#17845
b1100001000001101 #
1!
#17850
b1010111011111000 #
0!
#17855
b1011111011000110 #
1!
#17860
b1101100100110101 #
0!
#17865
b11111000001001 #
1!
#17870
b1100110010001100 #
0!
#17875
b111001000001101 #
1!
#17880
b1110001100000111 #
0!
#17885
b101000110001110 #
1!
#17890
b1100101101011001 #
0!
#17895
b111101001001110 #
1!
#17900
b1111000100100111 #
0!
#17905
b10001000100111 #
1!
#17910
b1110000101100011 #
0!
#17915
b1110001110101100 #
1!
#17920
b1001111101100010 #
0!
#17925
b1010000010100100 #
1!
#17930
b101010011110 #
0!
#17935
b111001111101111 #
1!
#17940
b100011010010000 #
0!
#17945
b111100101011011 #
1!
#17950
b100100111000 #
0!
#17955
b1011110011111011 #
1!
#17960
b100100010011 #
0!
#17965
b1010111001010 #
1!
#17970
b101010000010001 #
0!
#17975
b11110001100 #
1!
#17980
b1011110101000010 #
0!
#17985
b1010000011100011 #
1!
#17990
b10100011011001 #
0!
#17995
b110000101101000 #
1!
#18000
b10010 #
0!
#18005
b101011100010 #
1!
#18010
b1000010011000010 #
0!
#18015
b1001010110011001 #
1!
#18020
b11000110011010 #
0!
#18025
b1111111100001111 #
1!
#18030
b10000001001101 #
0!
#18035
b11000010111100 #
1!
#18040
b110100011000001 #
0!
#18045
b1110010100100111 #
1!
#18050
b111101000011110 #
0!
#18055
b111111100001100 #
1!
#18060
b1000010010110111 #
0!
#18065
b1110110111101001 #
1!
#18070
b1100111001010111 #
0!
#18075
b1000101100110111 #
1!
#18080
b1111010001011 #
0!
#18085
b110000001 #
1!
#18090
b1100101101000 #
0!
#18095
b10001010100000 #
1!
#18100
b1001011010000001 #
0!
#18105
b1100111000110110 #
1!
#18110
b1010011011100 #
0!
#18115
b1101000100001110 #
1!
#18120
b10001100110 #
0!
#18125
b1100000100111000 #
1!
#18130
b11110000001011 #
0!
#18135
b1110001110000101 #
1!
#18140
b100100110011111 #
0!
#18145
b10011010111 #
1!
#18150
b1101000000101111 #
0!
#18155
b110001100111111 #
1!
#18160
b1111101100101100 #
0!
#18165
b1000001100001001 #
1!
#18170
b1100100011010111 #
0!
#18175
b1110101101100 #
1!
#18180
b111100101000011 #
0!
#18185
b1110110010001111 #
1!
#18190
b1110001100110001 #
0!
#18195
b1001111111010100 #
1!
#18200
b1101111111011111 #
0!
#18205
b1010100010010110 #
1!
#18210
b1001101000010101 #
0!
#18215
b11001111101100 #
1!
#18220
b100011010110 #
0!
#18225
b1110011000100100 #
1!
#18230
b10110001011111 #
0!
#18235
b1110010101111001 #
1!
#18240
b1001000111001000 #
0!
#18245
b1001001000111000 #
1!
#18250
b1001010001111101 #
0!
#18255
b1000001101010101 #
1!
#18260
b1101011110001110 #
0!
#18265
b101010011100010 #
1!
#18270
b1000111110110011 #
0!
#18275
b1001011001111000 #
1!
#18280
b1111001001110010 #
0!
#18285
b1001110100111000 #
1!
#18290
b1001011100001110 #
0!
#18295
b110110011010010 #
1!
#18300
b1100010111010101 #
0!
#18305
b1001011101111111 #
1!
#18310
b1110011101110000 #
0!
#18315
b1001100010101 #
1!
#18320
b1110010110001100 #
0!
#18325
b10110001011011 #
1!
#18330
b111111111000111 #
0!
#18335
b101010111111110 #
1!
#18340
b1011000010011111 #
0!
#18345
b101101011110 #
1!
#18350
b1011111000110 #
0!
#18355
b1011101101001000 #
1!
#18360
b100010010101001 #
0!
#18365
b1001110011011001 #
1!
#18370
b10110100111010 #
0!
#18375
b1001010111000110 #
1!
#18380
b111110010010100 #
0!
#18385
b1000000110010 #
1!
#18390
b1111110101011000 #
0!
#18395
b1110111111011000 #
1!
#18400
b1111001011011101 #
0!
#18405
b101001110110000 #
1!
#18410
b1000001100001000 #
0!
#18415
b1001000010111010 #
1!
#18420
b11100100011 #
0!
#18425
b101111111111 #
1!
#18430
b111100010100111 #
0!
#18435
b110011011000 #
1!
#18440
b1101000000111010 #
0!
#18445
b1010101101010100 #
1!
#18450
b101111100110010 #
0!
#18455
b1010100010110101 #
1!
#18460
b11000101101101 #
0!
#18465
b101100101111111 #
1!
#18470
b110111001010101 #
0!
#18475
b111010101111110 #
1!
#18480
b1011111100110100 #
0!
#18485
b10111000111 #
1!
#18490
b1010001001010110 #
0!
#18495
b11101111101000 #
1!
#18500
b1101100100010110 #
0!
#18505
b101100011100111 #
1!
#18510
b1011100001010000 #
0!
#18515
b1000100101100010 #
1!
#18520
b1001101111011110 #
0!
#18525
b1100001100000110 #
1!
#18530
b10110011000001 #
0!
#18535
b1010100101000111 #
1!
#18540
b1110000011110110 #
0!
#18545
b110110100000100 #
1!
#18550
b11101111010101 #
0!
#18555
b1010011100010110 #
1!
#18560
b100010100000111 #
0!
#18565
b100001111100011 #
1!
#18570
b1101111001101011 #
0!
#18575
b101000001010100 #
1!
#18580
b10011110100100 #
0!
#18585
b1111001011000011 #
1!
#18590
b1101010001011000 #
0!
#18595
b11000000100101 #
1!
#18600
b1001111100111001 #
0!
#18605
b1110011100101111 #
1!
#18610
b1001100111001000 #
0!
#18615
b1001010001000110 #
1!
#18620
b1000110111101000 #
0!
#18625
b100101100010101 #
1!
#18630
b110010101001101 #
0!
#18635
b1000011001100111 #
1!
#18640
b1000100110011101 #
0!
#18645
b110101010110 #
1!
#18650
b11011110000100 #
0!
#18655
b1101001010011000 #
1!
#18660
b1111000100001001 #
0!
#18665
b1101011100101011 #
1!
#18670
b1100110011001110 #
0!
#18675
b11011000101 #
1!
#18680
b1110000010110101 #
0!
#18685
b1011001001101 #
1!
#18690
b1001111100011000 #
0!
#18695
b110110011110101 #
1!
#18700
b11010011111010 #
0!
#18705
b1111011100100010 #
1!
#18710
b1110101100100001 #
0!
#18715
b1000101001100 #
1!
#18720
b1000011011111011 #
0!
#18725
b110001111100101 #
1!
#18730
b1010110001000001 #
0!
#18735
b1100000001111101 #
1!
#18740
b11011001101110 #
0!
#18745
b100011111111 #
1!
#18750
b1001111100100000 #
0!
#18755
b11010101101 #
1!
#18760
b101110101100011 #
0!
#18765
b101001010000010 #
1!
#18770
b100000101011000 #
0!
#18775
b11000001110111 #
1!
#18780
b1101100011000010 #
0!
#18785
b110110000010101 #
1!
#18790
b1100101101111111 #
0!
#18795
b100011100010110 #
1!
#18800
b100001110111000 #
0!
#18805
b100010000101000 #
1!
#18810
b11110010000111 #
0!
#18815
b1101001010111 #
1!
#18820
b1111100111001110 #
0!
#18825
b1000010011001000 #
1!
#18830
b100111011110100 #
0!
#18835
b11001001101100 #
1!
#18840
b1011011011100 #
0!
#18845
b1001101111110010 #
1!
#18850
b111111111100001 #
0!
#18855
b1101111100101101 #
1!
#18860
b111011110010101 #
0!
#18865
b1011000010101111 #
1!
#18870
b100101000000 #
0!
#18875
b10101111101010 #
1!
#18880
b1011100011100110 #
0!
#18885
b1011001111100100 #
1!
#18890
b1110100001011100 #
0!
#18895
b1110000001101010 #
1!
#18900
b11011111010011 #
0!
#18905
b100111100011001 #
1!
#18910
b1101101100010000 #
0!
#18915
b1000110100011000 #
1!
#18920
b101100100001 #
0!
#18925
b1110111100100000 #
1!
#18930
b101100110100010 #
0!
#18935
b111101000010011 #
1!
#18940
b1001101101011 #
0!
#18945
b1100000111101101 #
1!
#18950
b1010001011001010 #
0!
#18955
b1011100000100110 #
1!
#18960
b1110110111101101 #
0!
#18965
b1010110001110101 #
1!
#18970
b1011000011001101 #
0!
#18975
b1000001000101 #
1!
#18980
b1111000110110111 #
0!
#18985
b110010011101111 #
1!
#18990
b100001000110001 #
0!
#18995
b1000110101010 #
1!
#19000
b11110001111010 #
0!
#19005
b100111101010100 #
1!
#19010
b1101000111111011 #
0!
#19015
b1000100101 #
1!
#19020
b1010101110110111 #
0!
#19025
b1001101101100100 #
1!
#19030
b1001100011101101 #
0!
#19035
b1111001110111001 #
1!
#19040
b1101101001101101 #
0!
#19045
b11010100100100 #
1!
#19050
b1001011011000111 #
0!
#19055
b1010111000100110 #
1!
#19060
b10011100100001 #
0!
#19065
b1100010000010001 #
1!
#19070
b1000010111110010 #
0!
#19075
b1100000001100011 #
1!
#19080
b1010100101011000 #
0!
#19085
b1011101011110011 #
1!
#19090
b1110001110100000 #
0!
#19095
b111011110111010 #
1!
#19100
b11111101001110 #
0!
#19105
b100001110100010 #
1!
#19110
b1110100111000110 #
0!
#19115
b1101101110001100 #
1!
#19120
b1000011000011101 #
0!
#19125
b100011110001101 #
1!
#19130
b1001011111111101 #
0!
#19135
b1011100001011001 #
1!
#19140
b1101100000001010 #
0!
#19145
b111001101101101 #
1!
#19150
b1010010110101001 #
0!
#19155
b1001111000101001 #
1!
#19160
b101001000101111 #
0!
#19165
b11001111101001 #
1!
#19170
b1001000101111000 #
0!
#19175
b1101011111101010 #
1!
#19180
b1100111001000100 #
0!
#19185
b1011010010010001 #
1!
#19190
b1001011110011100 #
0!
#19195
b110110011011010 #
1!
#19200
b1110110010101101 #
0!
#19205
b1110010111111111 #
1!
#19210
b1011001111000100 #
0!
#19215
b10111010010101 #
1!
#19220
b11010011010 #
0!
#19225
b110101101111101 #
1!
#19230
b1010000101001000 #
0!
#19235
b1010011111100110 #
1!
#19240
b11011101100001 #
0!
#19245
b1011100111111110 #
1!
#19250
b1101101110000000 #
0!
#19255
b10001111101000 #
1!
#19260
b101101111001100 #
0!
#19265
b1111010111010001 #
1!
#19270
b1010000111000011 #
0!
#19275
b1010101010010101 #
1!
#19280
b111110100010 #
0!
#19285
b111111011001 #
1!
#19290
b1110101111110101 #
0!
#19295
b1000101100010 #
1!
#19300
b1011000100001001 #
0!
#19305
b1011000010100011 #
1!
#19310
b111011000111010 #
0!
#19315
b1101101111101100 #
1!
#19320
b101011100010010 #
0!
#19325
b100100100111111 #
1!
#19330
b1100001110100111 #
0!
#19335
b101100001100011 #
1!
#19340
b1110001000011011 #
0!
#19345
b100100000 #
1!
#19350
b11101111000 #
0!
#19355
b1001011011000101 #
1!
#19360
b1110111000111011 #
0!
#19365
b1100010111101100 #
1!
#19370
b11111111001101 #
0!
#19375
b101111101110011 #
1!
#19380
b1101011101111100 #
0!
#19385
b100001110001101 #
1!
#19390
b10101001001010 #
0!
#19395
b11110101001111 #
1!
#19400
b1011010100010000 #
0!
#19405
b1110010001011010 #
1!
#19410
b100010010101101 #
0!
#19415
b111110011101100 #
1!
#19420
b110011001000001 #
0!
#19425
b1101011010110000 #
1!
#19430
b1100011011000111 #
0!
#19435
b10110111100110 #
1!
#19440
b1000100101001100 #
0!
#19445
b11011011001 #
1!
#19450
b1011000011001100 #
0!
#19455
b1011100001001 #
1!
#19460
b111011111101010 #
0!
#19465
b1111110001111 #
1!
#19470
b1011101001111010 #
0!
#19475
b1100100101001101 #
1!
#19480
b100110010110000 #
0!
#19485
b1000110011111101 #
1!
#19490
b110001100001010 #
0!
#19495
b1000110101001101 #
1!
#19500
b1110011000010001 #
0!
#19505
b111101110010001 #
1!
#19510
b1110010101100101 #
0!
#19515
b110111001001011 #
1!
#19520
b1110000100100011 #
0!
#19525
b1101010101110101 #
1!
#19530
b11110110010110 #
0!
#19535
b11110101010011 #
1!
#19540
b1001010111111001 #
0!
#19545
b100100100001000 #
1!
#19550
b10011111101010 #
0!
#19555
b1000000010100101 #
1!
#19560
b10001010110000 #
0!
#19565
b100000000111001 #
1!
#19570
b1110111000110 #
0!
#19575
b1000100011110001 #
1!
#19580
b110001111111101 #
0!
#19585
b1110100000001011 #
1!
#19590
b101111110010011 #
0!
#19595
b101111101111011 #
1!
#19600
b1111001101100100 #
0!
#19605
b10111100100100 #
1!
#19610
b1110010011010000 #
0!
#19615
b1100111111001101 #
1!
#19620
b10111011011110 #
0!
#19625
b1011110111000001 #
1!
#19630
b110110010110110 #
0!
#19635
b110011011111111 #
1!
#19640
b11001100010010 #
0!
#19645
b11100001 #
1!
#19650
b111001101011111 #
0!
#19655
b111000000111110 #
1!
#19660
b1101101011110101 #
0!
#19665
b10010111111111 #
1!
#19670
b11001011111110 #
0!
#19675
b1111100110010100 #
1!
#19680
b1100001011101011 #
0!
#19685
b1010000111111 #
1!
#19690
b1010100000000111 #
0!
#19695
b1100110110100001 #
1!
#19700
b100010100111110 #
0!
#19705
b111111101001101 #
1!
#19710
b1001000011010010 #
0!
#19715
b111011001000111 #
1!
#19720
b1000000100000011 #
0!
#19725
b1100110111100111 #
1!
#19730
b110011010100100 #
0!
#19735
b100010111111001 #
1!
#19740
b100111001001010 #
0!
#19745
b10110101001000 #
1!
#19750
b110010110011110 #
0!
#19755
b100000010101001 #
1!
#19760
b100110110101100 #
0!
#19765
b1000011001101100 #
1!
#19770
b1000100010001000 #
0!
#19775
b11011100000101 #
1!
#19780
b1101011100001101 #
0!
#19785
b1000110101100111 #
1!
#19790
b1001000011110011 #
0!
#19795
b1011001000001110 #
1!
#19800
b100010110110 #
0!
#19805
b1010010011000000 #
1!
#19810
b1111010110011010 #
0!
#19815
b1010100100 #
1!
#19820
b1011111110001100 #
0!
#19825
b1111111000011011 #
1!
#19830
b1111001010010110 #
0!
#19835
b11001000100010 #
1!
#19840
b1001010010010000 #
0!
#19845
b1000010100000110 #
1!
#19850
b1000011001000101 #
0!
#19855
b110010100000 #
1!
#19860
b1110010101101110 #
0!
#19865
b1110010001010100 #
1!
#19870
b110101101100100 #
0!
#19875
b1110011101011 #
1!
#19880
b1100111101000101 #
0!
#19885
b1000100111000100 #
1!
#19890
b1111001010111 #
0!
#19895
b1010111111011110 #
1!
#19900
b10101001101011 #
0!
#19905
b1001111101100100 #
1!
#19910
b1101110100010110 #
0!
#19915
b1101000000011101 #
1!
#19920
b1001011101011011 #
0!
#19925
b1000101111000 #
1!
#19930
b1001111010110010 #
0!
#19935
b100110011100011 #
1!
#19940
b110111010010110 #
0!
#19945
b1000101101000011 #
1!
#19950
b10001011101110 #
0!
#19955
b1011000111011011 #
1!
#19960
b1100111010010011 #
0!
#19965
b111100010001010 #
1!
#19970
b1110010111100111 #
0!
#19975
b100011111000011 #
1!
#19980
b1001001010010101 #
0!
#19985
b100100101101 #
1!
#19990
b10000100111001 #
0!
#19995
b1110011001101 #
1!
#20000
b101011010000111 #
0!
#20005
b10011110011111 #
1!
#20010
b1101001110101001 #
0!
#20015
b1111101101101101 #
1!
#20020
b111010110100111 #
0!
#20025
b111101010101011 #
1!
#20030
b1011011110110111 #
0!
#20035
b111000110100000 #
1!
#20040
b110100101001 #
0!
#20045
b111010001001100 #
1!
#20050
b100011100100111 #
0!
#20055
b1100101001010000 #
1!
#20060
b1111011110011001 #
0!
#20065
b100000011110101 #
1!
#20070
b1100001011100100 #
0!
#20075
b1001111011100 #
1!
#20080
b1101000100100100 #
0!
#20085
b1100100000101001 #
1!
#20090
b10001001000100 #
0!
#20095
b1010001101100 #
1!
#20100
b1111011010010010 #
0!
#20105
b1011100010101111 #
1!
#20110
b10011000011110 #
0!
#20115
b101111000100010 #
1!
#20120
b1000010000011000 #
0!
#20125
b111111001000100 #
1!
#20130
b100011110101011 #
0!
#20135
b11101010111011 #
1!
#20140
b101011011000101 #
0!
#20145
b100001000010110 #
1!
#20150
b1100000010101010 #
0!
#20155
b1011010111000110 #
1!
#20160
b100010111100 #
0!
#20165
b1111011011110101 #
1!
#20170
b1001000111000101 #
0!
#20175
b1001101111111011 #
1!
#20180
b1111010111111011 #
0!
#20185
b100001101111010 #
1!
#20190
b111000110011111 #
0!
#20195
b111011111001101 #
1!
#20200
b11101011011001 #
0!
#20205
b1001001000010000 #
1!
#20210
b1110000010010110 #
0!
#20215
b1001011011011010 #
1!
#20220
b1011001100000110 #
0!
#20225
b1001000100110 #
1!
#20230
b1100010101000 #
0!
#20235
b10101000001 #
1!
#20240
b1111101100101111 #
0!
#20245
b1011000101110110 #
1!
#20250
b1100001101110 #
0!
#20255
b1000110110000001 #
1!
#20260
b110111100010001 #
0!
#20265
b1011110100001 #
1!
#20270
b1001100110110000 #
0!
#20275
b1011110011110100 #
1!
#20280
b10101100101100 #
0!
#20285
b1011001000001101 #
1!
#20290
b1011110000010 #
0!
#20295
b1101111010000000 #
1!
#20300
b101011001010 #
0!
#20305
b1010111101010001 #
1!
#20310
b1100111101100110 #
0!
#20315
b1111111010010101 #
1!
#20320
b1010101010010100 #
0!
#20325
b1111011100001101 #
1!
#20330
b1011110001100101 #
0!
#20335
b1110101100010101 #
1!
#20340
b110010101110110 #
0!
#20345
b11100010000000 #
1!
#20350
b1001110010100100 #
0!
#20355
b10110100110000 #
1!
#20360
b101100011111001 #
0!
#20365
b1101111110111010 #
1!
#20370
b1110100101011011 #
0!
#20375
b1000011011101 #
1!
#20380
b101111111011101 #
0!
#20385
b1010010111110 #
1!
#20390
b1110000010111000 #
0!
#20395
b1010010100000010 #
1!
#20400
b1010100011100 #
0!
#20405
b1100100101110000 #
1!
#20410
b111110010010100 #
0!
#20415
b1011010011011010 #
1!
#20420
b1101011100011010 #
0!
#20425
b1010010010100001 #
1!
#20430
b111101010001000 #
0!
#20435
b1100100010111101 #
1!
#20440
b1100000000101110 #
0!
#20445
b1011000011010 #
1!
#20450
b101100101000001 #
0!
#20455
b11000111100000 #
1!
#20460
b1010111101001011 #
0!
#20465
b100100011101110 #
1!
#20470
b100111010011110 #
0!
#20475
b1111100000011100 #
1!
#20480
b11110011101101 #
0!
#20485
b10011100000011 #
1!
#20490
b101100110001010 #
0!
#20495
b1110100001100000 #
1!
#20500
b1100010000011101 #
0!
#20505
b101111000010101 #
1!
#20510
b11011000000111 #
0!
#20515
b1001001111100000 #
1!
#20520
b110011010100011 #
0!
#20525
b101101000001101 #
1!
#20530
b110001101100111 #
0!
#20535
b11110110010011 #
1!
#20540
b1111101100111111 #
0!
#20545
b100011000011010 #
1!
#20550
b1011000100011 #
0!
#20555
b1111011100101100 #
1!
#20560
b1111000000110 #
0!
#20565
b1000100111111 #
1!
#20570
b101001001010111 #
0!
#20575
b1000101000000110 #
1!
#20580
b10111010101110 #
0!
#20585
b110010011010101 #
1!
#20590
b1100111101000110 #
0!
#20595
b1000011001000000 #
1!
#20600
b100011111110101 #
0!
#20605
b1010101010111010 #
1!
#20610
b100111110100 #
0!
#20615
b11010110000001 #
1!
#20620
b100001011100100 #
0!
#20625
b1001010010110 #
1!
#20630
b11110000111111 #
0!
#20635
b1010000010010010 #
1!
#20640
b1011110000011100 #
0!
#20645
b1000011100001100 #
1!
#20650
b110011101101111 #
0!
#20655
b1001100001010111 #
1!
#20660
b1010011101011 #
0!
#20665
b1011010100100110 #
1!
#20670
b100001011000011 #
0!
#20675
b1010011001001011 #
1!
#20680
b110001101101011 #
0!
#20685
b11111100100 #
1!
#20690
b100101111100010 #
0!
#20695
b1100000001111 #
1!
#20700
b1000011001000110 #
0!
#20705
b1010101100101110 #
1!
#20710
b1011111010110010 #
0!
#20715
b1111100100100011 #
1!
#20720
b1100001111100 #
0!
#20725
b1000100100100011 #
1!
#20730
b1001011110001011 #
0!
#20735
b1001101101101 #
1!
#20740
b111011011000100 #
0!
#20745
b101001111110110 #
1!
#20750
b1001000000111101 #
0!
#20755
b1111010010010110 #
1!
#20760
b1011110111010000 #
0!
#20765
b110111001010011 #
1!
#20770
b10100111100000 #
0!
#20775
b1110100111100001 #
1!
#20780
b1100011000101101 #
0!
#20785
b110110001010 #
1!
#20790
b1001101011101100 #
0!
#20795
b1111101110001000 #
1!
#20800
b10111111101100 #
0!
#20805
b1100001110010 #
1!
#20810
b1110001010000111 #
0!
#20815
b1111100001001110 #
1!
#20820
b101010111010101 #
0!
#20825
b11101100111101 #
1!
#20830
b1011110110001001 #
0!
#20835
b110110100111001 #
1!
#20840
b101000101011010 #
0!
#20845
b1110001000101111 #
1!
#20850
b1010010100101110 #
0!
#20855
b1010001100111000 #
1!
#20860
b1000000100 #
0!
#20865
b11110010001001 #
1!
#20870
b1101010011100100 #
0!
#20875
b1010100110100011 #
1!
#20880
b1010001000 #
0!
#20885
b11001001110101 #
1!
#20890
b100110001000001 #
0!
#20895
b100101001001110 #
1!
#20900
b1010111101001100 #
0!
#20905
b111000001011001 #
1!
#20910
b1100010101111011 #
0!
#20915
b1000100110100 #
1!
#20920
b10001110000101 #
0!
#20925
b110001101100011 #
1!
#20930
b1011101010000001 #
0!
#20935
b100101101010100 #
1!
#20940
b11101110110011 #
0!
#20945
b11011010100101 #
1!
#20950
b110101000000000 #
0!
#20955
b10111101000 #
1!
#20960
b1001000110100100 #
0!
#20965
b1101100110011011 #
1!
#20970
b1101000101111011 #
0!
#20975
b11001110000 #
1!
#20980
b1000010111000110 #
0!
#20985
b1111000001110110 #
1!
#20990
b1010011011000010 #
0!
#20995
b1110001111001001 #
1!
#21000
b10111011110101 #
0!
#21005
b1111000111111010 #
1!
#21010
b110110011100001 #
0!
#21015
b1101111111010010 #
1!
#21020
b110111110000011 #
0!
#21025
b1111111001001111 #
1!
#21030
b101110111110000 #
0!
#21035
b101011000010 #
1!
#21040
b1101110110101011 #
0!
#21045
b101110100101 #
1!
#21050
b111000010111101 #
0!
#21055
b11000011000010 #
1!
#21060
b1101011100101110 #
0!
#21065
b1011111011101000 #
1!
#21070
b110011011000111 #
0!
#21075
b1101111111100010 #
1!
#21080
b111100101010100 #
0!
#21085
b1000100010000000 #
1!
#21090
b1011101010001011 #
0!
#21095
b101111000001010 #
1!
#21100
b1001111111111100 #
0!
#21105
b1001001001010110 #
1!
#21110
b1010100110010000 #
0!
#21115
b1011110111110010 #
1!
#21120
b1110001000000000 #
0!
#21125
b1100100000000011 #
1!
#21130
b10110100101111 #
0!
#21135
b1100011111000001 #
1!
#21140
b1010010010100010 #
0!
#21145
b1101100110001011 #
1!
#21150
b1010001111 #
0!
#21155
b11101110000 #
1!
#21160
b1111110100110110 #
0!
#21165
b10110001100110 #
1!
#21170
b1010011111001101 #
0!
#21175
b1100101001110101 #
1!
#21180
b1100101111000101 #
0!
#21185
b1111000000111110 #
1!
#21190
b101001111000110 #
0!
#21195
b1110111101101 #
1!
#21200
b1010011011011101 #
0!
#21205
b1001000111010 #
1!
#21210
b10101111111 #
0!
#21215
b1100100110111000 #
1!
#21220
b1110111001001011 #
0!
#21225
b11110100100110 #
1!
#21230
b111101110011100 #
0!
#21235
b101110011000101 #
1!
#21240
b1011111111110100 #
0!
#21245
b1101110001011010 #
1!
#21250
b10110111101011 #
0!
#21255
b10001000001000 #
1!
#21260
b1111001110000110 #
0!
#21265
b1110010100111 #
1!
#21270
b101100001100110 #
0!
#21275
b10011100111110 #
1!
#21280
b10010100110101 #
0!
#21285
b1110100000111110 #
1!
#21290
b1111101010111101 #
0!
#21295
b11011000011101 #
1!
#21300
b1011010101000101 #
0!
#21305
b1110111111001010 #
1!
#21310
b1100110011001011 #
0!
#21315
b1101110111111101 #
1!
#21320
b1011101110010000 #
0!
#21325
b1001100010101110 #
1!
#21330
b100111111111010 #
0!
#21335
b110011110010100 #
1!
#21340
b1011111000100 #
0!
#21345
b1001110101010 #
1!
#21350
b1011100100001101 #
0!
#21355
b1101110111100111 #
1!
#21360
b110000010010000 #
0!
#21365
b100101011010101 #
1!
#21370
b101100111101 #
0!
#21375
b1000011110111 #
1!
#21380
b1111011101111010 #
0!
#21385
b1110101100110000 #
1!
#21390
b1111110100110010 #
0!
#21395
b1000100001010111 #
1!
#21400
b1111010010010011 #
0!
#21405
b110000110110101 #
1!
#21410
b110111000101 #
0!
#21415
b1001010100101011 #
1!
#21420
b11010011000110 #
0!
#21425
b1101011100111001 #
1!
#21430
b111011000000110 #
0!
#21435
b100000010111101 #
1!
#21440
b101011011110000 #
0!
#21445
b11100111110111 #
1!
#21450
b11011101110110 #
0!
#21455
b101011000111000 #
1!
#21460
b1011010110000011 #
0!
#21465
b11010100011010 #
1!
#21470
b100100000101 #
0!
#21475
b110001110011000 #
1!
#21480
b110100111101110 #
0!
#21485
b11010000100011 #
1!
#21490
b110011010101001 #
0!
#21495
b1011000101111001 #
1!
#21500
b101000001110010 #
0!
#21505
b110011110000001 #
1!
#21510
b1001000100100101 #
0!
#21515
b100111011001110 #
1!
#21520
b101010101100 #
0!
#21525
b1011001100101110 #
1!
#21530
b111111011100101 #
0!
#21535
b11100100000 #
1!
#21540
b1110111010001010 #
0!
#21545
b1100101110110111 #
1!
#21550
b1111000001110100 #
0!
#21555
b110011101101010 #
1!
#21560
b1101011011001 #
0!
#21565
b1010101110000 #
1!
#21570
b101111001110111 #
0!
#21575
b1011100100101001 #
1!
#21580
b110100000101100 #
0!
#21585
b1100000101000110 #
1!
#21590
b11010101011 #
0!
#21595
b100010111001 #
1!
#21600
b111100001010110 #
0!
#21605
b1011101111110100 #
1!
#21610
b1110010011100111 #
0!
#21615
b10010110011101 #
1!
#21620
b1010010000101000 #
0!
#21625
b1010101111111011 #
1!
#21630
b1011001010001001 #
0!
#21635
b1001011010111110 #
1!
#21640
b11010110011 #
0!
#21645
b110001 #
1!
#21650
b1111000001010010 #
0!
#21655
b1010110001000100 #
1!
#21660
b111110010111000 #
0!
#21665
b1110100001001000 #
1!
#21670
b1101011000100100 #
0!
#21675
b111000000010110 #
1!
#21680
b1010010010010011 #
0!
#21685
b100110000010110 #
1!
#21690
b110010110011110 #
0!
#21695
b1010111110101010 #
1!
#21700
b1101011001000101 #
0!
#21705
b1101100000000111 #
1!
#21710
b101001000001001 #
0!
#21715
b1111010100101010 #
1!
#21720
b11000011100100 #
0!
#21725
b1111100010000001 #
1!
#21730
b1111110010011 #
0!
#21735
b1000110110001111 #
1!
#21740
b1000110000011100 #
0!
#21745
b1101101110011110 #
1!
#21750
b10101001000 #
0!
#21755
b1000001011010001 #
1!
#21760
b1000101000000011 #
0!
#21765
b110101000010001 #
1!
#21770
b11010000 #
0!
#21775
b1010010010110000 #
1!
#21780
b1000010011111001 #
0!
#21785
b101000110000011 #
1!
#21790
b1100111001010111 #
0!
#21795
b111110001000111 #
1!
#21800
b1001010010111010 #
0!
#21805
b1111111001011001 #
1!
#21810
b1110100010100101 #
0!
#21815
b101100111101111 #
1!
#21820
b1001100101111001 #
0!
#21825
b1001101000011100 #
1!
#21830
b1000111011011011 #
0!
#21835
b100000010001100 #
1!
#21840
b10110100011101 #
0!
#21845
b1010101110100 #
1!
#21850
b1011100011000110 #
0!
#21855
b11011100101 #
1!
#21860
b1010111001101010 #
0!
#21865
b1011000000011 #
1!
#21870
b10010001001111 #
0!
#21875
b11000100011000 #
1!
#21880
b11010101001011 #
0!
#21885
b111111110110 #
1!
#21890
b101000111100111 #
0!
#21895
b111111000100 #
1!
#21900
b1010000011110100 #
0!
#21905
b10011010101100 #
1!
#21910
b111010110001010 #
0!
#21915
b1010110111111110 #
1!
#21920
b1000110000001110 #
0!
#21925
b100101101000001 #
1!
#21930
b1000110100101101 #
0!
#21935
b1101010010101100 #
1!
#21940
b101010010110000 #
0!
#21945
b10100101100010 #
1!
#21950
b101100100101001 #
0!
#21955
b1001101100010 #
1!
#21960
b1001101010110 #
0!
#21965
b10101000110110 #
1!
#21970
b101001010001011 #
0!
#21975
b1011001001001101 #
1!
#21980
b1010010110001111 #
0!
#21985
b111110010110010 #
1!
#21990
b1011010011010000 #
0!
#21995
b1100001001010100 #
1!
#22000
b1010011010011100 #
0!
#22005
b110001001001 #
1!
#22010
b111111111110101 #
0!
#22015
b110111111000 #
1!
#22020
b111010110110000 #
0!
#22025
b1000010000100111 #
1!
#22030
b110100101011001 #
0!
#22035
b1111100010000 #
1!
#22040
b10101100011110 #
0!
#22045
b101001011110110 #
1!
#22050
b1111000101110111 #
0!
#22055
b100001100000101 #
1!
#22060
b1010010100001100 #
0!
#22065
b1010000001101111 #
1!
#22070
b101001111010011 #
0!
#22075
b1000010010010001 #
1!
#22080
b111111000000010 #
0!
#22085
b101101110010001 #
1!
#22090
b1000101000110000 #
0!
#22095
b1011001110100110 #
1!
#22100
b1001100000010 #
0!
#22105
b10111111100000 #
1!
#22110
b101010101110000 #
0!
#22115
b101011110010100 #
1!
#22120
b1000000001010001 #
0!
#22125
b1000011101111001 #
1!
#22130
b10101000100100 #
0!
#22135
b1011111100000111 #
1!
#22140
b1010000111001011 #
0!
#22145
b1000111101011001 #
1!
#22150
b100110001000100 #
0!
#22155
b1111010011101100 #
1!
#22160
b1000011010111 #
0!
#22165
b11010010101101 #
1!
#22170
b1011001011110111 #
0!
#22175
b1100010011100011 #
1!
#22180
b10110111001001 #
0!
#22185
b10001110000101 #
1!
#22190
b1101011110111 #
0!
#22195
b1011110101000100 #
1!
#22200
b1000111100011 #
0!
#22205
b1100011010111111 #
1!
#22210
b110000000 #
0!
#22215
b10011001101000 #
1!
#22220
b1001100010110000 #
0!
#22225
b100101010000001 #
1!
#22230
b1010000101000000 #
0!
#22235
b111000110011 #
1!
#22240
b110000011100110 #
0!
#22245
b1001101000100101 #
1!
#22250
b1111011001000011 #
0!
#22255
b100001010001000 #
1!
#22260
b1100001010011010 #
0!
#22265
b110010111011010 #
1!
#22270
b1011111101010101 #
0!
#22275
b100110010111101 #
1!
#22280
b1101111111101111 #
0!
#22285
b1001111101101 #
1!
#22290
b111010011001001 #
0!
#22295
b111101110011110 #
1!
#22300
b1000110011111000 #
0!
#22305
b1101001011110100 #
1!
#22310
b101001000101110 #
0!
#22315
b1101011100101000 #
1!
#22320
b110101100010001 #
0!
#22325
b1000110111010000 #
1!
#22330
b101011111010100 #
0!
#22335
b10110001111110 #
1!
#22340
b1101010101011011 #
0!
#22345
b1111001111001010 #
1!
#22350
b11111010101101 #
0!
#22355
b100000111111 #
1!
#22360
b1110011110011001 #
0!
#22365
b110101010100111 #
1!
#22370
b1000001001110101 #
0!
#22375
b1011100011011011 #
1!
#22380
b111110000100110 #
0!
#22385
b10010000010100 #
1!
#22390
b110000110100011 #
0!
#22395
b100100111100100 #
1!
#22400
b11001100110100 #
0!
#22405
b101100111001 #
1!
#22410
b1101010000001001 #
0!
#22415
b1000001100010111 #
1!
#22420
b110001100011110 #
0!
#22425
b1100101011001001 #
1!
#22430
b1001100010111011 #
0!
#22435
b1111001100010011 #
1!
#22440
b10110011101011 #
0!
#22445
b1100111101110011 #
1!
#22450
b10110100001011 #
0!
#22455
b1110010101101101 #
1!
#22460
b110100111011000 #
0!
#22465
b100010000000000 #
1!
#22470
b1100101000111101 #
0!
#22475
b110011100110101 #
1!
#22480
b1011010000000010 #
0!
#22485
b1011111111010 #
1!
#22490
b110110011001010 #
0!
#22495
b100001001111000 #
1!
#22500
b110110000000111 #
0!
#22505
b1111000100110111 #
1!
#22510
b1101000110111000 #
0!
#22515
b11011100100 #
1!
#22520
b1010110010110111 #
0!
#22525
b11111000011011 #
1!
#22530
b111001000000100 #
0!
#22535
b1111110100100010 #
1!
#22540
b101000110101101 #
0!
#22545
b10111111110000 #
1!
#22550
b1000111110000111 #
0!
#22555
b11001111111110 #
1!
#22560
b1111010011100100 #
0!
#22565
b1010110000100001 #
1!
#22570
b10000001011101 #
0!
#22575
b111000111101111 #
1!
#22580
b1111001100101000 #
0!
#22585
b110000010111011 #
1!
#22590
b1110010100111010 #
0!
#22595
b100011100100101 #
1!
#22600
b110101001111000 #
0!
#22605
b1011101000001000 #
1!
#22610
b101010010110001 #
0!
#22615
b110100101 #
1!
#22620
b11010100100011 #
0!
#22625
b1110011010010101 #
1!
#22630
b1011000011011000 #
0!
#22635
b1010100010010111 #
1!
#22640
b1110111111011011 #
0!
#22645
b1100111010001100 #
1!
#22650
b1111000001001111 #
0!
#22655
b101101011001 #
1!
#22660
b1111010001100100 #
0!
#22665
b1111010101000 #
1!
#22670
b1101010100001111 #
0!
#22675
b1011010001101101 #
1!
#22680
b110001000101101 #
0!
#22685
b100010010100011 #
1!
#22690
b1101010100010001 #
0!
#22695
b1111000111011101 #
1!
#22700
b1010101111010 #
0!
#22705
b110100001110111 #
1!
#22710
b10111000110001 #
0!
#22715
b1100101000110000 #
1!
#22720
b1010011101100001 #
0!
#22725
b111110101001010 #
1!
#22730
b1101111001010000 #
0!
#22735
b1000010000010 #
1!
#22740
b111001001001101 #
0!
#22745
b10100001011001 #
1!
#22750
b1001111000100100 #
0!
#22755
b100110111011001 #
1!
#22760
b1001100000111111 #
0!
#22765
b1101100110111011 #
1!
#22770
b1110111010111011 #
0!
#22775
b1100110101001111 #
1!
#22780
b1111000110001101 #
0!
#22785
b1011100001011101 #
1!
#22790
b11100100000 #
0!
#22795
b1001101000101011 #
1!
#22800
b1100001000101 #
0!
#22805
b1011011111111110 #
1!
#22810
b1110011100010010 #
0!
#22815
b1000001010000010 #
1!
#22820
b110110000000011 #
0!
#22825
b111110110010001 #
1!
#22830
b100011101011110 #
0!
#22835
b1001001101101 #
1!
#22840
b100101100000 #
0!
#22845
b111100111011101 #
1!
#22850
b1010010110111000 #
0!
#22855
b1001010101111111 #
1!
#22860
b1100100110111011 #
0!
#22865
b1101010110100010 #
1!
#22870
b11110110011100 #
0!
#22875
b1010110000011 #
1!
#22880
b100100110010000 #
0!
#22885
b111110000111000 #
1!
#22890
b101100101101 #
0!
#22895
b110000100011110 #
1!
#22900
b1110001100011000 #
0!
#22905
b1111011100000 #
1!
#22910
b1100101010000010 #
0!
#22915
b1001101111 #
1!
#22920
b1011011001100110 #
0!
#22925
b10010010111000 #
1!
#22930
b1111011101100100 #
0!
#22935
b100011101001110 #
1!
#22940
b1001110110111111 #
0!
#22945
b1011101010011111 #
1!
#22950
b1100111011101011 #
0!
#22955
b11101000100110 #
1!
#22960
b11001001100001 #
0!
#22965
b1100111111011111 #
1!
#22970
b100101111111010 #
0!
#22975
b1010101000101001 #
1!
#22980
b1101010101101011 #
0!
#22985
b101111111101 #
1!
#22990
b10100100001100 #
0!
#22995
b1111011001111 #
1!
#23000
b1001111000110000 #
0!
#23005
b1101110101111110 #
1!
#23010
b1110011101001110 #
0!
#23015
b1110011001011001 #
1!
#23020
b110110010010111 #
0!
#23025
b110111100000011 #
1!
#23030
b1011110001111011 #
0!
#23035
b111001011001 #
1!
#23040
b1101101111001111 #
0!
#23045
b1010110110000111 #
1!
#23050
b1010011001110111 #
0!
#23055
b101111011100100 #
1!
#23060
b100001100001101 #
0!
#23065
b100010000101000 #
1!
#23070
b110010100010110 #
0!
#23075
b110100001111101 #
1!
#23080
b1100010110000101 #
0!
#23085
b1010000101000001 #
1!
#23090
b111000000011010 #
0!
#23095
b111001001011011 #
1!
#23100
b11100001011100 #
0!
#23105
b1110110000111000 #
1!
#23110
b10011001001 #
0!
#23115
b1000110000010101 #
1!
#23120
b11110011001000 #
0!
#23125
b1011011011000 #
1!
#23130
b10000000100100 #
0!
#23135
b1000000101011110 #
1!
#23140
b10110000011101 #
0!
#23145
b1100101010001110 #
1!
#23150
b111110000110101 #
0!
#23155
b1101110111010101 #
1!
#23160
b10010011110100 #
0!
#23165
b111000101010101 #
1!
#23170
b1001011001011111 #
0!
#23175
b1110101010001110 #
1!
#23180
b101010 #
0!
#23185
b11100111000001 #
1!
#23190
b1010101000111010 #
0!
#23195
b1011011001101001 #
1!
#23200
b101101111110010 #
0!
#23205
b110011101011 #
1!
#23210
b1011010111100111 #
0!
#23215
b111111010010 #
1!
#23220
b1001001010101001 #
0!
#23225
b1001101010100001 #
1!
#23230
b111000001011010 #
0!
#23235
b111110111110010 #
1!
#23240
b1100000010110001 #
0!
#23245
b100110110110000 #
1!
#23250
b101100110000111 #
0!
#23255
b100111100000111 #
1!
#23260
b1100010111111100 #
0!
#23265
b101000110011100 #
1!
#23270
b1010110000000001 #
0!
#23275
b1000111011011100 #
1!
#23280
b11011110001010 #
0!
#23285
b1000111010101010 #
1!
#23290
b110010011101000 #
0!
#23295
b100000001001 #
1!
#23300
b111010010010000 #
0!
#23305
b1011100010000000 #
1!
#23310
b11111010101111 #
0!
#23315
b100101000011010 #
1!
#23320
b1001101001111011 #
0!
#23325
b11010101001000 #
1!
#23330
b1011011010101111 #
0!
#23335
b1001111000011100 #
1!
#23340
b1000010010001100 #
0!
#23345
b11001010011111 #
1!
#23350
b100011111100 #
0!
#23355
b1000011000101 #
1!
#23360
b1100110101000110 #
0!
#23365
b1001111100110000 #
1!
#23370
b11000101110010 #
0!
#23375
b110111010111010 #
1!
#23380
b1101001101100000 #
0!
#23385
b10000101010001 #
1!
#23390
b1110101001111110 #
0!
#23395
b100001100010101 #
1!
#23400
b1010111101110101 #
0!
#23405
b10100001110110 #
1!
#23410
b1011001110001010 #
0!
#23415
b1101100110111101 #
1!
#23420
b100000100110011 #
0!
#23425
b1110001011011010 #
1!
#23430
b1100001010010011 #
0!
#23435
b11111010110111 #
1!
#23440
b10000000110010 #
0!
#23445
b11100000101100 #
1!
#23450
b1101111010011 #
0!
#23455
b100000011101010 #
1!
#23460
b1010110000110101 #
0!
#23465
b1101011110100110 #
1!
#23470
b111001000001000 #
0!
#23475
b110011010010001 #
1!
#23480
b1011 #
0!
#23485
b10100101010101 #
1!
#23490
b100100100111100 #
0!
#23495
b11011010 #
1!
#23500
b1111100111001010 #
0!
#23505
b101110111110110 #
1!
#23510
b1101100110011100 #
0!
#23515
b1101111010110 #
1!
#23520
b10111010010001 #
0!
#23525
b101111000111011 #
1!
#23530
b1111101000000 #
0!
#23535
b111110101001001 #
1!
#23540
b1110011100 #
0!
#23545
b1101011111011000 #
1!
#23550
b1101010101101100 #
0!
#23555
b1011100010000011 #
1!
#23560
b1000110111010010 #
0!
#23565
b11011000100000 #
1!
#23570
b111101100111101 #
0!
#23575
b1010010111111 #
1!
#23580
b1010110010001001 #
0!
#23585
b1010010110010110 #
1!
#23590
b100101100110110 #
0!
#23595
b1010000100111100 #
1!
#23600
b1111101110111111 #
0!
#23605
b1000101001111 #
1!
#23610
b11111010101101 #
0!
#23615
b10011110011000 #
1!
#23620
b1101010101110010 #
0!
#23625
b10010001101100 #
1!
#23630
b1010110000100 #
0!
#23635
b11010010000100 #
1!
#23640
b101011101100101 #
0!
#23645
b100111110010011 #
1!
#23650
b100100000111001 #
0!
#23655
b1010001110101 #
1!
#23660
b101110111101010 #
0!
#23665
b1011100110110110 #
1!
#23670
b1011110101110 #
0!
#23675
b1101001101011010 #
1!
#23680
b1000000000001111 #
0!
#23685
b100111100001000 #
1!
#23690
b111101110110100 #
0!
#23695
b11110000000010 #
1!
#23700
b10001011000011 #
0!
#23705
b1011111001101101 #
1!
#23710
b11000011000110 #
0!
#23715
b1101110100110100 #
1!
#23720
b101101001000101 #
0!
#23725
b111001101001101 #
1!
#23730
b1011010011101111 #
0!
#23735
b100100 #
1!
#23740
b100010000010 #
0!
#23745
b1001011100001101 #
1!
#23750
b100000101011010 #
0!
#23755
b1011001101010111 #
1!
#23760
b1100010010101010 #
0!
#23765
b1100100011010 #
1!
#23770
b1101001101110011 #
0!
#23775
b1011111010000011 #
1!
#23780
b1110110110101001 #
0!
#23785
b1010001111010100 #
1!
#23790
b10100000100010 #
0!
#23795
b1011001110010111 #
1!
#23800
b1001110010111101 #
0!
#23805
b1010001000101111 #
1!
#23810
b1011101100010011 #
0!
#23815
b1101100001110010 #
1!
#23820
b1011000011101001 #
0!
#23825
b100001101101010 #
1!
#23830
b1100011101111110 #
0!
#23835
b11110001101101 #
1!
#23840
b1100001101110100 #
0!
#23845
b110111110101010 #
1!
#23850
b100100101101001 #
0!
#23855
b1010110001000001 #
1!
#23860
b11001100110000 #
0!
#23865
b1101010111011111 #
1!
#23870
b1111101111100100 #
0!
#23875
b1011001001110111 #
1!
#23880
b1100110111111 #
0!
#23885
b1101111010111010 #
1!
#23890
b101110000101010 #
0!
#23895
b1001110111100001 #
1!
#23900
b101010110010110 #
0!
#23905
b1011100000010101 #
1!
#23910
b1010011100100110 #
0!
#23915
b111001101001101 #
1!
#23920
b111111011100110 #
0!
#23925
b101000110101110 #
1!
#23930
b1101100001011100 #
0!
#23935
b11011110010 #
1!
#23940
b1111010100110001 #
0!
#23945
b101000101111010 #
1!
#23950
b1010101010010110 #
0!
#23955
b1101111111000011 #
1!
#23960
b1101001011000101 #
0!
#23965
b10011101110000 #
1!
#23970
b1001101001101110 #
0!
#23975
b100101000110000 #
1!
#23980
b1111001010111111 #
0!
#23985
b1111110000110001 #
1!
#23990
b1110010000001110 #
0!
#23995
b101011101111110 #
1!
#24000
b1111010111101111 #
0!
#24005
b1011111101001111 #
1!
#24010
b1000010100110010 #
0!
#24015
b1100110000111010 #
1!
#24020
b11001000110111 #
0!
#24025
b1101110010110 #
1!
#24030
b11011111011010 #
0!
#24035
b11100111110001 #
1!
#24040
b1100011110101101 #
0!
#24045
b111101100110111 #
1!
#24050
b111010110101101 #
0!
#24055
b1110011110111110 #
1!
#24060
b1000111000111001 #
0!
#24065
b110100011011 #
1!
#24070
b111111101111010 #
0!
#24075
b1110010010111011 #
1!
#24080
b10100111011001 #
0!
#24085
b1011100001000100 #
1!
#24090
b100110111010110 #
0!
#24095
b1111110100000110 #
1!
#24100
b1110110101011010 #
0!
#24105
b11000110010000 #
1!
#24110
b1001111101001110 #
0!
#24115
b1011110101011100 #
1!
#24120
b1111100010100001 #
0!
#24125
b1101101110110100 #
1!
#24130
b1110110000100111 #
0!
#24135
b110111011100100 #
1!
#24140
b10011101011000 #
0!
#24145
b1110011011000111 #
1!
#24150
b111010100011011 #
0!
#24155
b1111001010101 #
1!
#24160
b1011000100100 #
0!
#24165
b100000000111001 #
1!
#24170
b11001000010111 #
0!
#24175
b1001101011110111 #
1!
#24180
b10001000100100 #
0!
#24185
b1001000110010000 #
1!
#24190
b1110000101101111 #
0!
#24195
b110110110100011 #
1!
#24200
b110010111110001 #
0!
#24205
b100011110101111 #
1!
#24210
b1111111101110001 #
0!
#24215
b1110001101011100 #
1!
#24220
b1011101011010011 #
0!
#24225
b1000111000100100 #
1!
#24230
b1100010111101101 #
0!
#24235
b11010010101 #
1!
#24240
b1100001001100111 #
0!
#24245
b101001100101011 #
1!
#24250
b11001010001000 #
0!
#24255
b1010010110110111 #
1!
#24260
b1101010001101100 #
0!
#24265
b11111011100011 #
1!
#24270
b1110000 #
0!
#24275
b100101100001100 #
1!
#24280
b111111110011 #
0!
#24285
b1011111101110001 #
1!
#24290
b1010110101010010 #
0!
#24295
b100001110011100 #
1!
#24300
b100101010011011 #
0!
#24305
b101111010 #
1!
#24310
b111001100010111 #
0!
#24315
b1001100000010101 #
1!
#24320
b10100000110000 #
0!
#24325
b1111000111000111 #
1!
#24330
b100111101011101 #
0!
#24335
b1101001011110 #
1!
#24340
b1000111011 #
0!
#24345
b11011001100100 #
1!
#24350
b1111110100100101 #
0!
#24355
b101001111100010 #
1!
#24360
b1111001011100101 #
0!
#24365
b100010100100101 #
1!
#24370
b1111011010100110 #
0!
#24375
b1000111000110110 #
1!
#24380
b1101011111000110 #
0!
#24385
b100000011001101 #
1!
#24390
b111110011001110 #
0!
#24395
b1101011100101000 #
1!
#24400
b100101011100110 #
0!
#24405
b1101111001100 #
1!
#24410
b1000011101010001 #
0!
#24415
b1111110011010010 #
1!
#24420
b1010110110100111 #
0!
#24425
b111110011010101 #
1!
#24430
b1101001111011010 #
0!
#24435
b1000011111010110 #
1!
#24440
b1001011001111 #
0!
#24445
b1101010100110110 #
1!
#24450
b1101111000111100 #
0!
#24455
b1100010100111101 #
1!
#24460
b101111001100110 #
0!
#24465
b100110000110110 #
1!
#24470
b1110001100101111 #
0!
#24475
b1100001100110100 #
1!
#24480
b10101110100111 #
0!
#24485
b1101000001101011 #
1!
#24490
b1101101001111110 #
0!
#24495
b100101100101001 #
1!
#24500
b1101001010111000 #
0!
#24505
b111101000010 #
1!
#24510
b1000011100110110 #
0!
#24515
b1110100101011101 #
1!
#24520
b111000101011110 #
0!
#24525
b111000010110010 #
1!
#24530
b110000110110110 #
0!
#24535
b1110100110011110 #
1!
#24540
b1110001101101101 #
0!
#24545
b10001001001011 #
1!
#24550
b1010001100100100 #
0!
#24555
b101100000011000 #
1!
#24560
b1100010100101001 #
0!
#24565
b1001010100110 #
1!
#24570
b100110101000110 #
0!
#24575
b1100000010 #
1!
#24580
b111001101000011 #
0!
#24585
b1110101101100010 #
1!
#24590
b1011100011111 #
0!
#24595
b111010100010100 #
1!
#24600
b100111000110 #
0!
#24605
b1100110101000 #
1!
#24610
b111111001101001 #
0!
#24615
b1111100010000101 #
1!
#24620
b110001010001110 #
0!
#24625
b1100011001111011 #
1!
#24630
b1100000101000101 #
0!
#24635
b1001101110000101 #
1!
#24640
b1110110011000 #
0!
#24645
b1110000110110001 #
1!
#24650
b1101100100101011 #
0!
#24655
b10100011101100 #
1!
#24660
b1001000011001111 #
0!
#24665
b1010111110010 #
1!
#24670
b1000001110010100 #
0!
#24675
b10110100011100 #
1!
#24680
b1101111010100101 #
0!
#24685
b1100110110001000 #
1!
#24690
b11100000111111 #
0!
#24695
b1111010010111100 #
1!
#24700
b1101111000011010 #
0!
#24705
b11010101101100 #
1!
#24710
b11101010110001 #
0!
#24715
b1000101001100011 #
1!
#24720
b10111001111000 #
0!
#24725
b11101101010010 #
1!
#24730
b1000000110110110 #
0!
#24735
b1011101111000100 #
1!
#24740
b10101001110000 #
0!
#24745
b1000100100011100 #
1!
#24750
b1100100110001111 #
0!
#24755
b1001001111010 #
1!
#24760
b1110111111011110 #
0!
#24765
b1000110110000101 #
1!
#24770
b1000111010010110 #
0!
#24775
b1101110000001010 #
1!
#24780
b101011011100010 #
0!
#24785
b111000101100001 #
1!
#24790
b111111110101 #
0!
#24795
b10010000101111 #
1!
#24800
b1111111010000110 #
0!
#24805
b10000000111111 #
1!
#24810
b100010101010000 #
0!
#24815
b1011100000010011 #
1!
#24820
b100000010101011 #
0!
#24825
b100101011010001 #
1!
#24830
b1110110111100110 #
0!
#24835
b10001001111011 #
1!
#24840
b11110001111101 #
0!
#24845
b101100011110011 #
1!
#24850
b1000001100011100 #
0!
#24855
b1011000010010011 #
1!
#24860
b1100101000010111 #
0!
#24865
b111100010010101 #
1!
#24870
b100000111101001 #
0!
#24875
b110110001011101 #
1!
#24880
b1000100110010100 #
0!
#24885
b1001001010000000 #
1!
#24890
b10010000101000 #
0!
#24895
b10001101110001 #
1!
#24900
b1101001101010101 #
0!
#24905
b101100100101111 #
1!
#24910
b1110110000101101 #
0!
#24915
b101111000010010 #
1!
#24920
b1100010010010110 #
0!
#24925
b11000110100101 #
1!
#24930
b1000010110110 #
0!
#24935
b110111000111001 #
1!
#24940
b11101100101000 #
0!
#24945
b100101110011100 #
1!
#24950
b1100111010010010 #
0!
#24955
b101111110110100 #
1!
#24960
b1101000001101110 #
0!
#24965
b1001000111010000 #
1!
#24970
b10001100001111 #
0!
#24975
b1111100111100010 #
1!
#24980
b1110000101110001 #
0!
#24985
b1011000011011000 #
1!
#24990
b1100011110010000 #
0!
#24995
b1100100100110100 #
1!
#25000
b1000101100100011 #
0!
#25005
b1010001010011 #
1!
#25010
b11101001011011 #
0!
#25015
b1101111111100 #
1!
#25020
b1010011110100100 #
0!
#25025
b1110101111000011 #
1!
#25030
b1011100111111111 #
0!
#25035
b1111110110110010 #
1!
#25040
b1101001010110110 #
0!
#25045
b1110111111001 #
1!
#25050
b11101001011010 #
0!
#25055
b11100100111001 #
1!
#25060
b110101100010011 #
0!
#25065
b101011101011110 #
1!
#25070
b111111110111001 #
0!
#25075
b101110000111110 #
1!
#25080
b1000101111100110 #
0!
#25085
b10011110101 #
1!
#25090
b111110111 #
0!
#25095
b1011001101011000 #
1!
#25100
b111100011100 #
0!
#25105
b101010101110010 #
1!
#25110
b1111110100101001 #
0!
#25115
b100100111101100 #
1!
#25120
b1001001011000110 #
0!
#25125
b11001100111000 #
1!
#25130
b110111011000010 #
0!
#25135
b1110011001110100 #
1!
#25140
b111000100111101 #
0!
#25145
b100011110010110 #
1!
#25150
b1001110101011 #
0!
#25155
b1110101010011 #
1!
#25160
b1100100101001000 #
0!
#25165
b100100100 #
1!
#25170
b110001101000111 #
0!
#25175
b11011110101001 #
1!
#25180
b111001011111110 #
0!
#25185
b1000110010001011 #
1!
#25190
b1001111011010111 #
0!
#25195
b11111101101000 #
1!
#25200
b110110010000 #
0!
#25205
b1101010010011100 #
1!
#25210
b1011111001000010 #
0!
#25215
b100100010 #
1!
#25220
b1111001111000001 #
0!
#25225
b1000010000000100 #
1!
#25230
b1000001010100111 #
0!
#25235
b101110111010 #
1!
#25240
b100000000111011 #
0!
#25245
b101001111011 #
1!
#25250
b110001010111100 #
0!
#25255
b1010011110000110 #
1!
#25260
b1101001001110110 #
0!
#25265
b1000111011000111 #
1!
#25270
b1001110001111011 #
0!
#25275
b1110000000000111 #
1!
#25280
b100010001111011 #
0!
#25285
b1001100100 #
1!
#25290
b10110011111011 #
0!
#25295
b1000011010111101 #
1!
#25300
b1111000100100010 #
0!
#25305
b111100110001 #
1!
#25310
b1100110100000111 #
0!
#25315
b10001100111111 #
1!
#25320
b1111011000010111 #
0!
#25325
b1111011110111 #
1!
#25330
b1111110001011110 #
0!
#25335
b1000100100 #
1!
#25340
b10111001010100 #
0!
#25345
b101111000011010 #
1!
#25350
b1111010100010011 #
0!
#25355
b11000111011011 #
1!
#25360
b11011101001001 #
0!
#25365
b1011110001100010 #
1!
#25370
b1011010000010000 #
0!
#25375
b111100000001110 #
1!
#25380
b110101001110001 #
0!
#25385
b1110001000010100 #
1!
#25390
b1111010100100100 #
0!
#25395
b110100110010111 #
1!
#25400
b1110011001111101 #
0!
#25405
b11111101010101 #
1!
#25410
b11001010100011 #
0!
#25415
b100101010110111 #
1!
#25420
b1000011011100100 #
0!
#25425
b1111101100010010 #
1!
#25430
b1010101000000110 #
0!
#25435
b10101010001111 #
1!
#25440
b1110011111110001 #
0!
#25445
b1001011000 #
1!
#25450
b101100010000110 #
0!
#25455
b1101011010001001 #
1!
#25460
b110000100101101 #
0!
#25465
b10001101010 #
1!
#25470
b1111100000101111 #
0!
#25475
b1101100110111001 #
1!
#25480
b1010100110100 #
0!
#25485
b110101101110110 #
1!
#25490
b10101011001 #
0!
#25495
b111110111001110 #
1!
#25500
b1101101111010010 #
0!
#25505
b110000100110110 #
1!
#25510
b1011110000001001 #
0!
#25515
b1101000011000000 #
1!
#25520
b101000010000100 #
0!
#25525
b1101010001011010 #
1!
#25530
b1100000101000 #
0!
#25535
b1010000110110011 #
1!
#25540
b1101001100101000 #
0!
#25545
b111000100011010 #
1!
#25550
b1101011100010111 #
0!
#25555
b111010101000001 #
1!
#25560
b111110000001100 #
0!
#25565
b1010001010111011 #
1!
#25570
b111010010000000 #
0!
#25575
b1001110010111001 #
1!
#25580
b10101000001010 #
0!
#25585
b1001010101100110 #
1!
#25590
b10101111111100 #
0!
#25595
b10010101100100 #
1!
#25600
b111100100000110 #
0!
#25605
b11001100101111 #
1!
#25610
b1111010001100100 #
0!
#25615
b1101010001111100 #
1!
#25620
b1100000001100010 #
0!
#25625
b10101010010110 #
1!
#25630
b1001001101100100 #
0!
#25635
b11111111010101 #
1!
#25640
b10001010111010 #
0!
#25645
b1110011001100101 #
1!
#25650
b111111100101010 #
0!
#25655
b1010100011100001 #
1!
#25660
b111011110011001 #
0!
#25665
b1001001000111100 #
1!
#25670
b1111001111001001 #
0!
#25675
b10001100100011 #
1!
#25680
b101101101011000 #
0!
#25685
b1110010101110 #
1!
#25690
b1110111100101011 #
0!
#25695
b111011010100010 #
1!
#25700
b10101011101000 #
0!
#25705
b11000100111001 #
1!
#25710
b10101000011100 #
0!
#25715
b11001001111011 #
1!
#25720
b1010111101 #
0!
#25725
b11011111111001 #
1!
#25730
b10010001011111 #
0!
#25735
b1010000100110010 #
1!
#25740
b1011111110001000 #
0!
#25745
b101111001101011 #
1!
#25750
b1100101001000 #
0!
#25755
b1100110110111111 #
1!
#25760
b1111100100001110 #
0!
#25765
b1001001000011111 #
1!
#25770
b1111010001 #
0!
#25775
b1000010000010000 #
1!
#25780
b1000010111011 #
0!
#25785
b1000000110100110 #
1!
#25790
b1001111010011111 #
0!
#25795
b101001100000011 #
1!
#25800
b1111100111010 #
0!
#25805
b1001001110011100 #
1!
#25810
b110011111111000 #
0!
#25815
b1000010101110000 #
1!
#25820
b1111000011 #
0!
#25825
b1111011100100000 #
1!
#25830
b1001101100011011 #
0!
#25835
b10010101101010 #
1!
#25840
b101010101010111 #
0!
#25845
b1001010010011101 #
1!
#25850
b11001111101110 #
0!
#25855
b1111111001000001 #
1!
#25860
b111001110101001 #
0!
#25865
b1111100101100 #
1!
#25870
b1110110110001001 #
0!
#25875
b1010000101011111 #
1!
#25880
b111100011100000 #
0!
#25885
b1111101001110110 #
1!
#25890
b100010110000100 #
0!
#25895
b101010110011111 #
1!
#25900
b100001011110011 #
0!
#25905
b101100001100010 #
1!
#25910
b111011110001110 #
0!
#25915
b10011000110000 #
1!
#25920
b110101011010110 #
0!
#25925
b10010101110011 #
1!
#25930
b111111000111101 #
0!
#25935
b1110010110011010 #
1!
#25940
b101000100101110 #
0!
#25945
b11000100001 #
1!
#25950
b1100110010001 #
0!
#25955
b1100100001001 #
1!
#25960
b110111000001 #
0!
#25965
b110111100001110 #
1!
#25970
b1100000100100100 #
0!
#25975
b111101100010 #
1!
#25980
b111111001100010 #
0!
#25985
b1000100101110000 #
1!
#25990
b1011000101111101 #
0!
#25995
b1101010101010000 #
1!
#26000
b11111110001001 #
0!
#26005
b11111001111111 #
1!
#26010
b1110100101111111 #
0!
#26015
b11011011010001 #
1!
#26020
b1010101001011001 #
0!
#26025
b11110001000110 #
1!
#26030
b10000001101011 #
0!
#26035
b1011110001011111 #
1!
#26040
b1101111100111011 #
0!
#26045
b1110111110110000 #
1!
#26050
b1101011001101100 #
0!
#26055
b1011011101010111 #
1!
#26060
b1011011111011000 #
0!
#26065
b1000001100100101 #
1!
#26070
b100011100101010 #
0!
#26075
b11000010100000 #
1!
#26080
b1100110010100100 #
0!
#26085
b1110010010010000 #
1!
#26090
b110110101010101 #
0!
#26095
b1111001001000110 #
1!
#26100
b1000000110100111 #
0!
#26105
b1011110100100101 #
1!
#26110
b1110100101 #
0!
#26115
b1000111000000110 #
1!
#26120
b1110101111010001 #
0!
#26125
b111110011000110 #
1!
#26130
b1000100101000110 #
0!
#26135
b100101001111011 #
1!
#26140
b1110101110000000 #
0!
#26145
b100101001010010 #
1!
#26150
b11100100100111 #
0!
#26155
b11011111101011 #
1!
#26160
b1100001110001 #
0!
#26165
b1011111000101 #
1!
#26170
b110100100101 #
0!
#26175
b1110101101001 #
1!
#26180
b1101001011100010 #
0!
#26185
b1000101001110010 #
1!
#26190
b1100001110001000 #
0!
#26195
b1000101001000111 #
1!
#26200
b11010100001110 #
0!
#26205
b1010100111110 #
1!
#26210
b1101011011001100 #
0!
#26215
b1100101110000111 #
1!
#26220
b1101110111111 #
0!
#26225
b1101111000100101 #
1!
#26230
b1000010100101111 #
0!
#26235
b1110100001010001 #
1!
#26240
b1111000110011 #
0!
#26245
b1101010111110001 #
1!
#26250
b1100100011111010 #
0!
#26255
b1011001000010111 #
1!
#26260
b1010000100001000 #
0!
#26265
b1010010001101010 #
1!
#26270
b101111111111011 #
0!
#26275
b1011001001110010 #
1!
#26280
b1011100101100101 #
0!
#26285
b1011100011100101 #
1!
#26290
b1100001000101111 #
0!
#26295
b11011001010011 #
1!
#26300
b100011100011111 #
0!
#26305
b11110010000011 #
1!
#26310
b10111100001001 #
0!
#26315
b100100110100111 #
1!
#26320
b1110001000000110 #
0!
#26325
b1111011110111 #
1!
#26330
b1010000001011111 #
0!
#26335
b1011010111111001 #
1!
#26340
b1110101000100011 #
0!
#26345
b100000110100 #
1!
#26350
b1101011101011110 #
0!
#26355
b100000111001 #
1!
#26360
b111101000010000 #
0!
#26365
b110100011001101 #
1!
#26370
b100100110010000 #
0!
#26375
b1000111100110100 #
1!
#26380
b110111000100101 #
0!
#26385
b110100001101011 #
1!
#26390
b11010101101000 #
0!
#26395
b101001111011001 #
1!
#26400
b110000010111010 #
0!
#26405
b1111010100101011 #
1!
#26410
b1001011101000111 #
0!
#26415
b10001111101000 #
1!
#26420
b1011000100101111 #
0!
#26425
b1011101000111111 #
1!
#26430
b10100101101101 #
0!
#26435
b1000100100011001 #
1!
#26440
b111011011110001 #
0!
#26445
b10010110100110 #
1!
#26450
b110101011100110 #
0!
#26455
b1101001001011101 #
1!
#26460
b1001001100111001 #
0!
#26465
b101111001010110 #
1!
#26470
b1001010011001011 #
0!
#26475
b100001001001 #
1!
#26480
b1001110110111001 #
0!
#26485
b101011110110100 #
1!
#26490
b1010011011100011 #
0!
#26495
b1111110101001001 #
1!
#26500
b1111001111110101 #
0!
#26505
b1011011010100110 #
1!
#26510
b101100000100001 #
0!
#26515
b11010110110000 #
1!
#26520
b1011000001110000 #
0!
#26525
b1110110000100100 #
1!
#26530
b10100011011100 #
0!
#26535
b100111101 #
1!
#26540
b1011000010000000 #
0!
#26545
b10001010011000 #
1!
#26550
b101001001011010 #
0!
#26555
b110110100101011 #
1!
#26560
b1001001011100101 #
0!
#26565
b100010011101010 #
1!
#26570
b1101001010001110 #
0!
#26575
b100001101101110 #
1!
#26580
b1011000011101111 #
0!
#26585
b110001100 #
1!
#26590
b110010010001101 #
0!
#26595
b111100100100 #
1!
#26600
b10010101011110 #
0!
#26605
b1100000101011011 #
1!
#26610
b1000001110101110 #
0!
#26615
b1110111100010 #
1!
#26620
b1100110110111111 #
0!
#26625
b1011001110111011 #
1!
#26630
b110110011001010 #
0!
#26635
b111101011101101 #
1!
#26640
b100011001110100 #
0!
#26645
b1011111010110110 #
1!
#26650
b1101010100000 #
0!
#26655
b1111001011111000 #
1!
#26660
b1110101100100110 #
0!
#26665
b1001011101111101 #
1!
#26670
b100110110111111 #
0!
#26675
b1001001111111 #
1!
#26680
b1101011011010100 #
0!
#26685
b1010000100100001 #
1!
#26690
b111101000001101 #
0!
#26695
b10010001010111 #
1!
#26700
b1110010000111101 #
0!
#26705
b110011100110 #
1!
#26710
b1110001100111110 #
0!
#26715
b11010110010000 #
1!
#26720
b1011010011011000 #
0!
#26725
b1100011011110011 #
1!
#26730
b1000000101011001 #
0!
#26735
b1000100110101 #
1!
#26740
b1010000000010011 #
0!
#26745
b111011111001111 #
1!
#26750
b111110100011 #
0!
#26755
b100001000010001 #
1!
#26760
b1100001000010000 #
0!
#26765
b1000110001101110 #
1!
#26770
b110111111101 #
0!
#26775
b1100000000100 #
1!
#26780
b1111100010011101 #
0!
#26785
b11010000110110 #
1!
#26790
b1011001000100000 #
0!
#26795
b1001110000001001 #
1!
#26800
b1110000010011000 #
0!
#26805
b101100111001101 #
1!
#26810
b110111011 #
0!
#26815
b1001101101111111 #
1!
#26820
b1101001101111111 #
0!
#26825
b1010010100000010 #
1!
#26830
b1010111111011110 #
0!
#26835
b1010000011001111 #
1!
#26840
b1110110001011011 #
0!
#26845
b1000010110111010 #
1!
#26850
b11101110110111 #
0!
#26855
b1111100100001111 #
1!
#26860
b100011000011 #
0!
#26865
b10011100100101 #
1!
#26870
b1110000000001001 #
0!
#26875
b1010111110100110 #
1!
#26880
b1100011000110010 #
0!
#26885
b111011000100001 #
1!
#26890
b1001110001101100 #
0!
#26895
b1001000010011111 #
1!
#26900
b1000000101100001 #
0!
#26905
b1110100011111 #
1!
#26910
b10101010110010 #
0!
#26915
b10100110110110 #
1!
#26920
b101000011100010 #
0!
#26925
b1000101101100001 #
1!
#26930
b10010000101 #
0!
#26935
b1100010110111101 #
1!
#26940
b1010110110011 #
0!
#26945
b1110011011100100 #
1!
#26950
b110101010011011 #
0!
#26955
b110110101101001 #
1!
#26960
b110100111111101 #
0!
#26965
b10000111011111 #
1!
#26970
b101010010010100 #
0!
#26975
b1111001000101100 #
1!
#26980
b1010101111000000 #
0!
#26985
b1110001000011010 #
1!
#26990
b1000000111011011 #
0!
#26995
b1101110100100101 #
1!
#27000
b1111000010011101 #
0!
#27005
b1001101111111110 #
1!
#27010
b110110110100110 #
0!
#27015
b111101111001100 #
1!
#27020
b1110101110000 #
0!
#27025
b111001010111111 #
1!
#27030
b101000101100110 #
0!
#27035
b1101100101101000 #
1!
#27040
b1100100000000110 #
0!
#27045
b101011001101001 #
1!
#27050
b10100011000000 #
0!
#27055
b1100000111101001 #
1!
#27060
b101000010010100 #
0!
#27065
b1111010000101101 #
1!
#27070
b1011010101110011 #
0!
#27075
b1011111001000010 #
1!
#27080
b1100111000100111 #
0!
#27085
b1011011011001110 #
1!
#27090
b110111100101101 #
0!
#27095
b1111111011101 #
1!
#27100
b10000011011100 #
0!
#27105
b1100100001111010 #
1!
#27110
b1001000011000011 #
0!
#27115
b1110111000110001 #
1!
#27120
b1110001111110100 #
0!
#27125
b1100011101111 #
1!
#27130
b1101111000000 #
0!
#27135
b1111100100100111 #
1!
#27140
b111000110100001 #
0!
#27145
b101000000111111 #
1!
#27150
b1100010011001100 #
0!
#27155
b1100101001011010 #
1!
#27160
b1110011110101000 #
0!
#27165
b1101111000010010 #
1!
#27170
b110011100000 #
0!
#27175
b1010111011001011 #
1!
#27180
b10000110011001 #
0!
#27185
b1110110010110101 #
1!
#27190
b10111010111001 #
0!
#27195
b1011000000100110 #
1!
#27200
b1011101011100011 #
0!
#27205
b110011011010110 #
1!
#27210
b10011110001000 #
0!
#27215
b1001111000100110 #
1!
#27220
b111001011111 #
0!
#27225
b1111101000111110 #
1!
#27230
b1011000101010110 #
0!
#27235
b1000111101 #
1!
#27240
b11110010101010 #
0!
#27245
b1001101101000 #
1!
#27250
b100011100010111 #
0!
#27255
b10101100010000 #
1!
#27260
b1110111101001 #
0!
#27265
b1101101101000110 #
1!
#27270
b10100111011000 #
0!
#27275
b10000011011111 #
1!
#27280
b100110101000110 #
0!
#27285
b100000000010011 #
1!
#27290
b100111000001110 #
0!
#27295
b1011000101110000 #
1!
#27300
b10100111010010 #
0!
#27305
b1110111110000100 #
1!
#27310
b111011101111101 #
0!
#27315
b110100110100001 #
1!
#27320
b1100110000000011 #
0!
#27325
b101001000110100 #
1!
#27330
b1110110100000 #
0!
#27335
b1001001000100010 #
1!
#27340
b1010010001101 #
0!
#27345
b1001011110100000 #
1!
#27350
b111110000011101 #
0!
#27355
b11101010001001 #
1!
#27360
b1001110011001011 #
0!
#27365
b1010011110001110 #
1!
#27370
b1001001000101110 #
0!
#27375
b10111101000010 #
1!
#27380
b1011111001101111 #
0!
#27385
b11000100110011 #
1!
#27390
b1101110000111 #
0!
#27395
b1111100010000100 #
1!
#27400
b1001101110101101 #
0!
#27405
b1001111111111001 #
1!
#27410
b1001000010011011 #
0!
#27415
b1110011111010110 #
1!
#27420
b100010100101 #
0!
#27425
b1111100101101 #
1!
#27430
b10111111010000 #
0!
#27435
b1101000110 #
1!
#27440
b1010011000110101 #
0!
#27445
b1001100101111101 #
1!
#27450
b1111001010000101 #
0!
#27455
b1100011100000 #
1!
#27460
b1101000111111011 #
0!
#27465
b1011111010010110 #
1!
#27470
b1001101001110101 #
0!
#27475
b1011010010000101 #
1!
#27480
b1010001010101101 #
0!
#27485
b1111011010111100 #
1!
#27490
b1001111101011011 #
0!
#27495
b10010110111111 #
1!
#27500
b1111100110010001 #
0!
#27505
b111000110110010 #
1!
#27510
b11110001100101 #
0!
#27515
b111010010010001 #
1!
#27520
b110111100111110 #
0!
#27525
b1011111001011 #
1!
#27530
b111000001010101 #
0!
#27535
b110111000000000 #
1!
#27540
b101111101101000 #
0!
#27545
b1001011110000010 #
1!
#27550
b1111010011100101 #
0!
#27555
b1001111001001110 #
1!
#27560
b1110100011101100 #
0!
#27565
b101101101100011 #
1!
#27570
b100100101001001 #
0!
#27575
b101000010001010 #
1!
#27580
b1110010011010001 #
0!
#27585
b1001000110101100 #
1!
#27590
b1010011101011011 #
0!
#27595
b1001001010010101 #
1!
#27600
b1111000001111001 #
0!
#27605
b10001001110100 #
1!
#27610
b100001100011 #
0!
#27615
b10111000100101 #
1!
#27620
b110100010111011 #
0!
#27625
b1011110010110111 #
1!
#27630
b10110111110000 #
0!
#27635
b1011001011101001 #
1!
#27640
b110100100011110 #
0!
#27645
b1100101000010111 #
1!
#27650
b1000111010111110 #
0!
#27655
b110100101100110 #
1!
#27660
b1100110111100100 #
0!
#27665
b111101010110011 #
1!
#27670
b110101100011101 #
0!
#27675
b101111110010111 #
1!
#27680
b11000100101111 #
0!
#27685
b1011100111100011 #
1!
#27690
b1011110111011000 #
0!
#27695
b101110111111101 #
1!
#27700
b1110111011100110 #
0!
#27705
b10110000111011 #
1!
#27710
b100000000001011 #
0!
#27715
b1111001100101010 #
1!
#27720
b10011010011010 #
0!
#27725
b100011010100000 #
1!
#27730
b111000111101001 #
0!
#27735
b110110101011101 #
1!
#27740
b1011000000101000 #
0!
#27745
b11001111011000 #
1!
#27750
b1000110111100001 #
0!
#27755
b1101010101001111 #
1!
#27760
b10101101000010 #
0!
#27765
b1101101101011000 #
1!
#27770
b1000110100011111 #
0!
#27775
b1111011011000111 #
1!
#27780
b1111000110101011 #
0!
#27785
b1110101111000001 #
1!
#27790
b11000111100101 #
0!
#27795
b110000100001000 #
1!
#27800
b1111101000011 #
0!
#27805
b1101000011001011 #
1!
#27810
b1111000110101101 #
0!
#27815
b101110010110110 #
1!
#27820
b1001000010111011 #
0!
#27825
b1011010000000101 #
1!
#27830
b101010001000 #
0!
#27835
b1111011001001011 #
1!
#27840
b1110001100001100 #
0!
#27845
b1000100101000010 #
1!
#27850
b111101011001000 #
0!
#27855
b1111110110101100 #
1!
#27860
b110111101111100 #
0!
#27865
b1111010100000101 #
1!
#27870
b1111101101001010 #
0!
#27875
b1111100011111111 #
1!
#27880
b101010101100001 #
0!
#27885
b110010011000011 #
1!
#27890
b101001111101 #
0!
#27895
b11100001011000 #
1!
#27900
b110110001011011 #
0!
#27905
b10001011110 #
1!
#27910
b1110001110000001 #
0!
#27915
b1100011101010001 #
1!
#27920
b101010100111011 #
0!
#27925
b1100001110100010 #
1!
#27930
b1000001001100110 #
0!
#27935
b110111100100101 #
1!
#27940
b110100101011010 #
0!
#27945
b100100000101001 #
1!
#27950
b1010001000000001 #
0!
#27955
b1011111101110011 #
1!
#27960
b1100010110000100 #
0!
#27965
b10101110110 #
1!
#27970
b1100000101000011 #
0!
#27975
b100100101 #
1!
#27980
b100010101000100 #
0!
#27985
b10000010100000 #
1!
#27990
b1100110100011 #
0!
#27995
b100000010111000 #
1!
#28000
b1000010010111001 #
0!
#28005
b1000100001101011 #
1!
#28010
b1010011101110000 #
0!
#28015
b100110001011001 #
1!
#28020
b1101111010110111 #
0!
#28025
b1110101000011110 #
1!
#28030
b10011010101011 #
0!
#28035
b1010111000001011 #
1!
#28040
b111001001100101 #
0!
#28045
b1011000011110101 #
1!
#28050
b1001000111100 #
0!
#28055
b1011001101011110 #
1!
#28060
b1100100010100 #
0!
#28065
b11110000100 #
1!
#28070
b1010101100010010 #
0!
#28075
b110011111001111 #
1!
#28080
b110111010000100 #
0!
#28085
b1101101111100010 #
1!
#28090
b1110011000100000 #
0!
#28095
b1001011001111001 #
1!
#28100
b1101000101010001 #
0!
#28105
b1101011011111010 #
1!
#28110
b1000010110101000 #
0!
#28115
b1100101100010110 #
1!
#28120
b101101011000001 #
0!
#28125
b110100011010000 #
1!
#28130
b1111010111 #
0!
#28135
b101001000000000 #
1!
#28140
b1110100010100110 #
0!
#28145
b1011101100010111 #
1!
#28150
b1001100000011111 #
0!
#28155
b11101000111100 #
1!
#28160
b1011110010011 #
0!
#28165
b1011100011111100 #
1!
#28170
b100001001010011 #
0!
#28175
b100101000100111 #
1!
#28180
b11111100011010 #
0!
#28185
b1000001011111 #
1!
#28190
b1100000111110000 #
0!
#28195
b1010011100101 #
1!
#28200
b1000000101000000 #
0!
#28205
b10110001111001 #
1!
#28210
b1000110110010111 #
0!
#28215
b1101111000101000 #
1!
#28220
b1011010111110101 #
0!
#28225
b11100100100110 #
1!
#28230
b1110000000100100 #
0!
#28235
b1011100101010111 #
1!
#28240
b111100010110101 #
0!
#28245
b10001111000000 #
1!
#28250
b1011110001101010 #
0!
#28255
b110110011010000 #
1!
#28260
b10100000001111 #
0!
#28265
b1001011111010111 #
1!
#28270
b1101100111111001 #
0!
#28275
b1000100100110011 #
1!
#28280
b1110000001001111 #
0!
#28285
b1111110110100101 #
1!
#28290
b1011001011110011 #
0!
#28295
b101011001101101 #
1!
#28300
b111110111111101 #
0!
#28305
b1000010110010011 #
1!
#28310
b1000011001101001 #
0!
#28315
b1110001110010001 #
1!
#28320
b1001011001110000 #
0!
#28325
b1100110100111 #
1!
#28330
b101000000101011 #
0!
#28335
b1111101000010010 #
1!
#28340
b1000111000100001 #
0!
#28345
b110011100110110 #
1!
#28350
b1100110010010011 #
0!
#28355
b10100001111100 #
1!
#28360
b111110000000101 #
0!
#28365
b1101100010101001 #
1!
#28370
b111010000110110 #
0!
#28375
b1011101001000111 #
1!
#28380
b100000010011001 #
0!
#28385
b1001110010111010 #
1!
#28390
b1000100011111111 #
0!
#28395
b1011101111001110 #
1!
#28400
b111001011100001 #
0!
#28405
b1001101111111100 #
1!
#28410
b110011100 #
0!
#28415
b1111010100010100 #
1!
#28420
b111000100001101 #
0!
#28425
b1000010011111010 #
1!
#28430
b1001101111001001 #
0!
#28435
b1111011101100101 #
1!
#28440
b101011111111110 #
0!
#28445
b1100000011011100 #
1!
#28450
b1101001101011101 #
0!
#28455
b101101101010 #
1!
#28460
b1100001 #
0!
#28465
b111111111010011 #
1!
#28470
b1110010110100100 #
0!
#28475
b11110011001000 #
1!
#28480
b100110011100 #
0!
#28485
b1010101000111010 #
1!
#28490
b1100110111101010 #
0!
#28495
b101101111101110 #
1!
#28500
b1100111001000001 #
0!
#28505
b1110110010101010 #
1!
#28510
b100011111000011 #
0!
#28515
b1110111000010111 #
1!
#28520
b110101100111111 #
0!
#28525
b1011010011110110 #
1!
#28530
b1100111011111010 #
0!
#28535
b100010100100110 #
1!
#28540
b1011110010010000 #
0!
#28545
b10111101001110 #
1!
#28550
b1001111010100001 #
0!
#28555
b110101001101111 #
1!
#28560
b101110110001111 #
0!
#28565
b100010001101111 #
1!
#28570
b1011011001000100 #
0!
#28575
b10110100000011 #
1!
#28580
b1010100010111010 #
0!
#28585
b1010001100111000 #
1!
#28590
b1100111110100101 #
0!
#28595
b1001110011111 #
1!
#28600
b1011110000010101 #
0!
#28605
b1011010101110011 #
1!
#28610
b110010100010001 #
0!
#28615
b110110111001011 #
1!
#28620
b111010011011111 #
0!
#28625
b1010100100110011 #
1!
#28630
b1011010110101100 #
0!
#28635
b100011101001000 #
1!
#28640
b110101011011101 #
0!
#28645
b110101110011000 #
1!
#28650
b1011101010111011 #
0!
#28655
b110100001100110 #
1!
#28660
b1111111011100101 #
0!
#28665
b1010001101011100 #
1!
#28670
b11000001101101 #
0!
#28675
b110010101010011 #
1!
#28680
b100100111110010 #
0!
#28685
b1100001011101101 #
1!
#28690
b1001011111111100 #
0!
#28695
b1000000000000110 #
1!
#28700
b10100101100110 #
0!
#28705
b1111000110000101 #
1!
#28710
b10011011000011 #
0!
#28715
b1100110111001111 #
1!
#28720
b11011011000001 #
0!
#28725
b1110000001000 #
1!
#28730
b1101101100100111 #
0!
#28735
b1001100110110 #
1!
#28740
b1101000001111110 #
0!
#28745
b1111000111111011 #
1!
#28750
b111000111010011 #
0!
#28755
b1110000000101100 #
1!
#28760
b1001101010010 #
0!
#28765
b1101101010000001 #
1!
#28770
b110010101000100 #
0!
#28775
b1000000001000000 #
1!
#28780
b1101100001111101 #
0!
#28785
b10010100010 #
1!
#28790
b1111001100010011 #
0!
#28795
b1111111111010100 #
1!
#28800
b1011110101101110 #
0!
#28805
b101101110111111 #
1!
#28810
b1011000000001 #
0!
#28815
b10100011111110 #
1!
#28820
b1111001110001 #
0!
#28825
b1000101010000001 #
1!
#28830
b1000110100101111 #
0!
#28835
b1000100000101001 #
1!
#28840
b1011110011000 #
0!
#28845
b1111111000101101 #
1!
#28850
b1101000010001011 #
0!
#28855
b110110000000001 #
1!
#28860
b1000010010011011 #
0!
#28865
b1110001110011111 #
1!
#28870
b1110111010011 #
0!
#28875
b1101111111011100 #
1!
#28880
b111101111 #
0!
#28885
b10010011010000 #
1!
#28890
b110111101000101 #
0!
#28895
b1010101100011011 #
1!
#28900
b1110100010111010 #
0!
#28905
b110111101000110 #
1!
#28910
b1000010001010001 #
0!
#28915
b101111110101110 #
1!
#28920
b101100011101101 #
0!
#28925
b10111100110011 #
1!
#28930
b1101011001100010 #
0!
#28935
b100010101001110 #
1!
#28940
b10110000111000 #
0!
#28945
b1000111010101010 #
1!
#28950
b1010001100100110 #
0!
#28955
b110100010000011 #
1!
#28960
b1111111000000110 #
0!
#28965
b111101111000000 #
1!
#28970
b1110010101010101 #
0!
#28975
b1001100000010011 #
1!
#28980
b10111001000010 #
0!
#28985
b1010000111101001 #
1!
#28990
b101011001100101 #
0!
#28995
b101111011100101 #
1!
#29000
b1101010000100100 #
0!
#29005
b110101001110011 #
1!
#29010
b111100100110000 #
0!
#29015
b100000001000 #
1!
#29020
b1101000110101011 #
0!
#29025
b10101101110 #
1!
#29030
b1000001011111010 #
0!
#29035
b1001111111011010 #
1!
#29040
b1011101000001011 #
0!
#29045
b101110111100111 #
1!
#29050
b111010111010100 #
0!
#29055
b1111001011111011 #
1!
#29060
b1111000011000100 #
0!
#29065
b1110110110101 #
1!
#29070
b11011010011 #
0!
#29075
b1000101100011111 #
1!
#29080
b1000111010010101 #
0!
#29085
b1011001011010000 #
1!
#29090
b1011011000001110 #
0!
#29095
b1011011101010001 #
1!
#29100
b110111100001000 #
0!
#29105
b100100101101101 #
1!
#29110
b1100000111101000 #
0!
#29115
b1000001011000111 #
1!
#29120
b11000011010000 #
0!
#29125
b1100101111001011 #
1!
#29130
b10000010001010 #
0!
#29135
b1011100011010111 #
1!
#29140
b10111010101010 #
0!
#29145
b1110011111111100 #
1!
#29150
b1001001000011111 #
0!
#29155
b1110010000110000 #
1!
#29160
b1000001000000001 #
0!
#29165
b11110001111 #
1!
#29170
b1001000110101011 #
0!
#29175
b101001011100110 #
1!
#29180
b101000000110 #
0!
#29185
b101100001100010 #
1!
#29190
b101101000010110 #
0!
#29195
b1000001100101 #
1!
#29200
b110010101111101 #
0!
#29205
b1100010110000101 #
1!
#29210
b1110100001000011 #
0!
#29215
b1110100111110101 #
1!
#29220
b1110100011101110 #
0!
#29225
b1111110001111011 #
1!
#29230
b1111101011000111 #
0!
#29235
b110100111010011 #
1!
#29240
b1011010001110000 #
0!
#29245
b110011010110110 #
1!
#29250
b100100100111 #
0!
#29255
b1101101010000001 #
1!
#29260
b1010001111011001 #
0!
#29265
b11001010100011 #
1!
#29270
b101000000010100 #
0!
#29275
b100101101100111 #
1!
#29280
b101001101110011 #
0!
#29285
b100110100100001 #
1!
#29290
b1100111110101011 #
0!
#29295
b1000011101010110 #
1!
#29300
b1111011110111 #
0!
#29305
b101110110111000 #
1!
#29310
b11110000100111 #
0!
#29315
b1100100001000 #
1!
#29320
b10000000010010 #
0!
#29325
b1101001101101100 #
1!
#29330
b1101011110110 #
0!
#29335
b100111100111011 #
1!
#29340
b11011100010111 #
0!
#29345
b1101101101111111 #
1!
#29350
b1010000110111111 #
0!
#29355
b11001101110011 #
1!
#29360
b1111111000100111 #
0!
#29365
b101111011111010 #
1!
#29370
b1100111000110111 #
0!
#29375
b1001000000000010 #
1!
#29380
b1101000001111110 #
0!
#29385
b101101100011 #
1!
#29390
b101110101010011 #
0!
#29395
b1111011101110100 #
1!
#29400
b1100101100011101 #
0!
#29405
b100101001011011 #
1!
#29410
b1100100111000000 #
0!
#29415
b1010111011101011 #
1!
#29420
b1100011110010010 #
0!
#29425
b100110110011110 #
1!
#29430
b100111100011110 #
0!
#29435
b1100010010000101 #
1!
#29440
b110010100001010 #
0!
#29445
b1111110000100000 #
1!
#29450
b1110101011111011 #
0!
#29455
b11001110011 #
1!
#29460
b1111111101101011 #
0!
#29465
b1010110101 #
1!
#29470
b101100111111110 #
0!
#29475
b1111111011000011 #
1!
#29480
b1010111110110001 #
0!
#29485
b1101000000001101 #
1!
#29490
b1001101000000 #
0!
#29495
b1111101110000010 #
1!
#29500
b101001000111111 #
0!
#29505
b1000110101100010 #
1!
#29510
b101100101000100 #
0!
#29515
b1001001111 #
1!
#29520
b1000011101100010 #
0!
#29525
b10011010110000 #
1!
#29530
b10001110001111 #
0!
#29535
b1110100111110000 #
1!
#29540
b1010100110110101 #
0!
#29545
b100100011010000 #
1!
#29550
b10111101010100 #
0!
#29555
b11001000000101 #
1!
#29560
b1100111110110100 #
0!
#29565
b110000101001110 #
1!
#29570
b1111101100100101 #
0!
#29575
b11000001110011 #
1!
#29580
b1101101100010001 #
0!
#29585
b1001100101000110 #
1!
#29590
b1011111100110000 #
0!
#29595
b1110111110011001 #
1!
#29600
b110011000101011 #
0!
#29605
b1101110000111011 #
1!
#29610
b111011011110010 #
0!
#29615
b11011111101100 #
1!
#29620
b1100111101000100 #
0!
#29625
b1101101100100010 #
1!
#29630
b1110001011011110 #
0!
#29635
b1001010100010001 #
1!
#29640
b10110010110011 #
0!
#29645
b1111110110001011 #
1!
#29650
b111110111110010 #
0!
#29655
b101010000001101 #
1!
#29660
b101111011011010 #
0!
#29665
b110111001000000 #
1!
#29670
b111111010101101 #
0!
#29675
b1000010110011111 #
1!
#29680
b111111101 #
0!
#29685
b1111000100100 #
1!
#29690
b1110100001100011 #
0!
#29695
b1110111101101000 #
1!
#29700
b110111111001100 #
0!
#29705
b1011011110111110 #
1!
#29710
b111001101100000 #
0!
#29715
b10000111100001 #
1!
#29720
b1100010111000011 #
0!
#29725
b1010010100110100 #
1!
#29730
b1001101111011100 #
0!
#29735
b110010011011001 #
1!
#29740
b1101111100101011 #
0!
#29745
b1001000011101 #
1!
#29750
b1001110100110000 #
0!
#29755
b1100011101110100 #
1!
#29760
b101100011100011 #
0!
#29765
b1110110111111111 #
1!
#29770
b111010001000101 #
0!
#29775
b1010001010011 #
1!
#29780
b1000110010110100 #
0!
#29785
b1110000111000101 #
1!
#29790
b1101111110111000 #
0!
#29795
b1101100111110111 #
1!
#29800
b1001101101100001 #
0!
#29805
b101100000011001 #
1!
#29810
b101010110101100 #
0!
#29815
b110000100000100 #
1!
#29820
b101101000111000 #
0!
#29825
b1000000111100111 #
1!
#29830
b1011010111010 #
0!
#29835
b1011011101100000 #
1!
#29840
b110101001000011 #
0!
#29845
b100011111110001 #
1!
#29850
b1110011111111 #
0!
#29855
b1010011011101001 #
1!
#29860
b10011011110001 #
0!
#29865
b101010111000000 #
1!
#29870
b10010111000011 #
0!
#29875
b1011111110111010 #
1!
#29880
b1010101101010001 #
0!
#29885
b1100111001100 #
1!
#29890
b1010101110100000 #
0!
#29895
b100100110110010 #
1!
#29900
b1101001010101111 #
0!
#29905
b1011110000111101 #
1!
#29910
b1110101010110111 #
0!
#29915
b101000000111111 #
1!
#29920
b11101010110111 #
0!
#29925
b10110100010000 #
1!
#29930
b1110000111011101 #
0!
#29935
b1010010100010011 #
1!
#29940
b11110011101000 #
0!
#29945
b1011111111111 #
1!
#29950
b100100100110110 #
0!
#29955
b1100111111010101 #
1!
#29960
b1111100001111111 #
0!
#29965
b1110010000000000 #
1!
#29970
b1001111001000111 #
0!
#29975
b1110001101010 #
1!
#29980
b100011110100011 #
0!
#29985
b1100010110111011 #
1!
#29990
b1110011100001 #
0!
#29995
b1001100011100110 #
1!
#30000
b1100010111110100 #
0!
#30005
b1001111111000110 #
1!
#30010
b1100000111101011 #
0!
#30015
b111111001010 #
1!
#30020
b1100111001001101 #
0!
#30025
b10010100000000 #
1!
#30030
b100100010000100 #
0!
#30035
b101010011011 #
1!
#30040
b1000000011011110 #
0!
#30045
b1011110011101011 #
1!
#30050
b10110101100110 #
0!
#30055
b1101101001101100 #
1!
#30060
b1011011001100010 #
0!
#30065
b1001011101010110 #
1!
#30070
b1010101000011010 #
0!
#30075
b1000101101111011 #
1!
#30080
b110010100100 #
0!
#30085
b1001110000101011 #
1!
#30090
b1011111011011100 #
0!
#30095
b1110010001110010 #
1!
#30100
b1101110000000011 #
0!
#30105
b111110111000110 #
1!
#30110
b10001110111001 #
0!
#30115
b111010101100010 #
1!
#30120
b100011101001000 #
0!
#30125
b1010000110100100 #
1!
#30130
b101011011010011 #
0!
#30135
b1000011000011000 #
1!
#30140
b10001001011110 #
0!
#30145
b11011010111011 #
1!
#30150
b1001010101010010 #
0!
#30155
b10100011011101 #
1!
#30160
b111001001001 #
0!
#30165
b10100001101011 #
1!
#30170
b1101011111100101 #
0!
#30175
b10010000111100 #
1!
#30180
b110011111111111 #
0!
#30185
b10001001000010 #
1!
#30190
b1101101101011111 #
0!
#30195
b100111100110 #
1!
#30200
b100011101011111 #
0!
#30205
b1001000010000001 #
1!
#30210
b1110101011010 #
0!
#30215
b1111001001011 #
1!
#30220
b1000101100000011 #
0!
#30225
b1010000010110010 #
1!
#30230
b1101100001100100 #
0!
#30235
b111010111111111 #
1!
#30240
b1100111100011110 #
0!
#30245
b11111100100011 #
1!
#30250
b101010011110 #
0!
#30255
b1101001110001001 #
1!
#30260
b110110100100011 #
0!
#30265
b1001110101010 #
1!
#30270
b110111101011010 #
0!
#30275
b1100100110101011 #
1!
#30280
b1000010101101110 #
0!
#30285
b1000110101111101 #
1!
#30290
b111111110011001 #
0!
#30295
b1010001111000000 #
1!
#30300
b1110111110100010 #
0!
#30305
b1101100101111011 #
1!
#30310
b111101011110101 #
0!
#30315
b110101101001010 #
1!
#30320
b100100111110011 #
0!
#30325
b1110000111000001 #
1!
#30330
b101101111100100 #
0!
#30335
b1110110101000110 #
1!
#30340
b1110111100100000 #
0!
#30345
b101000011100001 #
1!
#30350
b1101111111001011 #
0!
#30355
b1011011101010111 #
1!
#30360
b1111110001000101 #
0!
#30365
b1001011010010011 #
1!
#30370
b111111011100010 #
0!
#30375
b1001001101110 #
1!
#30380
b100111101000111 #
0!
#30385
b1101101100110001 #
1!
#30390
b111100101011000 #
0!
#30395
b110111111101 #
1!
#30400
b1000000000010010 #
0!
#30405
b111011100100 #
1!
#30410
b1100100010110101 #
0!
#30415
b111001001001110 #
1!
#30420
b1110110001011001 #
0!
#30425
b1101101011010010 #
1!
#30430
b10100111101011 #
0!
#30435
b1100111000011000 #
1!
#30440
b1011001100011101 #
0!
#30445
b1010101000011111 #
1!
#30450
b1100000011001 #
0!
#30455
b110111011101100 #
1!
#30460
b1010101010100001 #
0!
#30465
b1010101000101000 #
1!
#30470
b1101000101101001 #
0!
#30475
b101110110001011 #
1!
#30480
b111001100011011 #
0!
#30485
b1100100010111111 #
1!
#30490
b101000100010101 #
0!
#30495
b110010011001000 #
1!
#30500
b110011111000000 #
0!
#30505
b1010111011010001 #
1!
#30510
b101000011110100 #
0!
#30515
b1010100000000 #
1!
#30520
b1010001101110110 #
0!
#30525
b1100101101000000 #
1!
#30530
b100111010011000 #
0!
#30535
b1011011111001011 #
1!
#30540
b1111011101 #
0!
#30545
b100011101001101 #
1!
#30550
b1000011101110010 #
0!
#30555
b101011011111110 #
1!
#30560
b10001011100110 #
0!
#30565
b111101110011 #
1!
#30570
b1111010011101011 #
0!
#30575
b1100001110001011 #
1!
#30580
b101110010110100 #
0!
#30585
b1101000011111101 #
1!
#30590
b101010011110110 #
0!
#30595
b1000010001100111 #
1!
#30600
b1101000011110111 #
0!
#30605
b1111011000110100 #
1!
#30610
b10000100001011 #
0!
#30615
b1110100011111101 #
1!
#30620
b101011010000110 #
0!
#30625
b1010110010000111 #
1!
#30630
b1001100100000110 #
0!
#30635
b1111110001010100 #
1!
#30640
b1000110101100010 #
0!
#30645
b1110000101110110 #
1!
#30650
b1011010011100000 #
0!
#30655
b1000110101111010 #
1!
#30660
b1100111011100110 #
0!
#30665
b11110010011101 #
1!
#30670
b11001111000000 #
0!
#30675
b10000101001011 #
1!
#30680
b11100101010000 #
0!
#30685
b10111010111101 #
1!
#30690
b1001000001010010 #
0!
#30695
b100100101111 #
1!
#30700
b1010011101101001 #
0!
#30705
b1110000100010111 #
1!
#30710
b11111100101 #
0!
#30715
b101000111100001 #
1!
#30720
b1011010001110110 #
0!
#30725
b11111111101101 #
1!
#30730
b1001000101000010 #
0!
#30735
b1100000011100101 #
1!
#30740
b1011110000110110 #
0!
#30745
b1111011010000010 #
1!
#30750
b1110111110111100 #
0!
#30755
b1110101010101111 #
1!
#30760
b1101111000010111 #
0!
#30765
b111001001111101 #
1!
#30770
b1001101001100000 #
0!
#30775
b1010100101101 #
1!
#30780
b1111001001110010 #
0!
#30785
b1101111111110111 #
1!
#30790
b1100111011011010 #
0!
#30795
b100111110110001 #
1!
#30800
b1001011111100001 #
0!
#30805
b10100100001110 #
1!
#30810
b1000101011100011 #
0!
#30815
b110001011101011 #
1!
#30820
b10011010010010 #
0!
#30825
b1111110101100111 #
1!
#30830
b1000011011001101 #
0!
#30835
b1101111011111100 #
1!
#30840
b1011111010101011 #
0!
#30845
b1100001101011001 #
1!
#30850
b100000100011101 #
0!
#30855
b110101000000 #
1!
#30860
b11101010001011 #
0!
#30865
b1010101000111001 #
1!
#30870
b1111010010011101 #
0!
#30875
b1111100011100001 #
1!
#30880
b11010100011000 #
0!
#30885
b1001111010000100 #
1!
#30890
b1001111111110110 #
0!
#30895
b111000011010111 #
1!
#30900
b110111011011 #
0!
#30905
b100110001010000 #
1!
#30910
b1111101100110101 #
0!
#30915
b1111111101100000 #
1!
#30920
b1101101000010001 #
0!
#30925
b1111111010110 #
1!
#30930
b1000001101000001 #
0!
#30935
b1111000010001110 #
1!
#30940
b111111101111111 #
0!
#30945
b100001101101011 #
1!
#30950
b111011010101110 #
0!
#30955
b101000100000111 #
1!
#30960
b1001000100101001 #
0!
#30965
b1010000111001000 #
1!
#30970
b1100111011110100 #
0!
#30975
b1110101110000010 #
1!
#30980
b110111110111101 #
0!
#30985
b1110101011101011 #
1!
#30990
b100100001110000 #
0!
#30995
b100110100101101 #
1!
#31000
b11010011010110 #
0!
#31005
b1000011101111010 #
1!
#31010
b110000100111100 #
0!
#31015
b1100000001111011 #
1!
#31020
b1011111111011000 #
0!
#31025
b1010010111110011 #
1!
#31030
b101001000111100 #
0!
#31035
b101001110001101 #
1!
#31040
b1010011010011000 #
0!
#31045
b11000010000101 #
1!
#31050
b1101101111000 #
0!
#31055
b1101000010110100 #
1!
#31060
b100110110010111 #
0!
#31065
b1101001111101111 #
1!
#31070
b111010000010101 #
0!
#31075
b1100010100111110 #
1!
#31080
b1100100011101111 #
0!
#31085
b1111101100101111 #
1!
#31090
b1101110000001101 #
0!
#31095
b111101000001001 #
1!
#31100
b1111101010111111 #
0!
#31105
b1101010101110001 #
1!
#31110
b1000110100000001 #
0!
#31115
b100010011 #
1!
#31120
b111101101000010 #
0!
#31125
b100101011111011 #
1!
#31130
b1000010100100001 #
0!
#31135
b10001010000001 #
1!
#31140
b1010011001010110 #
0!
#31145
b100101111100 #
1!
#31150
b111110010110110 #
0!
#31155
b110100101010001 #
1!
#31160
b1001101110011000 #
0!
#31165
b111101110011110 #
1!
#31170
b1111001000101100 #
0!
#31175
b10001100110111 #
1!
#31180
b11001111011101 #
0!
#31185
b1100111100011111 #
1!
#31190
b10001000100000 #
0!
#31195
b101110011001110 #
1!
#31200
b100000111011 #
0!
#31205
b1111000001010110 #
1!
#31210
b100001110010 #
0!
#31215
b1101111010101001 #
1!
#31220
b111110001010111 #
0!
#31225
b1000100101111101 #
1!
#31230
b101111011000011 #
0!
#31235
b11101101101010 #
1!
#31240
b1010011100110101 #
0!
#31245
b100110010100 #
1!
#31250
b1010010001011110 #
0!
#31255
b1011011001100001 #
1!
#31260
b110011100111100 #
0!
#31265
b1001011000101111 #
1!
#31270
b1010100001010 #
0!
#31275
b110001111101001 #
1!
#31280
b101010110101110 #
0!
#31285
b10001100010111 #
1!
#31290
b1010100110110010 #
0!
#31295
b100111111101 #
1!
#31300
b1100111101000110 #
0!
#31305
b101011000000101 #
1!
#31310
b1111101100101 #
0!
#31315
b11011100110010 #
1!
#31320
b1111000100110000 #
0!
#31325
b1010000001011100 #
1!
#31330
b1111001010100001 #
0!
#31335
b11011110100001 #
1!
#31340
b1001011100100010 #
0!
#31345
b10101000101110 #
1!
#31350
b110000001011010 #
0!
#31355
b1010011100101 #
1!
#31360
b101101010111111 #
0!
#31365
b1110000101110000 #
1!
#31370
b110010111001000 #
0!
#31375
b1001111110111010 #
1!
#31380
b1001110111111110 #
0!
#31385
b111000110110010 #
1!
#31390
b1011101101100010 #
0!
#31395
b101111101011001 #
1!
#31400
b111010111011100 #
0!
#31405
b100010000100110 #
1!
#31410
b1101111100000011 #
0!
#31415
b1010001000101110 #
1!
#31420
b1100001111111000 #
0!
#31425
b1000100101100001 #
1!
#31430
b101010111000 #
0!
#31435
b111010011110111 #
1!
#31440
b1111101100110 #
0!
#31445
b10101110100101 #
1!
#31450
b11110100100100 #
0!
#31455
b1010000011101000 #
1!
#31460
b1110011001101011 #
0!
#31465
b1101010000001011 #
1!
#31470
b11001111111011 #
0!
#31475
b1011010011110011 #
1!
#31480
b11011001010100 #
0!
#31485
b1111010001100001 #
1!
#31490
b110010010001000 #
0!
#31495
b1111101110111110 #
1!
#31500
b1110101000100100 #
0!
#31505
b1011010100101000 #
1!
#31510
b1000110110111 #
0!
#31515
b111111101101010 #
1!
#31520
b1001110001010111 #
0!
#31525
b1101010 #
1!
#31530
b11001010010100 #
0!
#31535
b111111000001 #
1!
#31540
b1010110101101000 #
0!
#31545
b1000011111011110 #
1!
#31550
b1000010111001011 #
0!
#31555
b11010011011011 #
1!
#31560
b11001001011001 #
0!
#31565
b1011000000100000 #
1!
#31570
b1000011000000110 #
0!
#31575
b11111111100011 #
1!
#31580
b111111101101 #
0!
#31585
b1010101001011101 #
1!
#31590
b111000010110100 #
0!
#31595
b11010100000000 #
1!
#31600
b1101100011011010 #
0!
#31605
b110001101000110 #
1!
#31610
b100001000101110 #
0!
#31615
b1110100100001000 #
1!
#31620
b1110111010011111 #
0!
#31625
b1000001110100110 #
1!
#31630
b1011010110101100 #
0!
#31635
b1110000100001111 #
1!
#31640
b110110000110100 #
0!
#31645
b111100001110100 #
1!
#31650
b100010100000110 #
0!
#31655
b110110101101101 #
1!
#31660
b10110101011000 #
0!
#31665
b110111110110000 #
1!
#31670
b10111110111001 #
0!
#31675
b1001100101001111 #
1!
#31680
b1100111010110001 #
0!
#31685
b101000011101111 #
1!
#31690
b110111000101000 #
0!
#31695
b10111101110010 #
1!
#31700
b1010110001101010 #
0!
#31705
b1100110111100111 #
1!
#31710
b1100000110010000 #
0!
#31715
b1011101000010110 #
1!
#31720
b1110000010010101 #
0!
#31725
b100110011010100 #
1!
#31730
b1001111010100110 #
0!
#31735
b1000100111001001 #
1!
#31740
b100100000001100 #
0!
#31745
b1111111000001111 #
1!
#31750
b100100001011100 #
0!
#31755
b1010011000100010 #
1!
#31760
b1000001111110100 #
0!
#31765
b1100101110110000 #
1!
#31770
b1011011110111110 #
0!
#31775
b1101111011111110 #
1!
#31780
b1110011110110001 #
0!
#31785
b110001110001100 #
1!
#31790
b1010100101100110 #
0!
#31795
b1011111001011001 #
1!
#31800
b1001001001110110 #
0!
#31805
b10110101110100 #
1!
#31810
b1001011001110110 #
0!
#31815
b1001000001100011 #
1!
#31820
b110000100101110 #
0!
#31825
b101100011111111 #
1!
#31830
b1011111010011101 #
0!
#31835
b110000011011100 #
1!
#31840
b1111000011110011 #
0!
#31845
b1101001111000011 #
1!
#31850
b1110000001111 #
0!
#31855
b1111110001011010 #
1!
#31860
b1001110111001110 #
0!
#31865
b100001001001100 #
1!
#31870
b110101111111001 #
0!
#31875
b1110111110001001 #
1!
#31880
b111111011110101 #
0!
#31885
b1100110101100 #
1!
#31890
b10100101011100 #
0!
#31895
b1000010000000010 #
1!
#31900
b111010101000001 #
0!
#31905
b1000000011111110 #
1!
#31910
b1000111111001000 #
0!
#31915
b1100100111010010 #
1!
#31920
b1110000010100 #
0!
#31925
b110010110110101 #
1!
#31930
b1001110011111100 #
0!
#31935
b1000011001000001 #
1!
#31940
b1100111001101001 #
0!
#31945
b111000100000111 #
1!
#31950
b101111001111 #
0!
#31955
b100110111111011 #
1!
#31960
b1010100100111001 #
0!
#31965
b1000001010101 #
1!
#31970
b101011001101110 #
0!
#31975
b110010000101101 #
1!
#31980
b1000010000001010 #
0!
#31985
b111001111100101 #
1!
#31990
b1011110101010101 #
0!
#31995
b1101101110110001 #
1!
#32000
b1110111000 #
0!
#32005
b1000001011000011 #
1!
#32010
b11100000001010 #
0!
#32015
b111110011011011 #
1!
#32020
b111110101011001 #
0!
#32025
b1110100000100101 #
1!
#32030
b1000011000001001 #
0!
#32035
b1101010000001010 #
1!
#32040
b110001010010 #
0!
#32045
b1011000101010 #
1!
#32050
b10000111011000 #
0!
#32055
b11000010000111 #
1!
#32060
b1001000001101100 #
0!
#32065
b11001101000110 #
1!
#32070
b100011111000111 #
0!
#32075
b1001100011011011 #
1!
#32080
b1010010000010100 #
0!
#32085
b10110100111100 #
1!
#32090
b1111000101000100 #
0!
#32095
b1101111100100000 #
1!
#32100
b1010011010000110 #
0!
#32105
b1010111111111010 #
1!
#32110
b1101110101000100 #
0!
#32115
b1000100101110111 #
1!
#32120
b1010110100010101 #
0!
#32125
b10011000100110 #
1!
#32130
b1000100110111001 #
0!
#32135
b1110011000110010 #
1!
#32140
b1001100001001010 #
0!
#32145
b1011111011001100 #
1!
#32150
b10110110001110 #
0!
#32155
b10011001000 #
1!
#32160
b10100010110 #
0!
#32165
b110001011100010 #
1!
#32170
b1100010000010110 #
0!
#32175
b1010110000110011 #
1!
#32180
b100110111000111 #
0!
#32185
b1100000100100001 #
1!
#32190
b1000001111000 #
0!
#32195
b110101011001001 #
1!
#32200
b1000101000000000 #
0!
#32205
b100001111101000 #
1!
#32210
b1000101100000011 #
0!
#32215
b1000101100101011 #
1!
#32220
b1001110001101000 #
0!
#32225
b1010010011100 #
1!
#32230
b110110111100010 #
0!
#32235
b1101101100011 #
1!
#32240
b1111001000100 #
0!
#32245
b10010101000110 #
1!
#32250
b1011011000101111 #
0!
#32255
b1110010011000100 #
1!
#32260
b110110011000010 #
0!
#32265
b1110011100000 #
1!
#32270
b10000111011010 #
0!
#32275
b111011010101010 #
1!
#32280
b1010001100011000 #
0!
#32285
b110101000001110 #
1!
#32290
b10100001011100 #
0!
#32295
b1101110101111 #
1!
#32300
b1001110001000110 #
0!
#32305
b11100110110100 #
1!
#32310
b101110101010 #
0!
#32315
b1101110001110000 #
1!
#32320
b1111011010011010 #
0!
#32325
b111001000101101 #
1!
#32330
b1100001001100011 #
0!
#32335
b1000101001110011 #
1!
#32340
b101011001100 #
0!
#32345
b1100011110000111 #
1!
#32350
b110110111001 #
0!
#32355
b1010111101001011 #
1!
#32360
b1111100111001010 #
0!
#32365
b1001111010011001 #
1!
#32370
b110001011111110 #
0!
#32375
b1001011110010111 #
1!
#32380
b1001100000000110 #
0!
#32385
b10011001001101 #
1!
#32390
b10001010111 #
0!
#32395
b100110011100111 #
1!
#32400
b1000100001101101 #
0!
#32405
b100110111101011 #
1!
#32410
b1110101110001001 #
0!
#32415
b1001110100101100 #
1!
#32420
b10010011001011 #
0!
#32425
b1011101011001101 #
1!
#32430
b1101001101011111 #
0!
#32435
b1010111000100 #
1!
#32440
b1000100011001010 #
0!
#32445
b1101111101001011 #
1!
#32450
b11100110010100 #
0!
#32455
b1111111110111010 #
1!
#32460
b1001000001001001 #
0!
#32465
b1110001000111000 #
1!
#32470
b101100011000101 #
0!
#32475
b110011001010100 #
1!
#32480
b1101100101001001 #
0!
#32485
b1011001111001000 #
1!
#32490
b10111101011100 #
0!
#32495
b1101010001000 #
1!
#32500
b1011101100010100 #
0!
#32505
b1111110000110110 #
1!
#32510
b111011111110100 #
0!
#32515
b1010010101110000 #
1!
#32520
b101011111110011 #
0!
#32525
b10101000000111 #
1!
#32530
b1010110100100000 #
0!
#32535
b101001101001100 #
1!
#32540
b1000010000010001 #
0!
#32545
b110101101000000 #
1!
#32550
b101000011101 #
0!
#32555
b10111000111010 #
1!
#32560
b1110001111010000 #
0!
#32565
b1010010001011011 #
1!
#32570
b1000111101011010 #
0!
#32575
b10100110000 #
1!
#32580
b1100110101001010 #
0!
#32585
b1000101101101100 #
1!
#32590
b1111011101011001 #
0!
#32595
b110000101010001 #
1!
#32600
b101111000101000 #
0!
#32605
b1000001100110011 #
1!
#32610
b1011101111010101 #
0!
#32615
b1001000101000000 #
1!
#32620
b111010010011100 #
0!
#32625
b1011110110001001 #
1!
#32630
b1100010110010 #
0!
#32635
b1010000101110010 #
1!
#32640
b1010101110011111 #
0!
#32645
b10001111101111 #
1!
#32650
b110110100101 #
0!
#32655
b101101000110110 #
1!
#32660
b101101001000010 #
0!
#32665
b110001010100101 #
1!
#32670
b101000100001011 #
0!
#32675
b100101101101111 #
1!
#32680
b1010010100110101 #
0!
#32685
b1110011000010100 #
1!
#32690
b110010111111011 #
0!
#32695
b1011110110100101 #
1!
#32700
b110000101001010 #
0!
#32705
b1101110111110001 #
1!
#32710
b1000001011100101 #
0!
#32715
b1011111110001010 #
1!
#32720
b10110100100111 #
0!
#32725
b10111011011111 #
1!
#32730
b1010010111100000 #
0!
#32735
b1101001111111 #
1!
#32740
b110010111011111 #
0!
#32745
b1000100100000000 #
1!
#32750
b1000100100000100 #
0!
#32755
b101111000110100 #
1!
#32760
b10010110101011 #
0!
#32765
b101011100110100 #
1!
#32770
b1010101011001011 #
0!
#32775
b1101010100000111 #
1!
#32780
b100100101111010 #
0!
#32785
b1100011001101111 #
1!
#32790
b100011111111110 #
0!
#32795
b1000101000100101 #
1!
#32800
b110110110010010 #
0!
#32805
b1100010111110111 #
1!
#32810
b101100000010110 #
0!
#32815
b100100000011001 #
1!
#32820
b1110101011110011 #
0!
#32825
b1111100011100100 #
1!
#32830
b1001110010011000 #
0!
#32835
b1001111111010101 #
1!
#32840
b1110001011000100 #
0!
#32845
b1101001010111011 #
1!
#32850
b1000110101010110 #
0!
#32855
b1101100111010010 #
1!
#32860
b10110001101100 #
0!
#32865
b111111001110100 #
1!
#32870
b110100100010101 #
0!
#32875
b1011100 #
1!
#32880
b110011010100001 #
0!
#32885
b1110011011010110 #
1!
#32890
b10100110010010 #
0!
#32895
b1110001110100001 #
1!
#32900
b1110110100100001 #
0!
#32905
b1011011001100100 #
1!
#32910
b1000110101010111 #
0!
#32915
b110110101000 #
1!
#32920
b1101101001000001 #
0!
#32925
b101110011010100 #
1!
#32930
b110101011011 #
0!
#32935
b1100100110101101 #
1!
#32940
b110100011011 #
0!
#32945
b101001011 #
1!
#32950
b1110011111101011 #
0!
#32955
b10001000011100 #
1!
#32960
b1111010001110 #
0!
#32965
b1001010001001011 #
1!
#32970
b1011111000011 #
0!
#32975
b1110100110100011 #
1!
#32980
b110101010111011 #
0!
#32985
b1100000110011010 #
1!
#32990
b101011111101100 #
0!
#32995
b1010010110001010 #
1!
#33000
b1000001001010 #
0!
#33005
b1111000000001100 #
1!
#33010
b10011000110010 #
0!
#33015
b1010010011011110 #
1!
#33020
b1110100000101000 #
0!
#33025
b101000001111000 #
1!
#33030
b1011111111001101 #
0!
#33035
b1111001110001011 #
1!
#33040
b1001000111101001 #
0!
#33045
b1100111010111000 #
1!
#33050
b1111100011101 #
0!
#33055
b101101111110111 #
1!
#33060
b110010010100001 #
0!
#33065
b1010100001011 #
1!
#33070
b1111111011111110 #
0!
#33075
b110101100111110 #
1!
#33080
b1000000101010000 #
0!
#33085
b1001000110110001 #
1!
#33090
b1101110110100010 #
0!
#33095
b110110110101000 #
1!
#33100
b1100000110101101 #
0!
#33105
b110110000011000 #
1!
#33110
b1111010001110100 #
0!
#33115
b110110001100001 #
1!
#33120
b1100000101111001 #
0!
#33125
b1001010001110000 #
1!
#33130
b100001111110111 #
0!
#33135
b11100100100001 #
1!
#33140
b1101101000100101 #
0!
#33145
b1011011000000110 #
1!
#33150
b1000001000010000 #
0!
#33155
b101101111001100 #
1!
#33160
b10111111101011 #
0!
#33165
b11110000110011 #
1!
#33170
b10111011000111 #
0!
#33175
b1111110101011 #
1!
#33180
b1001010100101000 #
0!
#33185
b101001101000010 #
1!
#33190
b1000011011100101 #
0!
#33195
b1001001101001101 #
1!
#33200
b1010101000011110 #
0!
#33205
b1110011000010111 #
1!
#33210
b1000001101101001 #
0!
#33215
b1000001110110110 #
1!
#33220
b1100110011100110 #
0!
#33225
b1010001100000001 #
1!
#33230
b1110000001011111 #
0!
#33235
b111011011100010 #
1!
#33240
b1011010111001 #
0!
#33245
b1111010110000011 #
1!
#33250
b1111011110011 #
0!
#33255
b1011111101000101 #
1!
#33260
b110010101010100 #
0!
#33265
b11001100110 #
1!
#33270
b111010001001110 #
0!
#33275
b110011101010100 #
1!
#33280
b101001010101111 #
0!
#33285
b1100010100000010 #
1!
#33290
b1101111000110011 #
0!
#33295
b11011110110111 #
1!
#33300
b11101010110101 #
0!
#33305
b1101110111111111 #
1!
#33310
b1110111000110 #
0!
#33315
b1100000000110011 #
1!
#33320
b11110001000001 #
0!
#33325
b1011100101110010 #
1!
#33330
b1010100010000111 #
0!
#33335
b100101011110010 #
1!
#33340
b11000000001110 #
0!
#33345
b1000010110101110 #
1!
#33350
b1011110011101011 #
0!
#33355
b1110010100101111 #
1!
#33360
b1011010111011011 #
0!
#33365
b10111110011001 #
1!
#33370
b101100110010100 #
0!
#33375
b101100111110000 #
1!
#33380
b10010101110001 #
0!
#33385
b110001011101001 #
1!
#33390
b11010110011000 #
0!
#33395
b11010011010111 #
1!
#33400
b1001110011010010 #
0!
#33405
b1000100000010110 #
1!
#33410
b1100111111011011 #
0!
#33415
b1100001010101010 #
1!
#33420
b1111100000110000 #
0!
#33425
b1101000101011110 #
1!
#33430
b110001011100011 #
0!
#33435
b111010101110 #
1!
#33440
b1101001000000110 #
0!
#33445
b10010110110101 #
1!
#33450
b1110110000110010 #
0!
#33455
b1110011101011111 #
1!
#33460
b1000101011101000 #
0!
#33465
b11001111110100 #
1!
#33470
b10100110000111 #
0!
#33475
b1101010010101100 #
1!
#33480
b11100001100000 #
0!
#33485
b110010000100011 #
1!
#33490
b1001000000011001 #
0!
#33495
b10011101000100 #
1!
#33500
b1011110101110101 #
0!
#33505
b1110100000110010 #
1!
#33510
b110010100101000 #
0!
#33515
b1110011000010101 #
1!
#33520
b1010111100101111 #
0!
#33525
b1010011100000000 #
1!
#33530
b1001110011110100 #
0!
#33535
b1110000010001100 #
1!
#33540
b110110010111001 #
0!
#33545
b101000111111110 #
1!
#33550
b1111011001111110 #
0!
#33555
b1010001110110110 #
1!
#33560
b1001001101001 #
0!
#33565
b100110101010001 #
1!
#33570
b1110111000011111 #
0!
#33575
b111011111010100 #
1!
#33580
b111110001010110 #
0!
#33585
b1100101111000001 #
1!
#33590
b1100000001011000 #
0!
#33595
b110100101111111 #
1!
#33600
b100010011001010 #
0!
#33605
b1011011101010101 #
1!
#33610
b110100111100110 #
0!
#33615
b100011011101110 #
1!
#33620
b1100101000110010 #
0!
#33625
b1011100011101101 #
1!
#33630
b1010001110000101 #
0!
#33635
b1001101101111111 #
1!
#33640
b10011111010001 #
0!
#33645
b100000010111000 #
1!
#33650
b1110101101011110 #
0!
#33655
b1011000100001100 #
1!
#33660
b11100111101101 #
0!
#33665
b111101011011011 #
1!
#33670
b111101110011011 #
0!
#33675
b1001011000111100 #
1!
#33680
b1001100110100011 #
0!
#33685
b101000100100011 #
1!
#33690
b101001100010111 #
0!
#33695
b1100001001010 #
1!
#33700
b1010010000101111 #
0!
#33705
b110111000010011 #
1!
#33710
b10101010011110 #
0!
#33715
b1011111001110100 #
1!
#33720
b111100011000110 #
0!
#33725
b100000100110010 #
1!
#33730
b1000000010111010 #
0!
#33735
b1101100010011010 #
1!
#33740
b1111000111010100 #
0!
#33745
b1111010111101001 #
1!
#33750
b1001000110000111 #
0!
#33755
b111001000110001 #
1!
#33760
b1010011111000000 #
0!
#33765
b111011111000111 #
1!
#33770
b101011101111010 #
0!
#33775
b101010000010000 #
1!
#33780
b1111101011111101 #
0!
#33785
b110111010001001 #
1!
#33790
b1000110110101001 #
0!
#33795
b1000101001001 #
1!
#33800
b10010011001 #
0!
#33805
b100111110111011 #
1!
#33810
b1011001101101110 #
0!
#33815
b1110110010001011 #
1!
#33820
b1010010000000010 #
0!
#33825
b11110101001111 #
1!
#33830
b1011111011 #
0!
#33835
b1111100100111000 #
1!
#33840
b111001000111010 #
0!
#33845
b10100111110011 #
1!
#33850
b111011111000101 #
0!
#33855
b1111111011000001 #
1!
#33860
b1100110000111001 #
0!
#33865
b1011110110010011 #
1!
#33870
b1100110100111110 #
0!
#33875
b1000110001011001 #
1!
#33880
b1100111110100111 #
0!
#33885
b110011111010000 #
1!
#33890
b1000000111100011 #
0!
#33895
b1110110010101001 #
1!
#33900
b101010010101111 #
0!
#33905
b101000111001000 #
1!
#33910
b1100111000000100 #
0!
#33915
b10101010000011 #
1!
#33920
b1111100100100101 #
0!
#33925
b110011000000111 #
1!
#33930
b1011001101010001 #
0!
#33935
b1010101001000 #
1!
#33940
b1101010101111 #
0!
#33945
b101011011111110 #
1!
#33950
b1110100110010100 #
0!
#33955
b11010100000011 #
1!
#33960
b1101001100110010 #
0!
#33965
b1000101111001111 #
1!
#33970
b1110110010011001 #
0!
#33975
b1101100111011011 #
1!
#33980
b110100 #
0!
#33985
b10111011001010 #
1!
#33990
b1111100010111000 #
0!
#33995
b101111110111 #
1!
#34000
b11110101101011 #
0!
#34005
b11000001110111 #
1!
#34010
b101011111011 #
0!
#34015
b1001011001100001 #
1!
#34020
b1110010000111001 #
0!
#34025
b11101110000001 #
1!
#34030
b1110000101011100 #
0!
#34035
b101100001010 #
1!
#34040
b1010101000101 #
0!
#34045
b1011101101011000 #
1!
#34050
b1111001100000100 #
0!
#34055
b1011000110000110 #
1!
#34060
b1010100011100111 #
0!
#34065
b1101101011100101 #
1!
#34070
b111111000011010 #
0!
#34075
b1001010110001111 #
1!
#34080
b11101010101110 #
0!
#34085
b1000011000101000 #
1!
#34090
b1000000000000100 #
0!
#34095
b1000010111110010 #
1!
#34100
b10101110100011 #
0!
#34105
b110110100011101 #
1!
#34110
b1011001010100001 #
0!
#34115
b101111111010 #
1!
#34120
b1001000010010000 #
0!
#34125
b1111011110101101 #
1!
#34130
b1001010001101001 #
0!
#34135
b111010011101101 #
1!
#34140
b100110011111111 #
0!
#34145
b101000000100001 #
1!
#34150
b101111011111000 #
0!
#34155
b1100101010111100 #
1!
#34160
b1111011100101000 #
0!
#34165
b110100011010001 #
1!
#34170
b1000011110000 #
0!
#34175
b1101111001110001 #
1!
#34180
b1110110010000110 #
0!
#34185
b1110100101111010 #
1!
#34190
b110001110101100 #
0!
#34195
b11011010000001 #
1!
#34200
b100101001001100 #
0!
#34205
b11111000010001 #
1!
#34210
b1101001011000010 #
0!
#34215
b10001010010000 #
1!
#34220
b1110101001110001 #
0!
#34225
b1001010001100010 #
1!
#34230
b1001110011001101 #
0!
#34235
b1010111111000101 #
1!
#34240
b110110110001001 #
0!
#34245
b1101011101011000 #
1!
#34250
b1011110001100111 #
0!
#34255
b1010010001000001 #
1!
#34260
b10101100101101 #
0!
#34265
b1011001001001100 #
1!
#34270
b1110111111100000 #
0!
#34275
b1001000111010101 #
1!
#34280
b11111000011100 #
0!
#34285
b1001001000101001 #
1!
#34290
b1010110110011101 #
0!
#34295
b1011111110001100 #
1!
#34300
b1000011011010011 #
0!
#34305
b1010010111000011 #
1!
#34310
b11011010011101 #
0!
#34315
b11110100100101 #
1!
#34320
b1010000011011001 #
0!
#34325
b1101000000110111 #
1!
#34330
b1000010000010011 #
0!
#34335
b1101010100010010 #
1!
#34340
b1110010001110000 #
0!
#34345
b1100100110101111 #
1!
#34350
b101011010011100 #
0!
#34355
b1010100010000 #
1!
#34360
b111000111100110 #
0!
#34365
b1111001001011001 #
1!
#34370
b10010011111010 #
0!
#34375
b100011011111100 #
1!
#34380
b1111100111010 #
0!
#34385
b111111011111001 #
1!
#34390
b10110111011000 #
0!
#34395
b111011011101110 #
1!
#34400
b1000111001011001 #
0!
#34405
b101100111011010 #
1!
#34410
b110101110000011 #
0!
#34415
b111001101000001 #
1!
#34420
b1101110011001 #
0!
#34425
b10100010001010 #
1!
#34430
b1001100000011010 #
0!
#34435
b1100010010010011 #
1!
#34440
b1101110110111010 #
0!
#34445
b101111000101011 #
1!
#34450
b11011000101110 #
0!
#34455
b1011101101011000 #
1!
#34460
b1011001000011011 #
0!
#34465
b10011110110011 #
1!
#34470
b111110100111100 #
0!
#34475
b101111000100110 #
1!
#34480
b11101101100000 #
0!
#34485
b110101011111011 #
1!
#34490
b110101100001001 #
0!
#34495
b111110100111011 #
1!
#34500
b1100110000111111 #
0!
#34505
b1101011011101100 #
1!
#34510
b1011100001010010 #
0!
#34515
b1010001101100010 #
1!
#34520
b1000011110101111 #
0!
#34525
b1101011010100111 #
1!
#34530
b1110010011000001 #
0!
#34535
b1101111010111 #
1!
#34540
b100001100101001 #
0!
#34545
b1001100011111010 #
1!
#34550
b10101110101111 #
0!
#34555
b1111000000101011 #
1!
#34560
b1010000100111100 #
0!
#34565
b100100001010 #
1!
#34570
b1000011010011011 #
0!
#34575
b1111001011010111 #
1!
#34580
b1111101000101011 #
0!
#34585
b1100111001101111 #
1!
#34590
b1011010111010011 #
0!
#34595
b1010101010001010 #
1!
#34600
b110101111000101 #
0!
#34605
b101110010110111 #
1!
#34610
b10111101001101 #
0!
#34615
b110011111001100 #
1!
#34620
b1100111100111000 #
0!
#34625
b1101100110010000 #
1!
#34630
b11010100100110 #
0!
#34635
b10111000001101 #
1!
#34640
b1100001100010101 #
0!
#34645
b11001010000101 #
1!
#34650
b1011111010110010 #
0!
#34655
b1101010010111011 #
1!
#34660
b1010010100110011 #
0!
#34665
b1010010010101 #
1!
#34670
b1000101010101010 #
0!
#34675
b1101111001111011 #
1!
#34680
b1000101111000000 #
0!
#34685
b1110110110000111 #
1!
#34690
b1011001100010 #
0!
#34695
b1001110000001000 #
1!
#34700
b101011000011100 #
0!
#34705
b1110010001001111 #
1!
#34710
b1001101101111110 #
0!
#34715
b1101111110100 #
1!
#34720
b1010001111000111 #
0!
#34725
b1110100101011101 #
1!
#34730
b1001100101010 #
0!
#34735
b10001110111101 #
1!
#34740
b1100101100011111 #
0!
#34745
b1010011100101010 #
1!
#34750
b11111101000001 #
0!
#34755
b100000001101010 #
1!
#34760
b1110100100010000 #
0!
#34765
b1000100011100110 #
1!
#34770
b1001100101100010 #
0!
#34775
b1100000000111001 #
1!
#34780
b1101101010000101 #
0!
#34785
b1011101010001110 #
1!
#34790
b101101101100001 #
0!
#34795
b1011000001111100 #
1!
#34800
b11110111001001 #
0!
#34805
b10101101010100 #
1!
#34810
b1000010000100011 #
0!
#34815
b1101101000111011 #
1!
#34820
b110101110000100 #
0!
#34825
b1000001010100100 #
1!
#34830
b1100111100111100 #
0!
#34835
b1100110110110011 #
1!
#34840
b1000000010101000 #
0!
#34845
b11000110100001 #
1!
#34850
b1011011101100010 #
0!
#34855
b1101000001001100 #
1!
#34860
b101101111101000 #
0!
#34865
b101111001111010 #
1!
#34870
b111100100100110 #
0!
#34875
b1111001000011010 #
1!
#34880
b1001010100000111 #
0!
#34885
b1111100001011111 #
1!
#34890
b1000011100010 #
0!
#34895
b110000111 #
1!
#34900
b1000100110101000 #
0!
#34905
b1010110010000010 #
1!
#34910
b11101001011000 #
0!
#34915
b1000010100111000 #
1!
#34920
b101011011100101 #
0!
#34925
b1110010111101011 #
1!
#34930
b111000000001100 #
0!
#34935
b1100110111001001 #
1!
#34940
b1101011001010100 #
0!
#34945
b1100110101111011 #
1!
#34950
b1111001110101110 #
0!
#34955
b1110001001110011 #
1!
#34960
b1010011011000101 #
0!
#34965
b101001100000010 #
1!
#34970
b1011100010101100 #
0!
#34975
b1001001100111011 #
1!
#34980
b10001001100001 #
0!
#34985
b10000110101101 #
1!
#34990
b1000000101010011 #
0!
#34995
b110101010111111 #
1!
#35000
b110011101101100 #
0!
#35005
b1010010110110011 #
1!
#35010
b1100011001111110 #
0!
#35015
b1011010100111000 #
1!
#35020
b100111001011100 #
0!
#35025
b100010010010 #
1!
#35030
b1100011101000101 #
0!
#35035
b111110111000101 #
1!
#35040
b111011110000000 #
0!
#35045
b11100010110100 #
1!
#35050
b111110110101101 #
0!
#35055
b1001000010100001 #
1!
#35060
b11100111110100 #
0!
#35065
b1110001011010110 #
1!
#35070
b1010010011000001 #
0!
#35075
b111101001010101 #
1!
#35080
b1011010100001000 #
0!
#35085
b111000100001111 #
1!
#35090
b1011101000100110 #
0!
#35095
b1000100101111110 #
1!
#35100
b1100001011101111 #
0!
#35105
b1000010111011 #
1!
#35110
b1111100010000100 #
0!
#35115
b1100010001000100 #
1!
#35120
b11001011 #
0!
#35125
b1010101000111101 #
1!
#35130
b101110111010010 #
0!
#35135
b1111101000010001 #
1!
#35140
b1100101111110100 #
0!
#35145
b1111000011011010 #
1!
#35150
b1010010111110101 #
0!
#35155
b1011011110101001 #
1!
#35160
b11110110001101 #
0!
#35165
b100100010010011 #
1!
#35170
b100100110101001 #
0!
#35175
b100011100111100 #
1!
#35180
b11001100111101 #
0!
#35185
b1110001101001010 #
1!
#35190
b1000011100101110 #
0!
#35195
b1011011101110111 #
1!
#35200
b100100100110000 #
0!
#35205
b1010100000011000 #
1!
#35210
b101101110101101 #
0!
#35215
b1101000001001111 #
1!
#35220
b1101100100100101 #
0!
#35225
b100100100011110 #
1!
#35230
b111111111011101 #
0!
#35235
b10000101110101 #
1!
#35240
b1110110100 #
0!
#35245
b10110110110110 #
1!
#35250
b111001110111111 #
0!
#35255
b1111001000110001 #
1!
#35260
b1001111010010110 #
0!
#35265
b1000001001001100 #
1!
#35270
b111000100010010 #
0!
#35275
b101010110011101 #
1!
#35280
b100101000010011 #
0!
#35285
b11010011001111 #
1!
#35290
b111001101010100 #
0!
#35295
b1000111101101 #
1!
#35300
b110001101011011 #
0!
#35305
b1110111111110000 #
1!
#35310
b11011111100001 #
0!
#35315
b1011010011010100 #
1!
#35320
b1100000001 #
0!
#35325
b1110100101111 #
1!
#35330
b11100000010001 #
0!
#35335
b1000101010011011 #
1!
#35340
b11001001010 #
0!
#35345
b1110110011101010 #
1!
#35350
b1011010011101011 #
0!
#35355
b1010000100001000 #
1!
#35360
b101110001100 #
0!
#35365
b100101101011111 #
1!
#35370
b1010011100111111 #
0!
#35375
b1011111010101100 #
1!
#35380
b110100101011000 #
0!
#35385
b1101111011101000 #
1!
#35390
b1100101011000101 #
0!
#35395
b111010010101001 #
1!
#35400
b100000110011100 #
0!
#35405
b1100101011000 #
1!
#35410
b1001101000011111 #
0!
#35415
b111010010100 #
1!
#35420
b110101110000101 #
0!
#35425
b10010111000100 #
1!
#35430
b101011100111111 #
0!
#35435
b1001011110000010 #
1!
#35440
b1000010001001110 #
0!
#35445
b1110110110010111 #
1!
#35450
b1111011100101001 #
0!
#35455
b1101100011011000 #
1!
#35460
b1110101010101110 #
0!
#35465
b1110101001001 #
1!
#35470
b11101110001010 #
0!
#35475
b110001011111010 #
1!
#35480
b1011100000110111 #
0!
#35485
b10001010001101 #
1!
#35490
b1001101000011010 #
0!
#35495
b111111101110100 #
1!
#35500
b1100101100111000 #
0!
#35505
b10011101010100 #
1!
#35510
b101010101000000 #
0!
#35515
b11100110101001 #
1!
#35520
b1011110110000000 #
0!
#35525
b1101001110110 #
1!
#35530
b110010011110010 #
0!
#35535
b101111010101100 #
1!
#35540
b1110100110100000 #
0!
#35545
b1010011001011100 #
1!
#35550
b1000010001001011 #
0!
#35555
b111101001010110 #
1!
#35560
b110111111101010 #
0!
#35565
b11011110001001 #
1!
#35570
b11010111001000 #
0!
#35575
b1101101100110001 #
1!
#35580
b10011111101110 #
0!
#35585
b1111011001001111 #
1!
#35590
b1010110110101011 #
0!
#35595
b1000100001010000 #
1!
#35600
b1010111010100101 #
0!
#35605
b1101010010001110 #
1!
#35610
b1110110101111110 #
0!
#35615
b101000110110000 #
1!
#35620
b110001011111110 #
0!
#35625
b111101111011000 #
1!
#35630
b1010110100011111 #
0!
#35635
b1100000100101110 #
1!
#35640
b101111000010101 #
0!
#35645
b101011111001100 #
1!
#35650
b110101101100000 #
0!
#35655
b10001110111101 #
1!
#35660
b111111110110101 #
0!
#35665
b1001001000000001 #
1!
#35670
b110001110101001 #
0!
#35675
b1000001111100010 #
1!
#35680
b101111101110010 #
0!
#35685
b1101001100001 #
1!
#35690
b1001000110010011 #
0!
#35695
b1010111000011011 #
1!
#35700
b101100000001010 #
0!
#35705
b1001110000111001 #
1!
#35710
b1011000011111001 #
0!
#35715
b11000100111011 #
1!
#35720
b1000110001000001 #
0!
#35725
b1000001111110011 #
1!
#35730
b11110001110001 #
0!
#35735
b101010001101001 #
1!
#35740
b1101001111111001 #
0!
#35745
b1111100010110010 #
1!
#35750
b111010110101110 #
0!
#35755
b10100110111101 #
1!
#35760
b1100100110111000 #
0!
#35765
b1110110011000011 #
1!
#35770
b101000010111011 #
0!
#35775
b111100000101110 #
1!
#35780
b1100101001010011 #
0!
#35785
b100100101000 #
1!
#35790
b1000111010000101 #
0!
#35795
b1100110011011011 #
1!
#35800
b1111010111111100 #
0!
#35805
b1011101000100001 #
1!
#35810
b1010110010111000 #
0!
#35815
b111010101000011 #
1!
#35820
b10001101100111 #
0!
#35825
b10110000000010 #
1!
#35830
b1110001001011010 #
0!
#35835
b111110110010100 #
1!
#35840
b1111000100111110 #
0!
#35845
b100101100111011 #
1!
#35850
b10110000100100 #
0!
#35855
b1010110110011100 #
1!
#35860
b1011100110011001 #
0!
#35865
b1100001111010110 #
1!
#35870
b100101100001111 #
0!
#35875
b1001011001110000 #
1!
#35880
b1001101010111101 #
0!
#35885
b1111111001010111 #
1!
#35890
b1011011100001010 #
0!
#35895
b1000000001110110 #
1!
#35900
b110111111001010 #
0!
#35905
b10101101001011 #
1!
#35910
b1010101101010111 #
0!
#35915
b111101011010011 #
1!
#35920
b1101001110100010 #
0!
#35925
b11010001100000 #
1!
#35930
b10011101111110 #
0!
#35935
b100111011100001 #
1!
#35940
b10001110101100 #
0!
#35945
b1100100101011110 #
1!
#35950
b1110001101011010 #
0!
#35955
b1000101111000011 #
1!
#35960
b111101111000010 #
0!
#35965
b100111011011011 #
1!
#35970
b101110000101110 #
0!
#35975
b111100110101100 #
1!
#35980
b1011011111101101 #
0!
#35985
b1111011000000001 #
1!
#35990
b1101000000111101 #
0!
#35995
b10010111111001 #
1!
#36000
b111000000111010 #
0!
#36005
b1010101000111010 #
1!
#36010
b11101111011110 #
0!
#36015
b101110010101011 #
1!
#36020
b100001001010 #
0!
#36025
b1100100100011 #
1!
#36030
b101011010000111 #
0!
#36035
b1010101101100010 #
1!
#36040
b1001011111110000 #
0!
#36045
b1010101010010001 #
1!
#36050
b1001111110111110 #
0!
#36055
b101110101101010 #
1!
#36060
b1111101101111010 #
0!
#36065
b1000111000001111 #
1!
#36070
b101001101101101 #
0!
#36075
b111110111111001 #
1!
#36080
b1100110111110010 #
0!
#36085
b1010110010100100 #
1!
#36090
b110101010011101 #
0!
#36095
b1101011100110010 #
1!
#36100
b110101100000001 #
0!
#36105
b1011011100110011 #
1!
#36110
b1010010011110011 #
0!
#36115
b1111100000000001 #
1!
#36120
b1111000110110101 #
0!
#36125
b1001101100000 #
1!
#36130
b111110100000111 #
0!
#36135
b10110001110101 #
1!
#36140
b11101011011100 #
0!
#36145
b1111000000111110 #
1!
#36150
b10111011110110 #
0!
#36155
b111111110011111 #
1!
#36160
b1110001100110001 #
0!
#36165
b11110110101001 #
1!
#36170
b1011011000110101 #
0!
#36175
b1011110110011100 #
1!
#36180
b100100100010000 #
0!
#36185
b1001111010100110 #
1!
#36190
b1101000100010100 #
0!
#36195
b111000111011001 #
1!
#36200
b1000010011100101 #
0!
#36205
b1000011010010001 #
1!
#36210
b1111100111101011 #
0!
#36215
b1110011100101110 #
1!
#36220
b111011100011011 #
0!
#36225
b10000010001100 #
1!
#36230
b110100101110000 #
0!
#36235
b10110011101011 #
1!
#36240
b1011011110110011 #
0!
#36245
b101011111100111 #
1!
#36250
b10000100100110 #
0!
#36255
b111101011110 #
1!
#36260
b1010001101000011 #
0!
#36265
b1101010111111100 #
1!
#36270
b1101100001011101 #
0!
#36275
b1010000001000 #
1!
#36280
b101011010011101 #
0!
#36285
b11100101110 #
1!
#36290
b111110111110 #
0!
#36295
b1000111011110101 #
1!
#36300
b1010111111000010 #
0!
#36305
b1101010010010 #
1!
#36310
b1111111011100001 #
0!
#36315
b1000100001110001 #
1!
#36320
b100010001101010 #
0!
#36325
b1111110011101101 #
1!
#36330
b1010010011010011 #
0!
#36335
b1100101110011010 #
1!
#36340
b111100111010111 #
0!
#36345
b101010101111111 #
1!
#36350
b1011101000011101 #
0!
#36355
b1110011111110010 #
1!
#36360
b110001100100000 #
0!
#36365
b1001010001100011 #
1!
#36370
b1100000000101010 #
0!
#36375
b10001110000101 #
1!
#36380
b1110001010110111 #
0!
#36385
b1110001111100101 #
1!
#36390
b1111000110010111 #
0!
#36395
b1000111010111101 #
1!
#36400
b1001000101100011 #
0!
#36405
b10111110011010 #
1!
#36410
b100010001100001 #
0!
#36415
b1111010001111111 #
1!
#36420
b1100101001011001 #
0!
#36425
b10001110100010 #
1!
#36430
b111101001011110 #
0!
#36435
b1110001010100010 #
1!
#36440
b1010110110111001 #
0!
#36445
b10110111011100 #
1!
#36450
b111000001001 #
0!
#36455
b1010001001011000 #
1!
#36460
b1001000100100 #
0!
#36465
b111011001110000 #
1!
#36470
b11110100010000 #
0!
#36475
b100000110101111 #
1!
#36480
b1001011110100001 #
0!
#36485
b1110110010000001 #
1!
#36490
b110011010 #
0!
#36495
b1000101010101010 #
1!
#36500
b1001100110000100 #
0!
#36505
b11110101100100 #
1!
#36510
b1011011000101 #
0!
#36515
b101000100110 #
1!
#36520
b11000010011011 #
0!
#36525
b1101000000101000 #
1!
#36530
b1111101001001100 #
0!
#36535
b111000000111 #
1!
#36540
b11111001010000 #
0!
#36545
b1101010011011001 #
1!
#36550
b1110011011010010 #
0!
#36555
b1010000111011100 #
1!
#36560
b101101011111110 #
0!
#36565
b11011001000101 #
1!
#36570
b1101100111001011 #
0!
#36575
b1000110010000100 #
1!
#36580
b1110001100100011 #
0!
#36585
b1010000010101011 #
1!
#36590
b1000111101110011 #
0!
#36595
b110000011110010 #
1!
#36600
b1111001010111111 #
0!
#36605
b1000000100010111 #
1!
#36610
b1000000011010100 #
0!
#36615
b110011110100110 #
1!
#36620
b110011110000010 #
0!
#36625
b11011111 #
1!
#36630
b1110110101010000 #
0!
#36635
b1010101111110001 #
1!
#36640
b1101100000001011 #
0!
#36645
b110111111011 #
1!
#36650
b1100111010100101 #
0!
#36655
b1111101110100110 #
1!
#36660
b1010100111110001 #
0!
#36665
b101001010100110 #
1!
#36670
b1110000111100101 #
0!
#36675
b1110000101000010 #
1!
#36680
b1110111111001000 #
0!
#36685
b11110000011011 #
1!
#36690
b1010001101011001 #
0!
#36695
b1010101000100111 #
1!
#36700
b1000101111100000 #
0!
#36705
b1111011110111100 #
1!
#36710
b100110011001000 #
0!
#36715
b110000000001101 #
1!
#36720
b1010111110011 #
0!
#36725
b110111110001000 #
1!
#36730
b1101111100011100 #
0!
#36735
b1101010000110101 #
1!
#36740
b1110101101111001 #
0!
#36745
b100111000110000 #
1!
#36750
b1000111010010 #
0!
#36755
b1000110001110100 #
1!
#36760
b10100111011111 #
0!
#36765
b10010100111 #
1!
#36770
b110000001000011 #
0!
#36775
b1101100110111010 #
1!
#36780
b1010100101010001 #
0!
#36785
b1011101010000010 #
1!
#36790
b101000100100 #
0!
#36795
b1100010100101000 #
1!
#36800
b101001010110 #
0!
#36805
b101110000000101 #
1!
#36810
b101001000110 #
0!
#36815
b1101001000011 #
1!
#36820
b1010100111110100 #
0!
#36825
b1001100000101011 #
1!
#36830
b1110000001110 #
0!
#36835
b110011001101101 #
1!
#36840
b1001110110010100 #
0!
#36845
b1101100010001110 #
1!
#36850
b1011101110010001 #
0!
#36855
b1111010100101110 #
1!
#36860
b1100010101011001 #
0!
#36865
b100101001111101 #
1!
#36870
b10010111011001 #
0!
#36875
b1101001001101101 #
1!
#36880
b1011111100101100 #
0!
#36885
b1101011000011011 #
1!
#36890
b101001001000000 #
0!
#36895
b1100101100110001 #
1!
#36900
b1110001000101011 #
0!
#36905
b10111111100101 #
1!
#36910
b10101101000 #
0!
#36915
b110101011111000 #
1!
#36920
b100111110111111 #
0!
#36925
b1011100001101000 #
1!
#36930
b1011001110110011 #
0!
#36935
b1111110101001100 #
1!
#36940
b1101110011111110 #
0!
#36945
b1010010110010001 #
1!
#36950
b1001101011000111 #
0!
#36955
b1000110010011110 #
1!
#36960
b10110010100101 #
0!
#36965
b1101111001100101 #
1!
#36970
b1011100100001000 #
0!
#36975
b1110100100001100 #
1!
#36980
b1001100101011000 #
0!
#36985
b111101110011 #
1!
#36990
b1100011110001011 #
0!
#36995
b1001101100100110 #
1!
#37000
b11101101100001 #
0!
#37005
b1010010111101011 #
1!
#37010
b100010001101110 #
0!
#37015
b1111000000111101 #
1!
#37020
b1111000010100100 #
0!
#37025
b1100110010011111 #
1!
#37030
b110101100011011 #
0!
#37035
b1111010101110000 #
1!
#37040
b101100100001000 #
0!
#37045
b111000111001110 #
1!
#37050
b11100101100000 #
0!
#37055
b111001111110000 #
1!
#37060
b1100101100000010 #
0!
#37065
b11110000010101 #
1!
#37070
b110011111011011 #
0!
#37075
b1111100010101011 #
1!
#37080
b110010101111111 #
0!
#37085
b1001110001010001 #
1!
#37090
b111001110111001 #
0!
#37095
b1101000011101000 #
1!
#37100
b111110000 #
0!
#37105
b1011111111011110 #
1!
#37110
b1001100100101101 #
0!
#37115
b11011110010 #
1!
#37120
b11111010010110 #
0!
#37125
b1000111111110110 #
1!
#37130
b1101010110101101 #
0!
#37135
b110100101100101 #
1!
#37140
b111100011100001 #
0!
#37145
b1011010010010100 #
1!
#37150
b1110001001011011 #
0!
#37155
b1000000101000100 #
1!
#37160
b1100100100001001 #
0!
#37165
b1010001010110100 #
1!
#37170
b11110010011111 #
0!
#37175
b1001110001010000 #
1!
#37180
b110110100100 #
0!
#37185
b111111101000001 #
1!
#37190
b10001001011111 #
0!
#37195
b1100010011100011 #
1!
#37200
b1110000101100011 #
0!
#37205
b11100110001010 #
1!
#37210
b1000110011011000 #
0!
#37215
b1100101111000010 #
1!
#37220
b1010001010111100 #
0!
#37225
b111101110100011 #
1!
#37230
b11100010001000 #
0!
#37235
b11010000001111 #
1!
#37240
b110100010110101 #
0!
#37245
b1011001001110001 #
1!
#37250
b1010010000100000 #
0!
#37255
b101001011110101 #
1!
#37260
b1010110000101 #
0!
#37265
b101011010010 #
1!
#37270
b100000000001 #
0!
#37275
b11000000011101 #
1!
#37280
b100000100111110 #
0!
#37285
b110111010101101 #
1!
#37290
b110000100101111 #
0!
#37295
b1001100110001010 #
1!
#37300
b100100001001010 #
0!
#37305
b1000110000111110 #
1!
#37310
b110110000111001 #
0!
#37315
b1011011110100 #
1!
#37320
b100011011100001 #
0!
#37325
b1100111110000100 #
1!
#37330
b1010011000001101 #
0!
#37335
b1111011000110110 #
1!
#37340
b1100000110011 #
0!
#37345
b110000100010111 #
1!
#37350
b100100000101100 #
0!
#37355
b100011111101011 #
1!
#37360
b101101110001011 #
0!
#37365
b11000101001111 #
1!
#37370
b101001101000001 #
0!
#37375
b1101000011001110 #
1!
#37380
b110100100010010 #
0!
#37385
b1110100000001011 #
1!
#37390
b111110010000100 #
0!
#37395
b10001111111111 #
1!
#37400
b101111101110001 #
0!
#37405
b1111011011101101 #
1!
#37410
b100010111101100 #
0!
#37415
b1000011110110000 #
1!
#37420
b1100100010010 #
0!
#37425
b1000010101101101 #
1!
#37430
b1110011010100110 #
0!
#37435
b100101110000 #
1!
#37440
b11001100101001 #
0!
#37445
b111111110010101 #
1!
#37450
b101111011000001 #
0!
#37455
b111011010001110 #
1!
#37460
b11001001001 #
0!
#37465
b1001001110111000 #
1!
#37470
b110100010010111 #
0!
#37475
b101101010111111 #
1!
#37480
b1011010110110010 #
0!
#37485
b10101100001100 #
1!
#37490
b111111111011000 #
0!
#37495
b1010011011 #
1!
#37500
b1010000100010 #
0!
#37505
b111001001101110 #
1!
#37510
b1110000111000001 #
0!
#37515
b111100100000100 #
1!
#37520
b1100010001001011 #
0!
#37525
b101100000110100 #
1!
#37530
b1000011101100111 #
0!
#37535
b1000100000010101 #
1!
#37540
b10000010110100 #
0!
#37545
b1000011101011111 #
1!
#37550
b10111010011101 #
0!
#37555
b1100000110101100 #
1!
#37560
b100010000111000 #
0!
#37565
b110101000000100 #
1!
#37570
b101010101011100 #
0!
#37575
b110101100101111 #
1!
#37580
b110111100110 #
0!
#37585
b10111001001010 #
1!
#37590
b11010100111001 #
0!
#37595
b1001001110010100 #
1!
#37600
b1010001011110 #
0!
#37605
b1011111011010100 #
1!
#37610
b1100101111001110 #
0!
#37615
b11001011101 #
1!
#37620
b1011011010001000 #
0!
#37625
b1100100011100010 #
1!
#37630
b1101001010011101 #
0!
#37635
b101000110000010 #
1!
#37640
b1001011000000 #
0!
#37645
b1011011000010111 #
1!
#37650
b1100100001011001 #
0!
#37655
b1011111111111111 #
1!
#37660
b100111100 #
0!
#37665
b1011011100101100 #
1!
#37670
b1110011100010110 #
0!
#37675
b101101000000011 #
1!
#37680
b1111111100011 #
0!
#37685
b1011000001101011 #
1!
#37690
b10101001010011 #
0!
#37695
b1111000101101101 #
1!
#37700
b1100100101001001 #
0!
#37705
b101011001001011 #
1!
#37710
b101001101011000 #
0!
#37715
b110010100011 #
1!
#37720
b1101000001011 #
0!
#37725
b111000001011 #
1!
#37730
b1101011111100010 #
0!
#37735
b1111110101011111 #
1!
#37740
b1111000101000110 #
0!
#37745
b100110011001 #
1!
#37750
b1111010010001100 #
0!
#37755
b1100110010001001 #
1!
#37760
b1110011001011000 #
0!
#37765
b10111110100100 #
1!
#37770
b1010100111110111 #
0!
#37775
b100011110111010 #
1!
#37780
b101011110101100 #
0!
#37785
b10111000110001 #
1!
#37790
b1010110100101101 #
0!
#37795
b1111011001110101 #
1!
#37800
b110000111000101 #
0!
#37805
b111001110000111 #
1!
#37810
b1000000100100000 #
0!
#37815
b10100010111101 #
1!
#37820
b1101110101000010 #
0!
#37825
b10100011001111 #
1!
#37830
b101111011011010 #
0!
#37835
b1110101000010101 #
1!
#37840
b110100000001101 #
0!
#37845
b11101100111011 #
1!
#37850
b100000101000001 #
0!
#37855
b11110000111 #
1!
#37860
b110000101110010 #
0!
#37865
b101010000010010 #
1!
#37870
b1110010011110100 #
0!
#37875
b101011000101 #
1!
#37880
b1110000001100000 #
0!
#37885
b1110001101110010 #
1!
#37890
b1100011000101100 #
0!
#37895
b100000000000110 #
1!
#37900
b1100010001110001 #
0!
#37905
b1001100100100 #
1!
#37910
b10001000101010 #
0!
#37915
b1011011110101001 #
1!
#37920
b1010100000001100 #
0!
#37925
b1101000001011100 #
1!
#37930
b1111010100011000 #
0!
#37935
b11010001000010 #
1!
#37940
b1110011101010000 #
0!
#37945
b1100010010110111 #
1!
#37950
b1111100011100001 #
0!
#37955
b100101100100101 #
1!
#37960
b1001111011110101 #
0!
#37965
b101111001010110 #
1!
#37970
b1010100011110110 #
0!
#37975
b100010100000101 #
1!
#37980
b1010100111101111 #
0!
#37985
b1100101001101010 #
1!
#37990
b100010001110100 #
0!
#37995
b10110110111110 #
1!
#38000
b1010001111111000 #
0!
#38005
b1111001100000100 #
1!
#38010
b1100010110101001 #
0!
#38015
b1100111111101001 #
1!
#38020
b1110100011000111 #
0!
#38025
b1000001010010000 #
1!
#38030
b1110100101100100 #
0!
#38035
b1011100001001110 #
1!
#38040
b1001011100100110 #
0!
#38045
b1110100010111110 #
1!
#38050
b10100000011110 #
0!
#38055
b11010011000010 #
1!
#38060
b1000100010011100 #
0!
#38065
b100110001001100 #
1!
#38070
b1100001001011000 #
0!
#38075
b100111110100011 #
1!
#38080
b101101111101000 #
0!
#38085
b1010000001100101 #
1!
#38090
b1011001101000010 #
0!
#38095
b1101010001101000 #
1!
#38100
b110011000001001 #
0!
#38105
b1000110000011001 #
1!
#38110
b1011001000001001 #
0!
#38115
b101000101111011 #
1!
#38120
b1100110011111011 #
0!
#38125
b111110110010111 #
1!
#38130
b100001111011010 #
0!
#38135
b1000011100010 #
1!
#38140
b110010011110100 #
0!
#38145
b1001110010101100 #
1!
#38150
b1001101000000101 #
0!
#38155
b1111011011011 #
1!
#38160
b1100110001001110 #
0!
#38165
b1101101101000000 #
1!
#38170
b1011101100111000 #
0!
#38175
b100011011110101 #
1!
#38180
b110000111010111 #
0!
#38185
b1110000000110110 #
1!
#38190
b101101001010111 #
0!
#38195
b1011111001111 #
1!
#38200
b11110011000100 #
0!
#38205
b1110010001110 #
1!
#38210
b1111100011010100 #
0!
#38215
b1101100100001001 #
1!
#38220
b11110011110101 #
0!
#38225
b1011100000001001 #
1!
#38230
b1101000000010001 #
0!
#38235
b1001100010000000 #
1!
#38240
b1111110111010001 #
0!
#38245
b1010000001000110 #
1!
#38250
b1101111011000001 #
0!
#38255
b10010101110111 #
1!
#38260
b1101011101100011 #
0!
#38265
b1000001010010111 #
1!
#38270
b1101111010110000 #
0!
#38275
b11110110011 #
1!
#38280
b1110101011111001 #
0!
#38285
b1100100001110011 #
1!
#38290
b100101100000111 #
0!
#38295
b1000101000110110 #
1!
#38300
b1000111111011 #
0!
#38305
b1001111111011001 #
1!
#38310
b110001001100011 #
0!
#38315
b1011111010100001 #
1!
#38320
b1110011100110000 #
0!
#38325
b1111001001111101 #
1!
#38330
b1111111010110 #
0!
#38335
b110111111100001 #
1!
#38340
b1100100000101011 #
0!
#38345
b110111000010010 #
1!
#38350
b11110100110010 #
0!
#38355
b10001000110100 #
1!
#38360
b1101001000011001 #
0!
#38365
b1000000110010111 #
1!
#38370
b11101010100010 #
0!
#38375
b10101000101000 #
1!
#38380
b1110000010100010 #
0!
#38385
b101001011101101 #
1!
#38390
b101000100001000 #
0!
#38395
b1001001110100010 #
1!
#38400
b1000111100100011 #
0!
#38405
b1101000110011001 #
1!
#38410
b111101000010110 #
0!
#38415
b10001110010100 #
1!
#38420
b11011111100001 #
0!
#38425
b1010100100001000 #
1!
#38430
b111100010010111 #
0!
#38435
b110110001100110 #
1!
#38440
b1111100010001010 #
0!
#38445
b100010000101101 #
1!
#38450
b1100010011101011 #
0!
#38455
b1011011010111010 #
1!
#38460
b1010110010100110 #
0!
#38465
b1101000111001111 #
1!
#38470
b1001100100011110 #
0!
#38475
b1000110011101 #
1!
#38480
b1111000000110111 #
0!
#38485
b11101001100100 #
1!
#38490
b1111010110100001 #
0!
#38495
b100010010111110 #
1!
#38500
b10000001000011 #
0!
#38505
b10111111000101 #
1!
#38510
b1001000100010011 #
0!
#38515
b1110000011000000 #
1!
#38520
b101100001111100 #
0!
#38525
b1010010101000 #
1!
#38530
b1110101100010110 #
0!
#38535
b10111101000100 #
1!
#38540
b111010011000010 #
0!
#38545
b1110100100010 #
1!
#38550
b11111110101001 #
0!
#38555
b11101111000000 #
1!
#38560
b111010110011 #
0!
#38565
b11000100010100 #
1!
#38570
b1000100111111100 #
0!
#38575
b1101001110111010 #
1!
#38580
b1000011011111111 #
0!
#38585
b1111111011011100 #
1!
#38590
b1000010100110111 #
0!
#38595
b1000000010000001 #
1!
#38600
b1111010111000010 #
0!
#38605
b1111000000011111 #
1!
#38610
b1010110100101111 #
0!
#38615
b1001001111111111 #
1!
#38620
b11100010010000 #
0!
#38625
b11010000000011 #
1!
#38630
b100000001111101 #
0!
#38635
b1001110110010 #
1!
#38640
b1110101001110100 #
0!
#38645
b1011001110110101 #
1!
#38650
b11100011101111 #
0!
#38655
b1100110001110010 #
1!
#38660
b110100110010101 #
0!
#38665
b1110110001011 #
1!
#38670
b101001011001111 #
0!
#38675
b100111100001101 #
1!
#38680
b1100111110111011 #
0!
#38685
b1101100010101000 #
1!
#38690
b101011110011 #
0!
#38695
b1110001101011101 #
1!
#38700
b1111100001101010 #
0!
#38705
b1011001101001 #
1!
#38710
b1001110100010111 #
0!
#38715
b1001010011101100 #
1!
#38720
b1000000011001111 #
0!
#38725
b1100001010000010 #
1!
#38730
b10101100101 #
0!
#38735
b11001110111101 #
1!
#38740
b1100011100110010 #
0!
#38745
b1000010000011001 #
1!
#38750
b1111111111000010 #
0!
#38755
b100011101001100 #
1!
#38760
b1110001100101011 #
0!
#38765
b1100110110111011 #
1!
#38770
b11010110100 #
0!
#38775
b1110101110000 #
1!
#38780
b1011010101001001 #
0!
#38785
b1100011110000010 #
1!
#38790
b101011110000000 #
0!
#38795
b1100001000011111 #
1!
#38800
b1101010001110000 #
0!
#38805
b101110001001001 #
1!
#38810
b1110111001001111 #
0!
#38815
b10010111110 #
1!
#38820
b1010000010010011 #
0!
#38825
b11101000110111 #
1!
#38830
b1000011011110011 #
0!
#38835
b110101100001101 #
1!
#38840
b11010000011110 #
0!
#38845
b1100110010010011 #
1!
#38850
b1001110000110111 #
0!
#38855
b100010101000110 #
1!
#38860
b110110010101000 #
0!
#38865
b100000000011010 #
1!
#38870
b110110100101101 #
0!
#38875
b1001111010001111 #
1!
#38880
b1110001100111010 #
0!
#38885
b1000001011000111 #
1!
#38890
b1111001101111101 #
0!
#38895
b100000001001000 #
1!
#38900
b1111011111100101 #
0!
#38905
b11101101011111 #
1!
#38910
b1110100100100000 #
0!
#38915
b1011110001100101 #
1!
#38920
b1100000111001000 #
0!
#38925
b1101101010001011 #
1!
#38930
b1100111110010011 #
0!
#38935
b101100001001110 #
1!
#38940
b10000001011101 #
0!
#38945
b1000100011110010 #
1!
#38950
b1101111111011111 #
0!
#38955
b10010101110111 #
1!
#38960
b1010111000101011 #
0!
#38965
b11010100001111 #
1!
#38970
b1001010000110 #
0!
#38975
b1110101000111001 #
1!
#38980
b1100100010100100 #
0!
#38985
b1000100100110101 #
1!
#38990
b10100111000101 #
0!
#38995
b11100100001100 #
1!
#39000
b1000101001100100 #
0!
#39005
b1111001110000001 #
1!
#39010
b1001110000010101 #
0!
#39015
b101100110101111 #
1!
#39020
b1101000010000001 #
0!
#39025
b1001110100100111 #
1!
#39030
b1010101010000000 #
0!
#39035
b101011101101000 #
1!
#39040
b11010100110011 #
0!
#39045
b111001111100001 #
1!
#39050
b100111110100101 #
0!
#39055
b11011111 #
1!
#39060
b1011101111100 #
0!
#39065
b10001111100101 #
1!
#39070
b100010111110101 #
0!
#39075
b1110000111000010 #
1!
#39080
b1000111100010101 #
0!
#39085
b1011000110010 #
1!
#39090
b100100011011 #
0!
#39095
b100010110110010 #
1!
#39100
b111110101001100 #
0!
#39105
b111101010001110 #
1!
#39110
b1101010000001000 #
0!
#39115
b11011110100111 #
1!
#39120
b111100100011111 #
0!
#39125
b11110000010000 #
1!
#39130
b1010011010010101 #
0!
#39135
b1000001001010100 #
1!
#39140
b1110000000101001 #
0!
#39145
b11010000111 #
1!
#39150
b11110101000010 #
0!
#39155
b1011011110101100 #
1!
#39160
b1101000111000100 #
0!
#39165
b100011010011111 #
1!
#39170
b111011111001 #
0!
#39175
b1110100011100 #
1!
#39180
b10010011110101 #
0!
#39185
b10011000011000 #
1!
#39190
b101101001011001 #
0!
#39195
b1100000110010000 #
1!
#39200
b111011101101110 #
0!
#39205
b1001001011100010 #
1!
#39210
b1110101110111 #
0!
#39215
b111000111011110 #
1!
#39220
b10011101010100 #
0!
#39225
b11100101111010 #
1!
#39230
b111010011000 #
0!
#39235
b1011011110110011 #
1!
#39240
b100110100000011 #
0!
#39245
b1000001001101001 #
1!
#39250
b1011000111010110 #
0!
#39255
b1110000010010000 #
1!
#39260
b1100100110010010 #
0!
#39265
b1001110000101110 #
1!
#39270
b11101100100011 #
0!
#39275
b1111011111110100 #
1!
#39280
b11001000111100 #
0!
#39285
b111010001101100 #
1!
#39290
b1010110110110000 #
0!
#39295
b1100101101010101 #
1!
#39300
b1110100001111000 #
0!
#39305
b1011010011001000 #
1!
#39310
b1011111100100000 #
0!
#39315
b1110001111101000 #
1!
#39320
b11111101100 #
0!
#39325
b1100101100110100 #
1!
#39330
b1110111010001001 #
0!
#39335
b1000111111101100 #
1!
#39340
b110011011111001 #
0!
#39345
b1110000100010001 #
1!
#39350
b111100010111110 #
0!
#39355
b1101101001111001 #
1!
#39360
b1010100000011000 #
0!
#39365
b1110001111110111 #
1!
#39370
b101100011000111 #
0!
#39375
b1001000001111001 #
1!
#39380
b10011110111111 #
0!
#39385
b111111010000101 #
1!
#39390
b100101100011100 #
0!
#39395
b11110011011111 #
1!
#39400
b1111101111111110 #
0!
#39405
b1111100000100 #
1!
#39410
b1100100110000010 #
0!
#39415
b10101110101111 #
1!
#39420
b1010011111 #
0!
#39425
b1111000100111101 #
1!
#39430
b1001100001111 #
0!
#39435
b110100011111011 #
1!
#39440
b1101110111101100 #
0!
#39445
b1101110001011011 #
1!
#39450
b10000101000110 #
0!
#39455
b1100000001011100 #
1!
#39460
b1110000111100010 #
0!
#39465
b1001010100101101 #
1!
#39470
b1011001011001100 #
0!
#39475
b1100000100010010 #
1!
#39480
b10110100000011 #
0!
#39485
b111111010011110 #
1!
#39490
b100000110100001 #
0!
#39495
b1011001001010100 #
1!
#39500
b1001101101111010 #
0!
#39505
b1100101111001000 #
1!
#39510
b100001101000 #
0!
#39515
b1010001011101011 #
1!
#39520
b1100101011010110 #
0!
#39525
b110010001100100 #
1!
#39530
b11110011110 #
0!
#39535
b101111010111011 #
1!
#39540
b1011000001011 #
0!
#39545
b1111010000000110 #
1!
#39550
b1111010101001010 #
0!
#39555
b111000001000011 #
1!
#39560
b1001100011101010 #
0!
#39565
b1110101111101011 #
1!
#39570
b101001100011010 #
0!
#39575
b10011110110010 #
1!
#39580
b10111111011110 #
0!
#39585
b111001011000001 #
1!
#39590
b101100001100101 #
0!
#39595
b1000101010110000 #
1!
#39600
b111011000001111 #
0!
#39605
b111011100101110 #
1!
#39610
b11011111111 #
0!
#39615
b110100101100001 #
1!
#39620
b1100100110110000 #
0!
#39625
b1010001101111111 #
1!
#39630
b1010101101011 #
0!
#39635
b100111011010110 #
1!
#39640
b100001110101001 #
0!
#39645
b110001001010100 #
1!
#39650
b1010101 #
0!
#39655
b1000011001100001 #
1!
#39660
b1011111101011111 #
0!
#39665
b1110010110010000 #
1!
#39670
b11011001101 #
0!
#39675
b1110100000110 #
1!
#39680
b1101110011000101 #
0!
#39685
b1010010000110 #
1!
#39690
b10001000111111 #
0!
#39695
b1101111110001000 #
1!
#39700
b1111011001111010 #
0!
#39705
b1001101110010011 #
1!
#39710
b1000010100010 #
0!
#39715
b101011100110110 #
1!
#39720
b10011100100000 #
0!
#39725
b1110100100100010 #
1!
#39730
b100101011001110 #
0!
#39735
b1101001100010011 #
1!
#39740
b100101010110001 #
0!
#39745
b10010101011000 #
1!
#39750
b1000001110011 #
0!
#39755
b101101001011111 #
1!
#39760
b1111111111111111 #
0!
#39765
b11111101001100 #
1!
#39770
b101101010111000 #
0!
#39775
b1100000100110100 #
1!
#39780
b1010000000100000 #
0!
#39785
b1110000000100011 #
1!
#39790
b1110011111011100 #
0!
#39795
b1000101100110101 #
1!
#39800
b100011011110100 #
0!
#39805
b111100111100010 #
1!
#39810
b11001111110010 #
0!
#39815
b100111111010 #
1!
#39820
b1101001110000110 #
0!
#39825
b11000101010010 #
1!
#39830
b111011000010110 #
0!
#39835
b100011001000011 #
1!
#39840
b1101111001111010 #
0!
#39845
b1111010111010000 #
1!
#39850
b1010111100100101 #
0!
#39855
b111010011011 #
1!
#39860
b1100011001001001 #
0!
#39865
b111001101011100 #
1!
#39870
b1001101001100000 #
0!
#39875
b1110110101101000 #
1!
#39880
b1010010001110100 #
0!
#39885
b1010011000010 #
1!
#39890
b1011010000000101 #
0!
#39895
b10110000100011 #
1!
#39900
b101011001110001 #
0!
#39905
b11100110110 #
1!
#39910
b11011101000001 #
0!
#39915
b1101110010101111 #
1!
#39920
b111100010001100 #
0!
#39925
b11011000110110 #
1!
#39930
b10000010000111 #
0!
#39935
b1100011101111101 #
1!
#39940
b110011001101100 #
0!
#39945
b100111000010100 #
1!
#39950
b10101010110011 #
0!
#39955
b111100010001011 #
1!
#39960
b11110001110100 #
0!
#39965
b1011110011110000 #
1!
#39970
b1101001011111100 #
0!
#39975
b11110011011100 #
1!
#39980
b1101011011000100 #
0!
#39985
b1010101110001111 #
1!
#39990
b101010100101001 #
0!
#39995
b1111101110100 #
1!
#40000
b1101000000000010 #
0!
#40005
b10011010000 #
1!
#40010
b1010110100000010 #
0!
#40015
b1110110010001000 #
1!
#40020
b1000010110101101 #
0!
#40025
b111100000101001 #
1!
#40030
b1001011101110100 #
0!
#40035
b11000011011111 #
1!
#40040
b1001100110001 #
0!
#40045
b111000011111110 #
1!
#40050
b1000110101100000 #
0!
#40055
b11100100001100 #
1!
#40060
b101001001110001 #
0!
#40065
b1100000101000 #
1!
#40070
b1100111110001110 #
0!
#40075
b111110011011 #
1!
#40080
b1110001111111111 #
0!
#40085
b101111010000100 #
1!
#40090
b101010010111100 #
0!
#40095
b111111010111010 #
1!
#40100
b1111011000010 #
0!
#40105
b1110110011100100 #
1!
#40110
b1101110000111110 #
0!
#40115
b1011110001010 #
1!
#40120
b10001000101111 #
0!
#40125
b11000100111100 #
1!
#40130
b1110001100101111 #
0!
#40135
b10000010011100 #
1!
#40140
b1100101111101000 #
0!
#40145
b101010001100001 #
1!
#40150
b1010001110011111 #
0!
#40155
b1010100011000000 #
1!
#40160
b1011001011100001 #
0!
#40165
b100010100101000 #
1!
#40170
b1100011000000 #
0!
#40175
b111110010111100 #
1!
#40180
b11010111001111 #
0!
#40185
b1010111101010111 #
1!
#40190
b10001000 #
0!
#40195
b10011111111001 #
1!
#40200
b111000000011001 #
0!
#40205
b1111110000011111 #
1!
#40210
b1101011010111000 #
0!
#40215
b1111010111010000 #
1!
#40220
b11111111111010 #
0!
#40225
b101110110010100 #
1!
#40230
b1101010011010010 #
0!
#40235
b1111000001111000 #
1!
#40240
b11110000011010 #
0!
#40245
b1011011111100110 #
1!
#40250
b1111100111011100 #
0!
#40255
b1110011001000101 #
1!
#40260
b1100011001001010 #
0!
#40265
b1011110010111110 #
1!
#40270
b10000010 #
0!
#40275
b110001100111110 #
1!
#40280
b1111100010100011 #
0!
#40285
b1101010010011100 #
1!
#40290
b110010110000000 #
0!
#40295
b1011001010101001 #
1!
#40300
b1010111110110111 #
0!
#40305
b10111101110111 #
1!
#40310
b110001111001100 #
0!
#40315
b1110001110101001 #
1!
#40320
b1000010000010101 #
0!
#40325
b1011010110010110 #
1!
#40330
b1111011110000010 #
0!
#40335
b1011110101111001 #
1!
#40340
b1101010011010110 #
0!
#40345
b1010011011111 #
1!
#40350
b1101101111111100 #
0!
#40355
b1100110101101110 #
1!
#40360
b1011111001101000 #
0!
#40365
b1011100010001001 #
1!
#40370
b1000111100011110 #
0!
#40375
b101111001001000 #
1!
#40380
b1101001001111 #
0!
#40385
b1100111001110111 #
1!
#40390
b100110100111100 #
0!
#40395
b1000000111110010 #
1!
#40400
b1000011000010100 #
0!
#40405
b100000100100100 #
1!
#40410
b111010100110 #
0!
#40415
b1111110001001100 #
1!
#40420
b101111100100110 #
0!
#40425
b1011101001100111 #
1!
#40430
b1001001100111110 #
0!
#40435
b110000100000111 #
1!
#40440
b1011111011001001 #
0!
#40445
b1010100011111110 #
1!
#40450
b101010000011100 #
0!
#40455
b1111011001001000 #
1!
#40460
b1000001011110000 #
0!
#40465
b11100000011100 #
1!
#40470
b1001000010111101 #
0!
#40475
b1100110100000111 #
1!
#40480
b100011000010010 #
0!
#40485
b101011111101101 #
1!
#40490
b100001010100010 #
0!
#40495
b1010101111011100 #
1!
#40500
b110010111011100 #
0!
#40505
b1010101101001111 #
1!
#40510
b10011111101011 #
0!
#40515
b10000001001100 #
1!
#40520
b1111110111010001 #
0!
#40525
b1010010010110101 #
1!
#40530
b1011011011011001 #
0!
#40535
b111101000100110 #
1!
#40540
b1110011010101001 #
0!
#40545
b111000101100111 #
1!
#40550
b11001110110100 #
0!
#40555
b1100001000001111 #
1!
#40560
b1100000010100000 #
0!
#40565
b1111100000011111 #
1!
#40570
b1001001000010001 #
0!
#40575
b1100010111010111 #
1!
#40580
b1110011001101100 #
0!
#40585
b1110100100111001 #
1!
#40590
b1001011111100101 #
0!
#40595
b111010100011 #
1!
#40600
b111010000010000 #
0!
#40605
b1010111001101000 #
1!
#40610
b1011011001100110 #
0!
#40615
b1110101010011000 #
1!
#40620
b100011001001000 #
0!
#40625
b111001100110001 #
1!
#40630
b11000000110100 #
0!
#40635
b110010100001010 #
1!
#40640
b1111100011000110 #
0!
#40645
b10011100011001 #
1!
#40650
b110110011 #
0!
#40655
b100101111010111 #
1!
#40660
b1110010011110110 #
0!
#40665
b111001111010000 #
1!
#40670
b1110000000100110 #
0!
#40675
b10011111111001 #
1!
#40680
b10101001111110 #
0!
#40685
b1100001100110101 #
1!
#40690
b101000101101010 #
0!
#40695
b100011011110011 #
1!
#40700
b1010001000111010 #
0!
#40705
b100001010010000 #
1!
#40710
b1000100111011001 #
0!
#40715
b1011010000101011 #
1!
#40720
b1110101111100101 #
0!
#40725
b1110000111001110 #
1!
#40730
b1000100101001011 #
0!
#40735
b11110011000101 #
1!
#40740
b101111000101100 #
0!
#40745
b100011100101000 #
1!
#40750
b100110100110 #
0!
#40755
b110110000100010 #
1!
#40760
b1101001011101 #
0!
#40765
b1110001011111001 #
1!
#40770
b1000011011111100 #
0!
#40775
b1000111010001100 #
1!
#40780
b1111101001101101 #
0!
#40785
b1101111100101111 #
1!
#40790
b11111010101100 #
0!
#40795
b1010111100111100 #
1!
#40800
b1001101110010110 #
0!
#40805
b10011100011111 #
1!
#40810
b10110001111111 #
0!
#40815
b1001101000110111 #
1!
#40820
b101010100110000 #
0!
#40825
b110100000011111 #
1!
#40830
b110000110111 #
0!
#40835
b1101110000110101 #
1!
#40840
b100100100010011 #
0!
#40845
b111010110100 #
1!
#40850
b101100110001001 #
0!
#40855
b1100000000010010 #
1!
#40860
b100111000101101 #
0!
#40865
b100010110110111 #
1!
#40870
b101000000000010 #
0!
#40875
b101010011111011 #
1!
#40880
b10110000110 #
0!
#40885
b1111100001000010 #
1!
#40890
b1110110110111010 #
0!
#40895
b110010111010000 #
1!
#40900
b1100011101110000 #
0!
#40905
b1101010010111110 #
1!
#40910
b1110101101100110 #
0!
#40915
b111100111101111 #
1!
#40920
b1011000000010000 #
0!
#40925
b100011011100110 #
1!
#40930
b1100100110110001 #
0!
#40935
b1110000011110100 #
1!
#40940
b1001111000000101 #
0!
#40945
b111100000100111 #
1!
#40950
b1011111101011010 #
0!
#40955
b1010100001111101 #
1!
#40960
b10110101011101 #
0!
#40965
b101011100011100 #
1!
#40970
b1100100100001001 #
0!
#40975
b1001100010100000 #
1!
#40980
b1011010010001100 #
0!
#40985
b1000111010010100 #
1!
#40990
b1010011101011110 #
0!
#40995
b100001100010101 #
1!
#41000
b101011010101010 #
0!
#41005
b1000101111110011 #
1!
#41010
b1101001100101000 #
0!
#41015
b1110110010111100 #
1!
#41020
b1110101110100010 #
0!
#41025
b111011000111010 #
1!
#41030
b1000011100111111 #
0!
#41035
b1010011010001011 #
1!
#41040
b111010011010 #
0!
#41045
b100000010100011 #
1!
#41050
b1100001011111101 #
0!
#41055
b11101010000110 #
1!
#41060
b1111000110101 #
0!
#41065
b1001010100011110 #
1!
#41070
b11111111000011 #
0!
#41075
b11011011001111 #
1!
#41080
b11011111111111 #
0!
#41085
b1101101001111110 #
1!
#41090
b111100110010011 #
0!
#41095
b1110010001110101 #
1!
#41100
b11001110101111 #
0!
#41105
b100001111000010 #
1!
#41110
b1010110000101000 #
0!
#41115
b101000100000110 #
1!
#41120
b1010110001110011 #
0!
#41125
b1011011101000010 #
1!
#41130
b1101011110001010 #
0!
#41135
b100100110001101 #
1!
#41140
b10000001000 #
0!
#41145
b1110010000011111 #
1!
#41150
b1011001010010101 #
0!
#41155
b101011100001010 #
1!
#41160
b101001011010110 #
0!
#41165
b11011111001101 #
1!
#41170
b1011101101101110 #
0!
#41175
b1100100000000011 #
1!
#41180
b111011110110101 #
0!
#41185
b1101101100001101 #
1!
#41190
b10111101011000 #
0!
#41195
b1010100001000001 #
1!
#41200
b100110110100 #
0!
#41205
b1011100100110010 #
1!
#41210
b11011101010 #
0!
#41215
b1100001101001110 #
1!
#41220
b110011101110101 #
0!
#41225
b1000001000000101 #
1!
#41230
b100010001 #
0!
#41235
b1010010111011010 #
1!
#41240
b1010110101111011 #
0!
#41245
b1001111000100111 #
1!
#41250
b1001100011100101 #
0!
#41255
b1001100110001100 #
1!
#41260
b1011011000000000 #
0!
#41265
b11110101000010 #
1!
#41270
b101110111011 #
0!
#41275
b1010101001100111 #
1!
#41280
b1111010100010 #
0!
#41285
b100100011011111 #
1!
#41290
b101001001110110 #
0!
#41295
b1010100001010001 #
1!
#41300
b100010110011000 #
0!
#41305
b110101001000111 #
1!
#41310
b10110010001110 #
0!
#41315
b1110011011001 #
1!
#41320
b100000110100011 #
0!
#41325
b1001100110101 #
1!
#41330
b1010010111011 #
0!
#41335
b101001011010001 #
1!
#41340
b1111001101110111 #
0!
#41345
b110110010111111 #
1!
#41350
b100010011001011 #
0!
#41355
b101100011011000 #
1!
#41360
b1111001011011010 #
0!
#41365
b110001101000110 #
1!
#41370
b1011110110001111 #
0!
#41375
b1111101101101001 #
1!
#41380
b1001111100011111 #
0!
#41385
b1010000111000101 #
1!
#41390
b11010101011111 #
0!
#41395
b1100000010000100 #
1!
#41400
b1001001001001 #
0!
#41405
b1001001001100000 #
1!
#41410
b10101100100100 #
0!
#41415
b1111101010010000 #
1!
#41420
b10101110000110 #
0!
#41425
b110011101111111 #
1!
#41430
b1101101101101101 #
0!
#41435
b1011010110001010 #
1!
#41440
b1000000100110001 #
0!
#41445
b100001010110 #
1!
#41450
b100000001110111 #
0!
#41455
b1011011100011001 #
1!
#41460
b111010000100111 #
0!
#41465
b10000100101010 #
1!
#41470
b1011110110011 #
0!
#41475
b1001001110100000 #
1!
#41480
b1111110010010 #
0!
#41485
b10000100110100 #
1!
#41490
b1101110010101001 #
0!
#41495
b1000111111100110 #
1!
#41500
b101111111110011 #
0!
#41505
b10111101110101 #
1!
#41510
b1100110011010001 #
0!
#41515
b1011101001100110 #
1!
#41520
b1100110110010000 #
0!
#41525
b11101101001111 #
1!
#41530
b1110000100110100 #
0!
#41535
b1110000011101111 #
1!
#41540
b1100011000011011 #
0!
#41545
b1110111101001001 #
1!
#41550
b1101011001110010 #
0!
#41555
b1000111010010111 #
1!
#41560
b110100010101001 #
0!
#41565
b1011100110111110 #
1!
#41570
b10101100000101 #
0!
#41575
b111110101101 #
1!
#41580
b1000111011000110 #
0!
#41585
b1100001011101100 #
1!
#41590
b1100101010010 #
0!
#41595
b110110010101110 #
1!
#41600
b1101001011011011 #
0!
#41605
b1111100100100100 #
1!
#41610
b1001110001110000 #
0!
#41615
b111011011101000 #
1!
#41620
b1001010110011001 #
0!
#41625
b100110000000 #
1!
#41630
b111001000100011 #
0!
#41635
b1011011011011000 #
1!
#41640
b1110110110100000 #
0!
#41645
b101110011101100 #
1!
#41650
b1011000001000 #
0!
#41655
b111101111011101 #
1!
#41660
b1011101000101000 #
0!
#41665
b10000011101010 #
1!
#41670
b1100001101011000 #
0!
#41675
b1100110001010111 #
1!
#41680
b1001011011001101 #
0!
#41685
b100001011010111 #
1!
#41690
b111010001010111 #
0!
#41695
b111100011001110 #
1!
#41700
b1101111001001010 #
0!
#41705
b110110000010101 #
1!
#41710
b1110101111000111 #
0!
#41715
b110000110111 #
1!
#41720
b1010111101010010 #
0!
#41725
b110011101111 #
1!
#41730
b1001110001110100 #
0!
#41735
b1101001011101010 #
1!
#41740
b1110001001000000 #
0!
#41745
b100110110010000 #
1!
#41750
b1100100000110101 #
0!
#41755
b1101011101101101 #
1!
#41760
b1010111010111 #
0!
#41765
b1100111011101 #
1!
#41770
b110101101111010 #
0!
#41775
b1110011110011010 #
1!
#41780
b1010010011001010 #
0!
#41785
b1111010011000 #
1!
#41790
b11110110111010 #
0!
#41795
b1000110001001110 #
1!
#41800
b1010101100111111 #
0!
#41805
b1100100110011000 #
1!
#41810
b1011111011011111 #
0!
#41815
b1011100101000 #
1!
#41820
b11100010011 #
0!
#41825
b100001001110110 #
1!
#41830
b10100100001000 #
0!
#41835
b1000110101110000 #
1!
#41840
b101000100000011 #
0!
#41845
b111101001111100 #
1!
#41850
b111101110101101 #
0!
#41855
b1100000011001111 #
1!
#41860
b1110011010000011 #
0!
#41865
b1101001000011 #
1!
#41870
b110110010010100 #
0!
#41875
b11100111011110 #
1!
#41880
b1110010101110010 #
0!
#41885
b1001000010111010 #
1!
#41890
b111110010010100 #
0!
#41895
b100010000100101 #
1!
#41900
b10010001101000 #
0!
#41905
b11100001101 #
1!
#41910
b1110011110011010 #
0!
#41915
b1111000010110111 #
1!
#41920
b100011111010001 #
0!
#41925
b110100000101101 #
1!
#41930
b1010011011101000 #
0!
#41935
b11111100010 #
1!
#41940
b1010010110001110 #
0!
#41945
b110010001011001 #
1!
#41950
b111100000001000 #
0!
#41955
b1001000101010 #
1!
#41960
b101100001011010 #
0!
#41965
b110010010001010 #
1!
#41970
b1101011001110000 #
0!
#41975
b110000000010000 #
1!
#41980
b100000110100101 #
0!
#41985
b1001011100000100 #
1!
#41990
b101000001 #
0!
#41995
b1111111111001101 #
1!
#42000
b1111101000011010 #
0!
#42005
b1110001111111000 #
1!
#42010
b1110111000100110 #
0!
#42015
b1011011110010010 #
1!
#42020
b1101111010010101 #
0!
#42025
b1111101010000111 #
1!
#42030
b110000111000110 #
0!
#42035
b1011001011101 #
1!
#42040
b101010110001 #
0!
#42045
b100010111111101 #
1!
#42050
b1100111111000100 #
0!
#42055
b110100100010011 #
1!
#42060
b101100110101110 #
0!
#42065
b1111000010011101 #
1!
#42070
b111011110111101 #
0!
#42075
b1011100011010101 #
1!
#42080
b110100111101110 #
0!
#42085
b1110101011011000 #
1!
#42090
b101010001000101 #
0!
#42095
b1101010101001101 #
1!
#42100
b1001010010110001 #
0!
#42105
b1101101101000011 #
1!
#42110
b10001001010111 #
0!
#42115
b100011011101001 #
1!
#42120
b1111011101010100 #
0!
#42125
b11000100101100 #
1!
#42130
b110000100110100 #
0!
#42135
b101110010110110 #
1!
#42140
b110110011000111 #
0!
#42145
b1100100011010 #
1!
#42150
b100011000011010 #
0!
#42155
b10000011100100 #
1!
#42160
b1001010101110100 #
0!
#42165
b111110000011010 #
1!
#42170
b1101010011100111 #
0!
#42175
b101111010001101 #
1!
#42180
b1100011101001010 #
0!
#42185
b100000101100 #
1!
#42190
b1100001000000010 #
0!
#42195
b1010010011100010 #
1!
#42200
b10000100101101 #
0!
#42205
b10100110101111 #
1!
#42210
b1000111110010111 #
0!
#42215
b11110101000001 #
1!
#42220
b111110001110110 #
0!
#42225
b101100010001 #
1!
#42230
b111010110010000 #
0!
#42235
b11001101101000 #
1!
#42240
b111101011001011 #
0!
#42245
b1001101110111011 #
1!
#42250
b111000101010011 #
0!
#42255
b101010000111101 #
1!
#42260
b111010111110111 #
0!
#42265
b1000000001101101 #
1!
#42270
b11111110101001 #
0!
#42275
b10110101100011 #
1!
#42280
b1000010100001000 #
0!
#42285
b10111100000000 #
1!
#42290
b101100011011001 #
0!
#42295
b100100010110 #
1!
#42300
b1000100101011100 #
0!
#42305
b1100101011010101 #
1!
#42310
b1111111001100010 #
0!
#42315
b1111000110000001 #
1!
#42320
b1110111101001 #
0!
#42325
b100010011001010 #
1!
#42330
b10100101010000 #
0!
#42335
b1011011000010010 #
1!
#42340
b1001111001100001 #
0!
#42345
b100011100010110 #
1!
#42350
b1001010110100111 #
0!
#42355
b1110000011101101 #
1!
#42360
b10010101111101 #
0!
#42365
b11111011011100 #
1!
#42370
b1100000011011001 #
0!
#42375
b1011111000010110 #
1!
#42380
b1001000100011110 #
0!
#42385
b101011011010001 #
1!
#42390
b1110010010111111 #
0!
#42395
b101110101100111 #
1!
#42400
b111110001111100 #
0!
#42405
b111101111001001 #
1!
#42410
b1111110000001100 #
0!
#42415
b1000010111101111 #
1!
#42420
b100010000011101 #
0!
#42425
b101100110000101 #
1!
#42430
b1100100010110110 #
0!
#42435
b1100001011000110 #
1!
#42440
b1011001001 #
0!
#42445
b101101110100001 #
1!
#42450
b1100001001001010 #
0!
#42455
b110001011111111 #
1!
#42460
b1001010000111110 #
0!
#42465
b1010110111101011 #
1!
#42470
b10010110100001 #
0!
#42475
b111001111001000 #
1!
#42480
b1001011111001010 #
0!
#42485
b11110100001001 #
1!
#42490
b1110111011110111 #
0!
#42495
b1011110101000110 #
1!
#42500
b110010010010001 #
0!
#42505
b1011010110111111 #
1!
#42510
b1101100011001001 #
0!
#42515
b1100111001011001 #
1!
#42520
b1101010110001 #
0!
#42525
b1000001010101101 #
1!
#42530
b110000110010000 #
0!
#42535
b1111001011001110 #
1!
#42540
b1001010111111110 #
0!
#42545
b1101000111100000 #
1!
#42550
b1100001110101110 #
0!
#42555
b11010100100101 #
1!
#42560
b110111010010000 #
0!
#42565
b1000101100001111 #
1!
#42570
b1111101010100011 #
0!
#42575
b110001001110110 #
1!
#42580
b1011010100 #
0!
#42585
b101111011010011 #
1!
#42590
b1100010111110000 #
0!
#42595
b11010011000 #
1!
#42600
b111000001100001 #
0!
#42605
b1011011011000000 #
1!
#42610
b1001101110100101 #
0!
#42615
b110111000011101 #
1!
#42620
b1001000000111110 #
0!
#42625
b1011111110101000 #
1!
#42630
b1011110000010111 #
0!
#42635
b1010010100110111 #
1!
#42640
b11100001 #
0!
#42645
b110010011101111 #
1!
#42650
b10001110101001 #
0!
#42655
b111010000101011 #
1!
#42660
b1110110001011 #
0!
#42665
b101001100111011 #
1!
#42670
b1000101100110110 #
0!
#42675
b110110101011010 #
1!
#42680
b1001111 #
0!
#42685
b1111011001011101 #
1!
#42690
b111000011110111 #
0!
#42695
b1101011010000001 #
1!
#42700
b1000100101100001 #
0!
#42705
b111101111010110 #
1!
#42710
b1000101111000 #
0!
#42715
b1011111001001010 #
1!
#42720
b101000000001010 #
0!
#42725
b1100101010110001 #
1!
#42730
b110011110000011 #
0!
#42735
b1111001010111111 #
1!
#42740
b1011001011001011 #
0!
#42745
b1001010100110111 #
1!
#42750
b10111110000001 #
0!
#42755
b1111110010111010 #
1!
#42760
b1100111000010100 #
0!
#42765
b100001000101000 #
1!
#42770
b1110010001000101 #
0!
#42775
b10101111110000 #
1!
#42780
b111110000100111 #
0!
#42785
b1011110010 #
1!
#42790
b1100001010111010 #
0!
#42795
b1000011010100010 #
1!
#42800
b101101001101110 #
0!
#42805
b1011110110101100 #
1!
#42810
b1100011101101111 #
0!
#42815
b1101110110011000 #
1!
#42820
b1100010111111000 #
0!
#42825
b10001100110100 #
1!
#42830
b1010111001110011 #
0!
#42835
b1011100001111010 #
1!
#42840
b1101011001010110 #
0!
#42845
b1001101101000101 #
1!
#42850
b1111001110000011 #
0!
#42855
b110100000011011 #
1!
#42860
b110110110010000 #
0!
#42865
b101010111100011 #
1!
#42870
b1101000111110000 #
0!
#42875
b1111100111010110 #
1!
#42880
b10001101101000 #
0!
#42885
b11101011101011 #
1!
#42890
b100010101001110 #
0!
#42895
b11001010001011 #
1!
#42900
b101001110100100 #
0!
#42905
b1111101000100111 #
1!
#42910
b100101001010 #
0!
#42915
b1010001101100001 #
1!
#42920
b1110010011101 #
0!
#42925
b1111111110111011 #
1!
#42930
b1001110010111001 #
0!
#42935
b1001010111010010 #
1!
#42940
b101100010111010 #
0!
#42945
b111010001000111 #
1!
#42950
b11101100111010 #
0!
#42955
b1011000110101 #
1!
#42960
b1010010100101010 #
0!
#42965
b100011110001001 #
1!
#42970
b1101110010000101 #
0!
#42975
b1111001100111100 #
1!
#42980
b101110101110101 #
0!
#42985
b10000111101111 #
1!
#42990
b100000110111110 #
0!
#42995
b1011011010011011 #
1!
#43000
b1001110100111101 #
0!
#43005
b110111011010010 #
1!
#43010
b1110001011100000 #
0!
#43015
b1010110001100010 #
1!
#43020
b100000011000110 #
0!
#43025
b101111011010011 #
1!
#43030
b1111111110100010 #
0!
#43035
b1110001000100010 #
1!
#43040
b1110010010011110 #
0!
#43045
b1101110100010010 #
1!
#43050
b1001000011011101 #
0!
#43055
b10000001111001 #
1!
#43060
b1110001111111100 #
0!
#43065
b1001000110110011 #
1!
#43070
b101010011100101 #
0!
#43075
b1111011100011011 #
1!
#43080
b101101100101110 #
0!
#43085
b1110101101110100 #
1!
#43090
b1100010011001001 #
0!
#43095
b1011000011110110 #
1!
#43100
b10010010110010 #
0!
#43105
b1011110111010 #
1!
#43110
b10000111111111 #
0!
#43115
b101100101110110 #
1!
#43120
b1101111101000110 #
0!
#43125
b1111111111100101 #
1!
#43130
b110000101100011 #
0!
#43135
b1011101110011111 #
1!
#43140
b1110010010011100 #
0!
#43145
b100111001000101 #
1!
#43150
b100010000001101 #
0!
#43155
b110010011111001 #
1!
#43160
b101001111110011 #
0!
#43165
b111010010001010 #
1!
#43170
b100010111110100 #
0!
#43175
b1010000111110100 #
1!
#43180
b10100111011 #
0!
#43185
b1001100100000101 #
1!
#43190
b1001111111010010 #
0!
#43195
b111101011011111 #
1!
#43200
b1001011100011010 #
0!
#43205
b1010110110010001 #
1!
#43210
b100111101000101 #
0!
#43215
b1100000111111010 #
1!
#43220
b110001101100111 #
0!
#43225
b101100010000001 #
1!
#43230
b111110100010 #
0!
#43235
b1111110011010001 #
1!
#43240
b1000100101110011 #
0!
#43245
b100101100011 #
1!
#43250
b101111101110110 #
0!
#43255
b111110001100100 #
1!
#43260
b1110000011000000 #
0!
#43265
b1110100011111001 #
1!
#43270
b111011000101000 #
0!
#43275
b100101101000001 #
1!
#43280
b100001101011 #
0!
#43285
b1110011100111001 #
1!
#43290
b101011010110110 #
0!
#43295
b11001000100001 #
1!
#43300
b101110011111101 #
0!
#43305
b1010110110101011 #
1!
#43310
b1011011000001100 #
0!
#43315
b1100001100100110 #
1!
#43320
b1111100111011111 #
0!
#43325
b1010100000001100 #
1!
#43330
b1010011011001 #
0!
#43335
b100010101000111 #
1!
#43340
b1011100100011101 #
0!
#43345
b10001110011 #
1!
#43350
b1010110001111010 #
0!
#43355
b1100010100010101 #
1!
#43360
b11100111000000 #
0!
#43365
b1010110111101101 #
1!
#43370
b111101111001110 #
0!
#43375
b1000101011011 #
1!
#43380
b1101001001110000 #
0!
#43385
b100111111010010 #
1!
#43390
b11101010001100 #
0!
#43395
b1011001110111111 #
1!
#43400
b1010011110001110 #
0!
#43405
b101010110110100 #
1!
#43410
b110011011111001 #
0!
#43415
b1111011011111110 #
1!
#43420
b1000110110001110 #
0!
#43425
b1110101101001010 #
1!
#43430
b11111110001100 #
0!
#43435
b1110101111001010 #
1!
#43440
b10001110111010 #
0!
#43445
b1111111100010100 #
1!
#43450
b1011101101100111 #
0!
#43455
b101101011111010 #
1!
#43460
b1100010100100000 #
0!
#43465
b11101000101100 #
1!
#43470
b1001100000100001 #
0!
#43475
b1100111100001100 #
1!
#43480
b1000111011100000 #
0!
#43485
b110100001101 #
1!
#43490
b101011011100101 #
0!
#43495
b1001011010101000 #
1!
#43500
b101110010010000 #
0!
#43505
b1001111010101111 #
1!
#43510
b10110001001111 #
0!
#43515
b1011111100100101 #
1!
#43520
b1100101011101110 #
0!
#43525
b1101110011000010 #
1!
#43530
b1011111111101 #
0!
#43535
b111110111111 #
1!
#43540
b11001010011100 #
0!
#43545
b111010101111011 #
1!
#43550
b1101010001100011 #
0!
#43555
b1100101111110 #
1!
#43560
b1011010000011011 #
0!
#43565
b1101000010101001 #
1!
#43570
b1110000011000010 #
0!
#43575
b10001101111111 #
1!
#43580
b10100110111110 #
0!
#43585
b1110110001010 #
1!
#43590
b111010010111100 #
0!
#43595
b11110010100000 #
1!
#43600
b10110111001011 #
0!
#43605
b100011000100000 #
1!
#43610
b1001000010010001 #
0!
#43615
b11000100111001 #
1!
#43620
b1110010000011 #
0!
#43625
b1111101001101010 #
1!
#43630
b1110110001101001 #
0!
#43635
b1000110011101111 #
1!
#43640
b1010101001101 #
0!
#43645
b1010000101011101 #
1!
#43650
b11010100101 #
0!
#43655
b1001101000111100 #
1!
#43660
b1111000110110100 #
0!
#43665
b110100011100000 #
1!
#43670
b1101010111011 #
0!
#43675
b110011011001000 #
1!
#43680
b100101001111000 #
0!
#43685
b11110111000101 #
1!
#43690
b10010110001010 #
0!
#43695
b1011111100100010 #
1!
#43700
b1000001001100110 #
0!
#43705
b1100101111101101 #
1!
#43710
b1110000110100010 #
0!
#43715
b10110111111100 #
1!
#43720
b1011000000101100 #
0!
#43725
b111110010011100 #
1!
#43730
b1100100101111001 #
0!
#43735
b1111111001110111 #
1!
#43740
b1011010111101011 #
0!
#43745
b1000000000101110 #
1!
#43750
b1110011111101 #
0!
#43755
b11111010100101 #
1!
#43760
b10011010110001 #
0!
#43765
b1011111000011011 #
1!
#43770
b1101010110001110 #
0!
#43775
b1011100011000101 #
1!
#43780
b110010110100000 #
0!
#43785
b1110100110100010 #
1!
#43790
b1010111010111011 #
0!
#43795
b1111101101101001 #
1!
#43800
b1000101111110101 #
0!
#43805
b110010011100000 #
1!
#43810
b10011111011100 #
0!
#43815
b100111000000011 #
1!
#43820
b111010010011110 #
0!
#43825
b110001111001010 #
1!
#43830
b111100111100010 #
0!
#43835
b1100000100001111 #
1!
#43840
b1011110110101011 #
0!
#43845
b1100111111000000 #
1!
#43850
b1010000001101000 #
0!
#43855
b1111001011001 #
1!
#43860
b1100001101000010 #
0!
#43865
b101000000101111 #
1!
#43870
b101101001111010 #
0!
#43875
b1111001101111111 #
1!
#43880
b1001111101001100 #
0!
#43885
b101100111111111 #
1!
#43890
b10001011111111 #
0!
#43895
b1000100001010001 #
1!
#43900
b11000010100101 #
0!
#43905
b1001101000011 #
1!
#43910
b11001001010001 #
0!
#43915
b1110111000010111 #
1!
#43920
b1000111110011 #
0!
#43925
b110100111100000 #
1!
#43930
b1000101111101001 #
0!
#43935
b1111000001100000 #
1!
#43940
b1001110111100111 #
0!
#43945
b11110100101 #
1!
#43950
b1110001010100011 #
0!
#43955
b1011101101100 #
1!
#43960
b1111000000011110 #
0!
#43965
b101100110010101 #
1!
#43970
b1011100110000111 #
0!
#43975
b1011000111010000 #
1!
#43980
b1110100101011011 #
0!
#43985
b1000110111000011 #
1!
#43990
b100100010011111 #
0!
#43995
b1100101001100010 #
1!
#44000
b1111101001101 #
0!
#44005
b1000111010011001 #
1!
#44010
b1000111011000011 #
0!
#44015
b10110100001101 #
1!
#44020
b1111001110011100 #
0!
#44025
b11111011111 #
1!
#44030
b100010011010100 #
0!
#44035
b110100010100110 #
1!
#44040
b111110101111111 #
0!
#44045
b110011101011101 #
1!
#44050
b1110101001101100 #
0!
#44055
b1100010101001110 #
1!
#44060
b1001110001111000 #
0!
#44065
b1101010001101110 #
1!
#44070
b1011101101101110 #
0!
#44075
b101000010001011 #
1!
#44080
b1110101010010011 #
0!
#44085
b100000101011101 #
1!
#44090
b1010111101101011 #
0!
#44095
b1101011110100000 #
1!
#44100
b1100010110111111 #
0!
#44105
b101010011100000 #
1!
#44110
b1000010101100110 #
0!
#44115
b1110010001000100 #
1!
#44120
b100011110001000 #
0!
#44125
b111111110010011 #
1!
#44130
b1011100111011010 #
0!
#44135
b1100010101010011 #
1!
#44140
b100110111110011 #
0!
#44145
b1110100010111111 #
1!
#44150
b1000011010000111 #
0!
#44155
b1000001010000010 #
1!
#44160
b111000110011001 #
0!
#44165
b111111101001100 #
1!
#44170
b1110101011111100 #
0!
#44175
b1110110111000100 #
1!
#44180
b1001011011001 #
0!
#44185
b1110111100110101 #
1!
#44190
b1010000001010001 #
0!
#44195
b1000110001100111 #
1!
#44200
b100101100111110 #
0!
#44205
b1010001101010111 #
1!
#44210
b10010000010001 #
0!
#44215
b1011000110000111 #
1!
#44220
b1111100111100100 #
0!
#44225
b1100011011101100 #
1!
#44230
b1011000111000011 #
0!
#44235
b110001011101100 #
1!
#44240
b1011010100001010 #
0!
#44245
b100100110011010 #
1!
#44250
b100001000010010 #
0!
#44255
b110111011110100 #
1!
#44260
b1101110010000111 #
0!
#44265
b1101001001010101 #
1!
#44270
b1001100000000011 #
0!
#44275
b110001110010100 #
1!
#44280
b1000110001101010 #
0!
#44285
b1101001100000111 #
1!
#44290
b10101001000011 #
0!
#44295
b1000100000010000 #
1!
#44300
b1010000001100011 #
0!
#44305
b111001001000110 #
1!
#44310
b11011111100100 #
0!
#44315
b1110110010000111 #
1!
#44320
b1011001001000110 #
0!
#44325
b1001111111101100 #
1!
#44330
b1011100110101101 #
0!
#44335
b101110111011000 #
1!
#44340
b10001101010100 #
0!
#44345
b10100000000 #
1!
#44350
b110101001001011 #
0!
#44355
b110001000010011 #
1!
#44360
b100101111110 #
0!
#44365
b111010100111 #
1!
#44370
b1100110101110110 #
0!
#44375
b100110011101111 #
1!
#44380
b100010101100101 #
0!
#44385
b1110100110010100 #
1!
#44390
b1011101111001 #
0!
#44395
b10001110000001 #
1!
#44400
b110111101001000 #
0!
#44405
b1000000010111001 #
1!
#44410
b100100000010011 #
0!
#44415
b1011011110100110 #
1!
#44420
b1110010010011001 #
0!
#44425
b1000000110100000 #
1!
#44430
b1101100101111 #
0!
#44435
b1000111101010101 #
1!
#44440
b1100001101110010 #
0!
#44445
b101011000111001 #
1!
#44450
b101101100100 #
0!
#44455
b1111101101100101 #
1!
#44460
b1110001010100000 #
0!
#44465
b10110101111001 #
1!
#44470
b101010110111010 #
0!
#44475
b11011100010 #
1!
#44480
b1110010010000000 #
0!
#44485
b1110111110100111 #
1!
#44490
b1111010110101010 #
0!
#44495
b111110101111110 #
1!
#44500
b10001001100001 #
0!
#44505
b100101010101000 #
1!
#44510
b1010011111010100 #
0!
#44515
b1110100101001110 #
1!
#44520
b1011011110101000 #
0!
#44525
b1010101000100001 #
1!
#44530
b1110010101011011 #
0!
#44535
b1001011101010000 #
1!
#44540
b111111101101011 #
0!
#44545
b11110011010001 #
1!
#44550
b1110111101101110 #
0!
#44555
b1001010111100110 #
1!
#44560
b1100010110111 #
0!
#44565
b1110100111110001 #
1!
#44570
b1011110111011110 #
0!
#44575
b1010110111010011 #
1!
#44580
b1101110101000100 #
0!
#44585
b110000011110100 #
1!
#44590
b111101010111 #
0!
#44595
b110110111011010 #
1!
#44600
b1110100111001000 #
0!
#44605
b101110000101 #
1!
#44610
b101110100011100 #
0!
#44615
b1111010001001 #
1!
#44620
b1011010011001 #
0!
#44625
b1011100010001 #
1!
#44630
b1110010111000100 #
0!
#44635
b1100111101011101 #
1!
#44640
b11011101100 #
0!
#44645
b111000011000000 #
1!
#44650
b1010001111111100 #
0!
#44655
b100101111000010 #
1!
#44660
b1001001001100 #
0!
#44665
b1100000000101011 #
1!
#44670
b101000110110100 #
0!
#44675
b1110000011000 #
1!
#44680
b101010110100001 #
0!
#44685
b111011010101101 #
1!
#44690
b110111110111010 #
0!
#44695
b1001001001001010 #
1!
#44700
b1010101001100001 #
0!
#44705
b1011111010101001 #
1!
#44710
b11010100111010 #
0!
#44715
b1011011100001110 #
1!
#44720
b1011001000110111 #
0!
#44725
b1000001110010010 #
1!
#44730
b1010001000011000 #
0!
#44735
b101010001110101 #
1!
#44740
b1100010011010000 #
0!
#44745
b110111100011100 #
1!
#44750
b111000010100001 #
0!
#44755
b1111101111001111 #
1!
#44760
b1111111100001010 #
0!
#44765
b1110111101100010 #
1!
#44770
b1110001111101 #
0!
#44775
b1111001010001000 #
1!
#44780
b11101000110100 #
0!
#44785
b11000101100000 #
1!
#44790
b1110001001110110 #
0!
#44795
b100100100010111 #
1!
#44800
b1100110100110 #
0!
#44805
b10000010010011 #
1!
#44810
b1011111111100111 #
0!
#44815
b1100101010000110 #
1!
#44820
b1111001001011001 #
0!
#44825
b110011000100000 #
1!
#44830
b110110001101110 #
0!
#44835
b1011001000 #
1!
#44840
b1110001111000010 #
0!
#44845
b111010101001111 #
1!
#44850
b110011111000010 #
0!
#44855
b11111101011000 #
1!
#44860
b1100011010101000 #
0!
#44865
b111000010111001 #
1!
#44870
b1110110100101100 #
0!
#44875
b1000011101001000 #
1!
#44880
b11101000100001 #
0!
#44885
b100101100000100 #
1!
#44890
b1111011110100001 #
0!
#44895
b1010110101011011 #
1!
#44900
b1001110001111101 #
0!
#44905
b1010110101111011 #
1!
#44910
b100001011101001 #
0!
#44915
b11011000110101 #
1!
#44920
b1101010000 #
0!
#44925
b10001011111 #
1!
#44930
b100111111010110 #
0!
#44935
b111010001001001 #
1!
#44940
b100111101001111 #
0!
#44945
b111110001001111 #
1!
#44950
b101001011111011 #
0!
#44955
b111001010001001 #
1!
#44960
b1101001000101 #
0!
#44965
b110010101 #
1!
#44970
b100101011100100 #
0!
#44975
b1111101010000111 #
1!
#44980
b1100001011000100 #
0!
#44985
b11111110111000 #
1!
#44990
b1111011000111010 #
0!
#44995
b1001100000001100 #
1!
#45000
b110000011100000 #
0!
#45005
b1010000100100000 #
1!
#45010
b1101000111011011 #
0!
#45015
b1001100111001011 #
1!
#45020
b1101001010011011 #
0!
#45025
b101001000110111 #
1!
#45030
b1001001001100 #
0!
#45035
b100000110111 #
1!
#45040
b1011010001000111 #
0!
#45045
b100001011001001 #
1!
#45050
b1011110110001111 #
0!
#45055
b1011001100101011 #
1!
#45060
b110001010000011 #
0!
#45065
b1101000001101 #
1!
#45070
b1000011111000110 #
0!
#45075
b10010001101000 #
1!
#45080
b1111100100100111 #
0!
#45085
b100100100100001 #
1!
#45090
b1110111010101001 #
0!
#45095
b1010100010001001 #
1!
#45100
b101001110111111 #
0!
#45105
b1111011101011111 #
1!
#45110
b11000100110110 #
0!
#45115
b100101110000100 #
1!
#45120
b110111010100 #
0!
#45125
b1000101010010 #
1!
#45130
b100100010100110 #
0!
#45135
b1101100101011000 #
1!
#45140
b1000000011000000 #
0!
#45145
b100010010111000 #
1!
#45150
b1111001100001011 #
0!
#45155
b1101110011101011 #
1!
#45160
b1100111001000100 #
0!
#45165
b1111110101010011 #
1!
#45170
b1010100110100111 #
0!
#45175
b1010010011001101 #
1!
#45180
b1100111010001100 #
0!
#45185
b110010111101111 #
1!
#45190
b1010101001011010 #
0!
#45195
b11101011011000 #
1!
#45200
b1111111110001 #
0!
#45205
b110101001110111 #
1!
#45210
b1111000100110000 #
0!
#45215
b110101101100111 #
1!
#45220
b1101000010001 #
0!
#45225
b1011100101100100 #
1!
#45230
b11100010000101 #
0!
#45235
b1100001000011011 #
1!
#45240
b1101111110011000 #
0!
#45245
b1011110001100111 #
1!
#45250
b1111111110110100 #
0!
#45255
b1000110111011101 #
1!
#45260
b100011101010011 #
0!
#45265
b1010000110101001 #
1!
#45270
b111111111000100 #
0!
#45275
b1101010100110001 #
1!
#45280
b1110111011011001 #
0!
#45285
b101000001101110 #
1!
#45290
b1011010100010111 #
0!
#45295
b110100101100101 #
1!
#45300
b11000001111011 #
0!
#45305
b111101110000001 #
1!
#45310
b101110010001010 #
0!
#45315
b1101001011000100 #
1!
#45320
b10110110110001 #
0!
#45325
b1000100100110001 #
1!
#45330
b1111001111111110 #
0!
#45335
b110000101011111 #
1!
#45340
b1011101011000101 #
0!
#45345
b1010100001000111 #
1!
#45350
b1011000111001100 #
0!
#45355
b1110110000001 #
1!
#45360
b111100111100000 #
0!
#45365
b1100001011000000 #
1!
#45370
b1001010000001010 #
0!
#45375
b1101001001100110 #
1!
#45380
b1100001101010001 #
0!
#45385
b1000100010101100 #
1!
#45390
b101110000101011 #
0!
#45395
b111101010111 #
1!
#45400
b1011010000100010 #
0!
#45405
b110000100000111 #
1!
#45410
b1000000011101011 #
0!
#45415
b1111010110100 #
1!
#45420
b10101111010000 #
0!
#45425
b111101111011110 #
1!
#45430
b11111111110111 #
0!
#45435
b111000010000 #
1!
#45440
b1100000101010001 #
0!
#45445
b1100000010100101 #
1!
#45450
b1001001001011010 #
0!
#45455
b1010100111110001 #
1!
#45460
b1101000100010111 #
0!
#45465
b1110000100001001 #
1!
#45470
b11011000010111 #
0!
#45475
b111100101001101 #
1!
#45480
b111101101100100 #
0!
#45485
b100010000011110 #
1!
#45490
b1010101011110000 #
0!
#45495
b1100101001011100 #
1!
#45500
b1001011110000110 #
0!
#45505
b1101100111100 #
1!
#45510
b10100111010011 #
0!
#45515
b1010110111011101 #
1!
#45520
b1100001001001101 #
0!
#45525
b100110101101010 #
1!
#45530
b1010101111011100 #
0!
#45535
b1110100101011000 #
1!
#45540
b101101101100000 #
0!
#45545
b1000011110101000 #
1!
#45550
b1110111101110110 #
0!
#45555
b110010000000 #
1!
#45560
b111101010111010 #
0!
#45565
b11010111101111 #
1!
#45570
b111000101111010 #
0!
#45575
b110001101010011 #
1!
#45580
b1111111011110101 #
0!
#45585
b1000010001001000 #
1!
#45590
b110110111011011 #
0!
#45595
b1111100111111011 #
1!
#45600
b1000001010110000 #
0!
#45605
b110001011001100 #
1!
#45610
b1101111011001001 #
0!
#45615
b1001011100011001 #
1!
#45620
b110000010110000 #
0!
#45625
b111011011100000 #
1!
#45630
b1000001011001101 #
0!
#45635
b1100110010010100 #
1!
#45640
b1011100000001110 #
0!
#45645
b11000110010011 #
1!
#45650
b1101001111000110 #
0!
#45655
b1110011001110101 #
1!
#45660
b110001100001011 #
0!
#45665
b1011110001100011 #
1!
#45670
b111001010101 #
0!
#45675
b1110111011110010 #
1!
#45680
b1111110011101001 #
0!
#45685
b10101011000 #
1!
#45690
b10111010011101 #
0!
#45695
b1011000001000011 #
1!
#45700
b1110001001011001 #
0!
#45705
b1011010010110011 #
1!
#45710
b1111001011011011 #
0!
#45715
b1011101001010001 #
1!
#45720
b11000111010000 #
0!
#45725
b11101000100101 #
1!
#45730
b1101001111000110 #
0!
#45735
b101011111011001 #
1!
#45740
b1100001001110111 #
0!
#45745
b1011111011001000 #
1!
#45750
b110000110011 #
0!
#45755
b1001000000100001 #
1!
#45760
b11010111100011 #
0!
#45765
b11001011001110 #
1!
#45770
b1001110011110111 #
0!
#45775
b11011111010000 #
1!
#45780
b1110000001011100 #
0!
#45785
b11111100101101 #
1!
#45790
b11110101111101 #
0!
#45795
b1101001100000010 #
1!
#45800
b1110011011011010 #
0!
#45805
b100111100100010 #
1!
#45810
b110110100000000 #
0!
#45815
b1011001000110100 #
1!
#45820
b1111110000110 #
0!
#45825
b1000111011101010 #
1!
#45830
b110010111110010 #
0!
#45835
b1110000100011100 #
1!
#45840
b10011011011110 #
0!
#45845
b1110110010000000 #
1!
#45850
b10010001111011 #
0!
#45855
b10100000001000 #
1!
#45860
b101101101001010 #
0!
#45865
b1001011000001 #
1!
#45870
b110010010001000 #
0!
#45875
b1100111011011 #
1!
#45880
b1101011001001011 #
0!
#45885
b110111011001000 #
1!
#45890
b1010001101101011 #
0!
#45895
b1111101000111001 #
1!
#45900
b111011000000100 #
0!
#45905
b10101011010110 #
1!
#45910
b1101001111011 #
0!
#45915
b1101101100001011 #
1!
#45920
b1101011101010001 #
0!
#45925
b11001110110000 #
1!
#45930
b1100100110101111 #
0!
#45935
b1000011111100010 #
1!
#45940
b101000000100101 #
0!
#45945
b11010010101110 #
1!
#45950
b110100010110000 #
0!
#45955
b1000100101010100 #
1!
#45960
b10101101100 #
0!
#45965
b1001101001110110 #
1!
#45970
b111010001010110 #
0!
#45975
b10110111111001 #
1!
#45980
b1100101100011111 #
0!
#45985
b1001000110010101 #
1!
#45990
b10110000000010 #
0!
#45995
b1000000000001111 #
1!
#46000
b100000011001011 #
0!
#46005
b10111110010 #
1!
#46010
b1000100111011100 #
0!
#46015
b101000001011111 #
1!
#46020
b1100001000111100 #
0!
#46025
b1010000101011100 #
1!
#46030
b100011001100010 #
0!
#46035
b10010010001010 #
1!
#46040
b110110110001011 #
0!
#46045
b1101001100001101 #
1!
#46050
b1110010100111110 #
0!
#46055
b100110001000011 #
1!
#46060
b1101101000011 #
0!
#46065
b1100010110000101 #
1!
#46070
b1001101011100110 #
0!
#46075
b1101010010011011 #
1!
#46080
b110100011010100 #
0!
#46085
b110001110001110 #
1!
#46090
b110010111110001 #
0!
#46095
b1000010111110010 #
1!
#46100
b1011000100001111 #
0!
#46105
b101101010111100 #
1!
#46110
b1010101000 #
0!
#46115
b1110111010100001 #
1!
#46120
b1001111011110 #
0!
#46125
b1011101010000 #
1!
#46130
b1110111010111001 #
0!
#46135
b101100000000000 #
1!
#46140
b110011111111010 #
0!
#46145
b1100001011000001 #
1!
#46150
b110001010010011 #
0!
#46155
b1101001011011001 #
1!
#46160
b100101011001010 #
0!
#46165
b100110111011000 #
1!
#46170
b101111101011111 #
0!
#46175
b10011111010111 #
1!
#46180
b1101000101110 #
0!
#46185
b110000010101000 #
1!
#46190
b1001101000000111 #
0!
#46195
b1110001000100000 #
1!
#46200
b1111001101100101 #
0!
#46205
b110011001000011 #
1!
#46210
b1001010101001100 #
0!
#46215
b101000110011011 #
1!
#46220
b1010111111010000 #
0!
#46225
b1000111101111101 #
1!
#46230
b1000100001100000 #
0!
#46235
b111110000001001 #
1!
#46240
b1110100111000011 #
0!
#46245
b1100001110011011 #
1!
#46250
b111001011111010 #
0!
#46255
b11010101111100 #
1!
#46260
b100010111 #
0!
#46265
b1011000101000101 #
1!
#46270
b111101011110 #
0!
#46275
b1001010111 #
1!
#46280
b111011000100 #
0!
#46285
b1100001110001100 #
1!
#46290
b1101011001010001 #
0!
#46295
b11010001011010 #
1!
#46300
b1111001000110000 #
0!
#46305
b10011001100101 #
1!
#46310
b101001101110 #
0!
#46315
b1101010111011110 #
1!
#46320
b100010001101100 #
0!
#46325
b1100010101110001 #
1!
#46330
b1010001111011010 #
0!
#46335
b1010111111011000 #
1!
#46340
b110001100011000 #
0!
#46345
b100111101100000 #
1!
#46350
b101110011001011 #
0!
#46355
b101000010111001 #
1!
#46360
b110100000101000 #
0!
#46365
b10101111010000 #
1!
#46370
b1011010011010111 #
0!
#46375
b10111000001 #
1!
#46380
b11001101000011 #
0!
#46385
b1000100100000000 #
1!
#46390
b1110011010001011 #
0!
#46395
b1101011111100100 #
1!
#46400
b101101011101010 #
0!
#46405
b101010000100110 #
1!
#46410
b1110111000111011 #
0!
#46415
b1001010011010100 #
1!
#46420
b100000100110000 #
0!
#46425
b11011011010001 #
1!
#46430
b1000100010000100 #
0!
#46435
b1100100000111110 #
1!
#46440
b1111110100101000 #
0!
#46445
b1001111100011010 #
1!
#46450
b11000001111111 #
0!
#46455
b1011111011110000 #
1!
#46460
b110111111010011 #
0!
#46465
b1011100000001101 #
1!
#46470
b10000100010010 #
0!
#46475
b1000010011011011 #
1!
#46480
b10111010111010 #
0!
#46485
b110111100010110 #
1!
#46490
b101100001011100 #
0!
#46495
b1110011010100010 #
1!
#46500
b1001101111101011 #
0!
#46505
b110110011010111 #
1!
#46510
b1001000110111101 #
0!
#46515
b110110011000110 #
1!
#46520
b1100111010011101 #
0!
#46525
b1111100110011 #
1!
#46530
b100011001011110 #
0!
#46535
b110011000001000 #
1!
#46540
b1010011100101001 #
0!
#46545
b1011001111100110 #
1!
#46550
b1011011111000101 #
0!
#46555
b1110000000011000 #
1!
#46560
b1011110010001111 #
0!
#46565
b1010010010001 #
1!
#46570
b1101110101011111 #
0!
#46575
b1010001100100101 #
1!
#46580
b111000101000110 #
0!
#46585
b1110110001111110 #
1!
#46590
b111001110000011 #
0!
#46595
b11111001110100 #
1!
#46600
b1101101010001101 #
0!
#46605
b1010110000000110 #
1!
#46610
b1111100111011100 #
0!
#46615
b1111101110000101 #
1!
#46620
b1101101011101101 #
0!
#46625
b111101011011110 #
1!
#46630
b1010100010110101 #
0!
#46635
b1110011011100101 #
1!
#46640
b100000110100 #
0!
#46645
b100011000110110 #
1!
#46650
b111110000101011 #
0!
#46655
b1100110101001100 #
1!
#46660
b1100001010001101 #
0!
#46665
b1011101011111001 #
1!
#46670
b11001110100010 #
0!
#46675
b11101100010011 #
1!
#46680
b10010000000001 #
0!
#46685
b100010000000001 #
1!
#46690
b100011110010100 #
0!
#46695
b111101110100000 #
1!
#46700
b101100001000 #
0!
#46705
b111110100001 #
1!
#46710
b1111010100011111 #
0!
#46715
b1001100111100011 #
1!
#46720
b111001101101 #
0!
#46725
b10101011000 #
1!
#46730
b11100001001001 #
0!
#46735
b110001001110011 #
1!
#46740
b1001000000111101 #
0!
#46745
b1101010000000101 #
1!
#46750
b1100111101111101 #
0!
#46755
b110001101110000 #
1!
#46760
b1010100011101110 #
0!
#46765
b1110100001110001 #
1!
#46770
b11001000110111 #
0!
#46775
b1110011110110001 #
1!
#46780
b11011110000000 #
0!
#46785
b110110110010101 #
1!
#46790
b1001111001001001 #
0!
#46795
b1111100001100111 #
1!
#46800
b1101001011010100 #
0!
#46805
b100111101011010 #
1!
#46810
b1000011000101 #
0!
#46815
b110010111000110 #
1!
#46820
b1101101111100001 #
0!
#46825
b11100001001000 #
1!
#46830
b100011011110111 #
0!
#46835
b1011100011000001 #
1!
#46840
b110101000001100 #
0!
#46845
b1001100111101000 #
1!
#46850
b1011100101100110 #
0!
#46855
b11111110001101 #
1!
#46860
b101111001011101 #
0!
#46865
b1001100100111010 #
1!
#46870
b1010010001100110 #
0!
#46875
b1111011110 #
1!
#46880
b101000110111011 #
0!
#46885
b10010000010000 #
1!
#46890
b11100010010 #
0!
#46895
b1101001110011011 #
1!
#46900
b1010000111110010 #
0!
#46905
b1110101110110011 #
1!
#46910
b1001100101001011 #
0!
#46915
b11100000000000 #
1!
#46920
b110011010111110 #
0!
#46925
b101010010010111 #
1!
#46930
b1101101010011001 #
0!
#46935
b1000001011100110 #
1!
#46940
b1000001110000110 #
0!
#46945
b1000111010001000 #
1!
#46950
b10101110100 #
0!
#46955
b1011100100101000 #
1!
#46960
b1000110000001011 #
0!
#46965
b1000011000100010 #
1!
#46970
b1011111100010 #
0!
#46975
b1010110011010111 #
1!
#46980
b1110001110111100 #
0!
#46985
b1110011111011111 #
1!
#46990
b1100100111110001 #
0!
#46995
b1110010101001101 #
1!
#47000
b1010000011101100 #
0!
#47005
b1110010101111 #
1!
#47010
b1001100111111001 #
0!
#47015
b1011000010101101 #
1!
#47020
b1010000010100000 #
0!
#47025
b101001101010010 #
1!
#47030
b1100001000011100 #
0!
#47035
b1110111111011 #
1!
#47040
b1000001100100100 #
0!
#47045
b111010101100110 #
1!
#47050
b100001000001101 #
0!
#47055
b1111001001001110 #
1!
#47060
b1010000100111000 #
0!
#47065
b11000001110001 #
1!
#47070
b1101010101111110 #
0!
#47075
b1011111101001100 #
1!
#47080
b1010011101000 #
0!
#47085
b1111000011000111 #
1!
#47090
b1111001101000011 #
0!
#47095
b1100110001101111 #
1!
#47100
b1011110011110001 #
0!
#47105
b1110001110100100 #
1!
#47110
b1101110010010101 #
0!
#47115
b10101001000011 #
1!
#47120
b11011011000001 #
0!
#47125
b1110111101000110 #
1!
#47130
b1000101101101111 #
0!
#47135
b1010001000100000 #
1!
#47140
b1101101011101111 #
0!
#47145
b1100011101110011 #
1!
#47150
b1011110001111111 #
0!
#47155
b1100001010001000 #
1!
#47160
b1100011101001001 #
0!
#47165
b1101000000110101 #
1!
#47170
b1110101010101000 #
0!
#47175
b1101010110110111 #
1!
#47180
b1101010100111101 #
0!
#47185
b11110000100011 #
1!
#47190
b101001101111110 #
0!
#47195
b1110010110000010 #
1!
#47200
b1010010011001111 #
0!
#47205
b1111011100011101 #
1!
#47210
b1111000111000101 #
0!
#47215
b1100000100011010 #
1!
#47220
b1001000111011010 #
0!
#47225
b1010011110111101 #
1!
#47230
b111111001100000 #
0!
#47235
b1111001011010001 #
1!
#47240
b1011001011001111 #
0!
#47245
b1011110101101110 #
1!
#47250
b111110110101101 #
0!
#47255
b1100100101101101 #
1!
#47260
b1110100110101010 #
0!
#47265
b110010001101110 #
1!
#47270
b10001011000100 #
0!
#47275
b100110000101101 #
1!
#47280
b1101000101010111 #
0!
#47285
b1000100010010110 #
1!
#47290
b111000110010010 #
0!
#47295
b100101000011000 #
1!
#47300
b1100001101000010 #
0!
#47305
b1101010101001110 #
1!
#47310
b1111001000110 #
0!
#47315
b101000010011101 #
1!
#47320
b1101110001000001 #
0!
#47325
b1011010001101110 #
1!
#47330
b1010101000001001 #
0!
#47335
b1010100100110111 #
1!
#47340
b1111100110011011 #
0!
#47345
b101011101111101 #
1!
#47350
b101000001111111 #
0!
#47355
b101111100010011 #
1!
#47360
b1011011001011000 #
0!
#47365
b1010011000010001 #
1!
#47370
b110011111100 #
0!
#47375
b100000101100010 #
1!
#47380
b111000010011110 #
0!
#47385
b100110110101111 #
1!
#47390
b1001101111110010 #
0!
#47395
b1101100001100111 #
1!
#47400
b100000001001110 #
0!
#47405
b1011101100001110 #
1!
#47410
b111010010000111 #
0!
#47415
b111010011011001 #
1!
#47420
b10110010100 #
0!
#47425
b1011000000011 #
1!
#47430
b1101101111010001 #
0!
#47435
b1110010110100 #
1!
#47440
b101100110100111 #
0!
#47445
b101000011111011 #
1!
#47450
b1100010010101011 #
0!
#47455
b1010001000001111 #
1!
#47460
b1001101101110101 #
0!
#47465
b1001001010010 #
1!
#47470
b1111000010100010 #
0!
#47475
b1000110000001111 #
1!
#47480
b1110000101101100 #
0!
#47485
b1100101101101010 #
1!
#47490
b1101110111100111 #
0!
#47495
b10101110010100 #
1!
#47500
b110100011000 #
0!
#47505
b1010001011001011 #
1!
#47510
b1100000111001001 #
0!
#47515
b1000100010101000 #
1!
#47520
b1011100011010011 #
0!
#47525
b1000011000110111 #
1!
#47530
b1001100010101100 #
0!
#47535
b111000101100010 #
1!
#47540
b100000100111111 #
0!
#47545
b10010011110101 #
1!
#47550
b10010111101110 #
0!
#47555
b110111000111100 #
1!
#47560
b1011111110111000 #
0!
#47565
b1110011000111111 #
1!
#47570
b1101111110111010 #
0!
#47575
b1100111110000110 #
1!
#47580
b1000010001001 #
0!
#47585
b1111100100011001 #
1!
#47590
b1000010 #
0!
#47595
b1001111011111011 #
1!
#47600
b1101001100000001 #
0!
#47605
b100100001110101 #
1!
#47610
b1000101101010000 #
0!
#47615
b1010100000101100 #
1!
#47620
b110000101000000 #
0!
#47625
b1000000111111101 #
1!
#47630
b11010010101010 #
0!
#47635
b111101110111001 #
1!
#47640
b1101011011011000 #
0!
#47645
b111101001110 #
1!
#47650
b111110101000111 #
0!
#47655
b101111100001010 #
1!
#47660
b1000100001001 #
0!
#47665
b1110100001100 #
1!
#47670
b1001111011000001 #
0!
#47675
b110000110010000 #
1!
#47680
b1010101011001110 #
0!
#47685
b1001011010011010 #
1!
#47690
b1001011000001001 #
0!
#47695
b100111000101100 #
1!
#47700
b1111111001110000 #
0!
#47705
b10101011011000 #
1!
#47710
b10000111000101 #
0!
#47715
b1011001011010111 #
1!
#47720
b10110111011000 #
0!
#47725
b100001110110110 #
1!
#47730
b1011011001100110 #
0!
#47735
b1101101000011100 #
1!
#47740
b110001011010 #
0!
#47745
b101111111100 #
1!
#47750
b1001100101011000 #
0!
#47755
b1101000101111111 #
1!
#47760
b11110000101110 #
0!
#47765
b111000000011100 #
1!
#47770
b1011111001001111 #
0!
#47775
b110000101101111 #
1!
#47780
b1100101010011 #
0!
#47785
b1111001100000 #
1!
#47790
b1110011100101011 #
0!
#47795
b1100011001101 #
1!
#47800
b1011110100001100 #
0!
#47805
b1000001001011001 #
1!
#47810
b1000110001100110 #
0!
#47815
b100001110110001 #
1!
#47820
b10010111101 #
0!
#47825
b1100011011011010 #
1!
#47830
b1110110110000011 #
0!
#47835
b1110101001110101 #
1!
#47840
b1000110001001110 #
0!
#47845
b1101011101100000 #
1!
#47850
b1001111100 #
0!
#47855
b1101111110101110 #
1!
#47860
b1010111111011110 #
0!
#47865
b110000100110110 #
1!
#47870
b1000101010100001 #
0!
#47875
b1010100100010111 #
1!
#47880
b1000101111110000 #
0!
#47885
b1100111000111011 #
1!
#47890
b11100101 #
0!
#47895
b1001011100011110 #
1!
#47900
b1111100011010010 #
0!
#47905
b100111010010010 #
1!
#47910
b1001111100001001 #
0!
#47915
b1011001000010110 #
1!
#47920
b1001011101110000 #
0!
#47925
b1100100000011111 #
1!
#47930
b110001010101110 #
0!
#47935
b1100100110110000 #
1!
#47940
b1100000101010101 #
0!
#47945
b1110111000100110 #
1!
#47950
b101010101010 #
0!
#47955
b110010011010110 #
1!
#47960
b1001001100000111 #
0!
#47965
b10011011100001 #
1!
#47970
b111010110111 #
0!
#47975
b1101010101110101 #
1!
#47980
b1110100101111001 #
0!
#47985
b1010000001100111 #
1!
#47990
b1010110011100000 #
0!
#47995
b10010101011000 #
1!
#48000
b101111011001111 #
0!
#48005
b100011111000100 #
1!
#48010
b1110000110100111 #
0!
#48015
b1111010101010 #
1!
#48020
b100111000101101 #
0!
#48025
b1100011010000110 #
1!
#48030
b110010101100011 #
0!
#48035
b100111000110010 #
1!
#48040
b1101100110111100 #
0!
#48045
b1000101010110001 #
1!
#48050
b1011100011000101 #
0!
#48055
b11100101 #
1!
#48060
b1101010110110010 #
0!
#48065
b1100000001011000 #
1!
#48070
b1011000000110 #
0!
#48075
b100001111101011 #
1!
#48080
b1110000001111110 #
0!
#48085
b101001111001000 #
1!
#48090
b111100110101101 #
0!
#48095
b1101111110011111 #
1!
#48100
b101100111101000 #
0!
#48105
b1110110010010100 #
1!
#48110
b1001110101100101 #
0!
#48115
b110001110110111 #
1!
#48120
b101100001000001 #
0!
#48125
b1111101101010100 #
1!
#48130
b1111111011101000 #
0!
#48135
b1100000011100 #
1!
#48140
b1011110001111100 #
0!
#48145
b1010101101111011 #
1!
#48150
b1101101001100110 #
0!
#48155
b111110010001 #
1!
#48160
b10000101000111 #
0!
#48165
b1110100000011010 #
1!
#48170
b10110101100110 #
0!
#48175
b110010111101 #
1!
#48180
b1101111011111000 #
0!
#48185
b101110111011000 #
1!
#48190
b1011000010100100 #
0!
#48195
b1010001110110111 #
1!
#48200
b1011101101111 #
0!
#48205
b111011000010010 #
1!
#48210
b1110000011010000 #
0!
#48215
b1110110100100 #
1!
#48220
b1010000010110100 #
0!
#48225
b110001001100011 #
1!
#48230
b1111110110110101 #
0!
#48235
b1000010110000011 #
1!
#48240
b1101010001011 #
0!
#48245
b101101110111 #
1!
#48250
b1111110011000000 #
0!
#48255
b1010011011000010 #
1!
#48260
b1110000010100001 #
0!
#48265
b1101110000100 #
1!
#48270
b1010000101010001 #
0!
#48275
b1000110101010 #
1!
#48280
b111010100111 #
0!
#48285
b111000 #
1!
#48290
b110000011011101 #
0!
#48295
b110101000100 #
1!
#48300
b1000000011111011 #
0!
#48305
b1110010101111000 #
1!
#48310
b111101001010111 #
0!
#48315
b1010011111010000 #
1!
#48320
b1101001000100011 #
0!
#48325
b1011100111001111 #
1!
#48330
b1110101111001011 #
0!
#48335
b1010110001011001 #
1!
#48340
b101111011010100 #
0!
#48345
b10010011010011 #
1!
#48350
b110101010110110 #
0!
#48355
b1010100110001100 #
1!
#48360
b100010110110011 #
0!
#48365
b1001010101110001 #
1!
#48370
b111101100000110 #
0!
#48375
b1110100101100011 #
1!
#48380
b101110110001011 #
0!
#48385
b11010101100000 #
1!
#48390
b101001000110111 #
0!
#48395
b111011010111100 #
1!
#48400
b100010000111111 #
0!
#48405
b1111001010100011 #
1!
#48410
b1111001110011000 #
0!
#48415
b1111101111011 #
1!
#48420
b101100000010011 #
0!
#48425
b111100101101001 #
1!
#48430
b1001000011100 #
0!
#48435
b110111101000001 #
1!
#48440
b1011010010100010 #
0!
#48445
b11010000101100 #
1!
#48450
b11000110110010 #
0!
#48455
b1011000001100011 #
1!
#48460
b11010000100100 #
0!
#48465
b101000101010111 #
1!
#48470
b1000100110101110 #
0!
#48475
b1111000000011111 #
1!
#48480
b111010101000111 #
0!
#48485
b1011100101100110 #
1!
#48490
b1011100100000 #
0!
#48495
b1111110011001100 #
1!
#48500
b1100111101001101 #
0!
#48505
b1101110110110 #
1!
#48510
b1001011110100011 #
0!
#48515
b101111111110001 #
1!
#48520
b110001110101011 #
0!
#48525
b1110000111110111 #
1!
#48530
b1000001010011111 #
0!
#48535
b110001000000100 #
1!
#48540
b100111100000 #
0!
#48545
b11011110010101 #
1!
#48550
b1101001100010 #
0!
#48555
b1011011001001 #
1!
#48560
b101111110111010 #
0!
#48565
b101111011101 #
1!
#48570
b101011000011010 #
0!
#48575
b100011100000000 #
1!
#48580
b1100000111000011 #
0!
#48585
b11101001111 #
1!
#48590
b1111010100101011 #
0!
#48595
b111101101101001 #
1!
#48600
b100101100001111 #
0!
#48605
b1001100111100101 #
1!
#48610
b111001110111100 #
0!
#48615
b1011000101 #
1!
#48620
b1101100100011101 #
0!
#48625
b1110101110101010 #
1!
#48630
b100000100000 #
0!
#48635
b1110101111011110 #
1!
#48640
b11000010000 #
0!
#48645
b1110100001111101 #
1!
#48650
b1011001111100111 #
0!
#48655
b1111101000111000 #
1!
#48660
b10111011100110 #
0!
#48665
b100000101011000 #
1!
#48670
b11000100101100 #
0!
#48675
b1100010101111100 #
1!
#48680
b111000011110011 #
0!
#48685
b101110011100111 #
1!
#48690
b1111110000001100 #
0!
#48695
b1000111101000010 #
1!
#48700
b1010010101010110 #
0!
#48705
b110100011011111 #
1!
#48710
b101000111000101 #
0!
#48715
b110100000111000 #
1!
#48720
b110100010010111 #
0!
#48725
b101001011001101 #
1!
#48730
b10110001100101 #
0!
#48735
b1110101100001 #
1!
#48740
b1100000110100 #
0!
#48745
b1100011011011001 #
1!
#48750
b100100110011011 #
0!
#48755
b11100101100011 #
1!
#48760
b1101000101000110 #
0!
#48765
b10110000110010 #
1!
#48770
b10001010000111 #
0!
#48775
b11110010010 #
1!
#48780
b110110100000101 #
0!
#48785
b1011010010011000 #
1!
#48790
b1111011000011000 #
0!
#48795
b1001001111000110 #
1!
#48800
b1000011101010100 #
0!
#48805
b100100111000111 #
1!
#48810
b1100000011011011 #
0!
#48815
b1010101110011000 #
1!
#48820
b111111100011011 #
0!
#48825
b1001011100101000 #
1!
#48830
b11110011001001 #
0!
#48835
b1101100100011100 #
1!
#48840
b110110110011101 #
0!
#48845
b100110011011 #
1!
#48850
b1110010011110110 #
0!
#48855
b110101010101101 #
1!
#48860
b11000110000101 #
0!
#48865
b1100110010110010 #
1!
#48870
b1111100010101001 #
0!
#48875
b110101011101101 #
1!
#48880
b110001111100101 #
0!
#48885
b1100101000110100 #
1!
#48890
b111000011010000 #
0!
#48895
b1010010110000110 #
1!
#48900
b110000011011011 #
0!
#48905
b1011010001000010 #
1!
#48910
b101001000010 #
0!
#48915
b1010011011001010 #
1!
#48920
b100011100010110 #
0!
#48925
b1111000111111001 #
1!
#48930
b100001011011000 #
0!
#48935
b1011101111000110 #
1!
#48940
b1111000011110001 #
0!
#48945
b1010111111100100 #
1!
#48950
b101010010111000 #
0!
#48955
b1110110111100111 #
1!
#48960
b1111100101011111 #
0!
#48965
b1101101100010000 #
1!
#48970
b11110011101111 #
0!
#48975
b101011000010 #
1!
#48980
b1011111001100001 #
0!
#48985
b1110100101110 #
1!
#48990
b1011011110101110 #
0!
#48995
b1001111000010111 #
1!
#49000
b101101000110101 #
0!
#49005
b1110010110000101 #
1!
#49010
b11111000111101 #
0!
#49015
b1111010110101111 #
1!
#49020
b1010110000000001 #
0!
#49025
b101111000011101 #
1!
#49030
b111000001101 #
0!
#49035
b1101000100101 #
1!
#49040
b100110000101110 #
0!
#49045
b111010111101000 #
1!
#49050
b10011111101000 #
0!
#49055
b1101110100101111 #
1!
#49060
b1001100000101010 #
0!
#49065
b1101001001011100 #
1!
#49070
b11111110101110 #
0!
#49075
b1100001110010001 #
1!
#49080
b1010110011000110 #
0!
#49085
b1110010000111001 #
1!
#49090
b1101010010101010 #
0!
#49095
b1110000111000 #
1!
#49100
b110010111101110 #
0!
#49105
b1101100011100111 #
1!
#49110
b10010111011101 #
0!
#49115
b1111011110101011 #
1!
#49120
b101101111110110 #
0!
#49125
b1001101100111100 #
1!
#49130
b10101101001100 #
0!
#49135
b1100001100000 #
1!
#49140
b1110111000100011 #
0!
#49145
b1101001000001000 #
1!
#49150
b1010000011000010 #
0!
#49155
b1010000001100 #
1!
#49160
b11100110111100 #
0!
#49165
b1111001000110000 #
1!
#49170
b11111111001 #
0!
#49175
b11000110001011 #
1!
#49180
b1100001010010 #
0!
#49185
b10000111000100 #
1!
#49190
b1001011110101000 #
0!
#49195
b111110001110100 #
1!
#49200
b10011101110011 #
0!
#49205
b100110011011100 #
1!
#49210
b100101001110011 #
0!
#49215
b1100001011110011 #
1!
#49220
b1100000110001000 #
0!
#49225
b10000010010100 #
1!
#49230
b1110000000100100 #
0!
#49235
b1001000000000010 #
1!
#49240
b1100010100 #
0!
#49245
b101000000111 #
1!
#49250
b1101010100110011 #
0!
#49255
b11000110010100 #
1!
#49260
b1100100100000100 #
0!
#49265
b11010010010001 #
1!
#49270
b110001000011010 #
0!
#49275
b1010111111010001 #
1!
#49280
b1010110001010111 #
0!
#49285
b1000101001001001 #
1!
#49290
b1000011101010110 #
0!
#49295
b1101100111110110 #
1!
#49300
b111011000101 #
0!
#49305
b1011101011101111 #
1!
#49310
b1111110010101000 #
0!
#49315
b11100011110010 #
1!
#49320
b11110101111 #
0!
#49325
b10111100111101 #
1!
#49330
b100000101111010 #
0!
#49335
b1110101011010 #
1!
#49340
b111010111111100 #
0!
#49345
b1001111100100 #
1!
#49350
b1000110111101010 #
0!
#49355
b1000111111001000 #
1!
#49360
b1111000100101100 #
0!
#49365
b101010100010110 #
1!
#49370
b1101111101110010 #
0!
#49375
b101101001000010 #
1!
#49380
b1101100101010110 #
0!
#49385
b1001111011101101 #
1!
#49390
b1111010110100001 #
0!
#49395
b111011000000 #
1!
#49400
b100100100111000 #
0!
#49405
b101111010010001 #
1!
#49410
b100011011011111 #
0!
#49415
b1111010001100001 #
1!
#49420
b1110100110000 #
0!
#49425
b1011111101101100 #
1!
#49430
b1001010111010 #
0!
#49435
b1100001110011 #
1!
#49440
b1110111100110101 #
0!
#49445
b1010101101001001 #
1!
#49450
b101010010100111 #
0!
#49455
b100100111100000 #
1!
#49460
b1111110100100 #
0!
#49465
b1101000110110000 #
1!
#49470
b1100011110111001 #
0!
#49475
b111100010111 #
1!
#49480
b1100010000000000 #
0!
#49485
b1001101001100110 #
1!
#49490
b1110100101001001 #
0!
#49495
b1011100000001101 #
1!
#49500
b1100000001110111 #
0!
#49505
b11010001010011 #
1!
#49510
b1111001111111010 #
0!
#49515
b100111101100100 #
1!
#49520
b1010101001001011 #
0!
#49525
b1000110110110111 #
1!
#49530
b1110010000011001 #
0!
#49535
b1010001101100100 #
1!
#49540
b1110000011101010 #
0!
#49545
b100110000000001 #
1!
#49550
b111011111011010 #
0!
#49555
b11101011000111 #
1!
#49560
b111111011100000 #
0!
#49565
b1110001100011111 #
1!
#49570
b10011101010011 #
0!
#49575
b110011011111101 #
1!
#49580
b101111101100111 #
0!
#49585
b111100110011010 #
1!
#49590
b11000111000010 #
0!
#49595
b11001100000001 #
1!
#49600
b10000010111111 #
0!
#49605
b1111101001101001 #
1!
#49610
b1001000100010001 #
0!
#49615
b110100101010001 #
1!
#49620
b1111100010010 #
0!
#49625
b1011010110100 #
1!
#49630
b1000000111 #
0!
#49635
b1001010100100011 #
1!
#49640
b111001100011010 #
0!
#49645
b11011101111111 #
1!
#49650
b100101000 #
0!
#49655
b1001101110 #
1!
#49660
b1111101100110110 #
0!
#49665
b1000100001111110 #
1!
#49670
b1100101110110111 #
0!
#49675
b1100000111100110 #
1!
#49680
b101010100111001 #
0!
#49685
b1111010011110111 #
1!
#49690
b101100111011000 #
0!
#49695
b1001100101111000 #
1!
#49700
b1101100010010101 #
0!
#49705
b10110100000100 #
1!
#49710
b110101000111110 #
0!
#49715
b1100101100111 #
1!
#49720
b1010010000110100 #
0!
#49725
b1001011100001101 #
1!
#49730
b111100101101010 #
0!
#49735
b1000101110011100 #
1!
#49740
b1001001010011001 #
0!
#49745
b110001011010011 #
1!
#49750
b1100000111101011 #
0!
#49755
b1111101001000100 #
1!
#49760
b100001010011000 #
0!
#49765
b111110011101101 #
1!
#49770
b11111010011110 #
0!
#49775
b11011001010110 #
1!
#49780
b111001011101 #
0!
#49785
b1000110011111001 #
1!
#49790
b1010110101011010 #
0!
#49795
b1100100000010100 #
1!
#49800
b1000111100000 #
0!
#49805
b1001110000 #
1!
#49810
b1000101000001101 #
0!
#49815
b1111111100011111 #
1!
#49820
b10011110100011 #
0!
#49825
b101101101010 #
1!
#49830
b1000110111010 #
0!
#49835
b1110001101000010 #
1!
#49840
b1110111111010101 #
0!
#49845
b1000111000100111 #
1!
#49850
b11111001010101 #
0!
#49855
b100000001110110 #
1!
#49860
b1100000110100000 #
0!
#49865
b11101111000010 #
1!
#49870
b1100110111110001 #
0!
#49875
b1010011001001101 #
1!
#49880
b1011101111010011 #
0!
#49885
b111101111010010 #
1!
#49890
b11100100111001 #
0!
#49895
b101111001001101 #
1!
#49900
b1011011110101001 #
0!
#49905
b111110001101001 #
1!
#49910
b1011111010101010 #
0!
#49915
b111010001011101 #
1!
#49920
b101010111011111 #
0!
#49925
b10110100110010 #
1!
#49930
b101101110010010 #
0!
#49935
b1011011111010010 #
1!
#49940
b1110111111000111 #
0!
#49945
b11001000010111 #
1!
#49950
b1100100100110101 #
0!
#49955
b1010111101000000 #
1!
#49960
b1001111110101100 #
0!
#49965
b100111101 #
1!
#49970
b1000001000101001 #
0!
#49975
b1010101010011010 #
1!
#49980
b100001100100000 #
0!
#49985
b1011110110110100 #
1!
#49990
b1100100101010000 #
0!
#49995
b1011001011000101 #
1!
#50000
b111011101111011 #
0!
#50005
b101011110101110 #
1!
#50010
b1001001101101110 #
0!
#50015
b1001100100101110 #
1!
#50020
b1001100001001001 #
0!
#50025
b111100010011100 #
1!
#50030
b1001111111010010 #
0!
#50035
b1110001101111011 #
1!
#50040
b1011111011010010 #
0!
#50045
b1001000011111101 #
1!
#50050
b110101000001101 #
0!
#50055
b1110000011110110 #
1!
#50060
b1100101101111000 #
0!
#50065
b1100100101000101 #
1!
#50070
b10111000101011 #
0!
#50075
b1001111011000100 #
1!
#50080
b101011100100111 #
0!
#50085
b110010101100 #
1!
#50090
b1110011001100110 #
0!
#50095
b1110011110000000 #
1!
#50100
b1011111010001101 #
0!
#50105
b101000111101 #
1!
#50110
b101001011010000 #
0!
#50115
b100010001010110 #
1!
#50120
b1110001010011 #
0!
#50125
b10110111111111 #
1!
#50130
b1110110011100110 #
0!
#50135
b10100110000 #
1!
#50140
b100111100000110 #
0!
#50145
b1001111110010001 #
1!
#50150
b1110111010000011 #
0!
#50155
b11010100010100 #
1!
#50160
b1111000011111001 #
0!
#50165
b100111100001101 #
1!
#50170
b101100100111010 #
0!
#50175
b1001111101001000 #
1!
#50180
b101111111001001 #
0!
#50185
b1110011010001111 #
1!
#50190
b1110001001110101 #
0!
#50195
b1101000101001011 #
1!
#50200
b1011010011000010 #
0!
#50205
b1101010000110011 #
1!
#50210
b101001101010 #
0!
#50215
b1010101010100 #
1!
#50220
b1100111011011010 #
0!
#50225
b100001111101000 #
1!
#50230
b110101001111 #
0!
#50235
b111011001001010 #
1!
#50240
b100100001111110 #
0!
#50245
b1110111100110 #
1!
#50250
b1110010111001101 #
0!
#50255
b1100010111110100 #
1!
#50260
b111110011100011 #
0!
#50265
b1000000110010 #
1!
#50270
b100111100011110 #
0!
#50275
b1000100101011101 #
1!
#50280
b1000101000011110 #
0!
#50285
b1000100011101001 #
1!
#50290
b1100010011100010 #
0!
#50295
b1000100001011 #
1!
#50300
b100101010100111 #
0!
#50305
b1011000011001111 #
1!
#50310
b1000011000010001 #
0!
#50315
b110011000101100 #
1!
#50320
b101101010011010 #
0!
#50325
b111011011011100 #
1!
#50330
b1000110000000111 #
0!
#50335
b101011101000010 #
1!
#50340
b1011001010000 #
0!
#50345
b1000010100101110 #
1!
#50350
b1001010000100111 #
0!
#50355
b110111001110001 #
1!
#50360
b1001101110101010 #
0!
#50365
b100100100110011 #
1!
#50370
b1101000001100 #
0!
#50375
b1111100011111100 #
1!
#50380
b1100001010011110 #
0!
#50385
b1110110001101010 #
1!
#50390
b101101110110100 #
0!
#50395
b100010111 #
1!
#50400
b10101101101001 #
0!
#50405
b101110010000110 #
1!
#50410
b101000010110001 #
0!
#50415
b101010010011011 #
1!
#50420
b10110111110101 #
0!
#50425
b100011101010101 #
1!
#50430
b1011100011000111 #
0!
#50435
b111111010110100 #
1!
#50440
b1110100111010001 #
0!
#50445
b1010001000101 #
1!
#50450
b111111111000 #
0!
#50455
b1100110000101100 #
1!
#50460
b11011101001111 #
0!
#50465
b1111010011010011 #
1!
#50470
b1000110101110010 #
0!
#50475
b100100101100000 #
1!
#50480
b1011010000011110 #
0!
#50485
b1100111011001011 #
1!
#50490
b11000001011011 #
0!
#50495
b1011111001110101 #
1!
#50500
b1011111100000110 #
0!
#50505
b101010010100011 #
1!
#50510
b1011100011101111 #
0!
#50515
b1011101111110110 #
1!
#50520
b111000000000111 #
0!
#50525
b1110110111010011 #
1!
#50530
b1001110111101001 #
0!
#50535
b1000101101011101 #
1!
#50540
b1010011110001001 #
0!
#50545
b1100011001111110 #
1!
#50550
b1101110101101 #
0!
#50555
b11101010101101 #
1!
#50560
b1111110011100100 #
0!
#50565
b1100110101000110 #
1!
#50570
b10111000110110 #
0!
#50575
b1001010110110111 #
1!
#50580
b1100110111100111 #
0!
#50585
b1010110110011101 #
1!
#50590
b1001001000101101 #
0!
#50595
b10010100010001 #
1!
#50600
b11011010100111 #
0!
#50605
b1101000001110100 #
1!
#50610
b1100011100110110 #
0!
#50615
b11011001101110 #
1!
#50620
b1001000111101 #
0!
#50625
b110011010011010 #
1!
#50630
b10011010100 #
0!
#50635
b1101100101011110 #
1!
#50640
b1111111010111110 #
0!
#50645
b101100110100011 #
1!
#50650
b100011011110110 #
0!
#50655
b1101010100010001 #
1!
#50660
b101011000001011 #
0!
#50665
b101001110110011 #
1!
#50670
b100101010001010 #
0!
#50675
b1011100100111111 #
1!
#50680
b11011011010010 #
0!
#50685
b1100000000000001 #
1!
#50690
b1000110000101011 #
0!
#50695
b1100111110111100 #
1!
#50700
b111101001011010 #
0!
#50705
b1101000101101101 #
1!
#50710
b100100001000100 #
0!
#50715
b10010111100100 #
1!
#50720
b1011111101100101 #
0!
#50725
b110111111111101 #
1!
#50730
b111101110110100 #
0!
#50735
b1000001001100100 #
1!
#50740
b101110111010100 #
0!
#50745
b100001110011011 #
1!
#50750
b1101111101101010 #
0!
#50755
b111100110000011 #
1!
#50760
b111010001010010 #
0!
#50765
b1011110111110010 #
1!
#50770
b1110111011100110 #
0!
#50775
b101001110000010 #
1!
#50780
b1101111010101101 #
0!
#50785
b100010111001 #
1!
#50790
b1110101100100001 #
0!
#50795
b1101000101010 #
1!
#50800
b11100100101011 #
0!
#50805
b1000101000010 #
1!
#50810
b1100101011001101 #
0!
#50815
b1001110000011101 #
1!
#50820
b1101111001110110 #
0!
#50825
b1000000110110111 #
1!
#50830
b100111001101101 #
0!
#50835
b110011000000100 #
1!
#50840
b1110110101111000 #
0!
#50845
b1100011111000011 #
1!
#50850
b1110111000111001 #
0!
#50855
b1100001100110111 #
1!
#50860
b11111111000110 #
0!
#50865
b101000011000 #
1!
#50870
b1110100100111101 #
0!
#50875
b1011110011101101 #
1!
#50880
b111000011011000 #
0!
#50885
b11111110010100 #
1!
#50890
b11100010111111 #
0!
#50895
b10001010010110 #
1!
#50900
b1101110111010001 #
0!
#50905
b101001110011 #
1!
#50910
b1001100001001111 #
0!
#50915
b111111101110000 #
1!
#50920
b1010001011111101 #
0!
#50925
b1101101101010000 #
1!
#50930
b1000100010001001 #
0!
#50935
b1111011110001 #
1!
#50940
b1001101111010001 #
0!
#50945
b1101101101011101 #
1!
#50950
b100000111110110 #
0!
#50955
b110100100001 #
1!
#50960
b110001110001110 #
0!
#50965
b1111100010100011 #
1!
#50970
b1100000100001110 #
0!
#50975
b1010101111001 #
1!
#50980
b101011001010111 #
0!
#50985
b1101111010100100 #
1!
#50990
b1100000111000110 #
0!
#50995
b1100010001011010 #
1!
#51000
b1001001111100010 #
0!
#51005
b1111101100111000 #
1!
#51010
b1011111010101110 #
0!
#51015
b110011011000011 #
1!
#51020
b1111001001111011 #
0!
#51025
b111011011110111 #
1!
#51030
b1111011100010101 #
0!
#51035
b11101010000 #
1!
#51040
b1001010100011 #
0!
#51045
b11111000010010 #
1!
#51050
b110010100100001 #
0!
#51055
b111001100011001 #
1!
#51060
b100110011101001 #
0!
#51065
b111100111 #
1!
#51070
b1100010001100101 #
0!
#51075
b11010010011000 #
1!
#51080
b1100000101001101 #
0!
#51085
b10011100111001 #
1!
#51090
b1001000011010101 #
0!
#51095
b1001100000011110 #
1!
#51100
b100011011010001 #
0!
#51105
b1101110001001100 #
1!
#51110
b100110101100 #
0!
#51115
b1010110011111001 #
1!
#51120
b111110110001000 #
0!
#51125
b1000111010100 #
1!
#51130
b10010100100010 #
0!
#51135
b11110111011100 #
1!
#51140
b1011111010110111 #
0!
#51145
b110110100000101 #
1!
#51150
b1010001101111010 #
0!
#51155
b1101000010101010 #
1!
#51160
b10100001101101 #
0!
#51165
b101111010010101 #
1!
#51170
b101011111 #
0!
#51175
b1011100100101111 #
1!
#51180
b1001011100100000 #
0!
#51185
b1000000011101 #
1!
#51190
b111011011111101 #
0!
#51195
b111101111 #
1!
#51200
b1010010110100010 #
0!
#51205
b110111010010001 #
1!
#51210
b11011101 #
0!
#51215
b111000110010001 #
1!
#51220
b1010110100100001 #
0!
#51225
b10011001001101 #
1!
#51230
b101111011101110 #
0!
#51235
b1001101100010001 #
1!
#51240
b1100111001011010 #
0!
#51245
b1010001001101111 #
1!
#51250
b101110111101 #
0!
#51255
b1100010001000010 #
1!
#51260
b1110001011010001 #
0!
#51265
b111011100011 #
1!
#51270
b11111101010010 #
0!
#51275
b1111111110111100 #
1!
#51280
b1000011000110010 #
0!
#51285
b101100111111111 #
1!
#51290
b1111101010100101 #
0!
#51295
b1001011010110 #
1!
#51300
b1011110010110 #
0!
#51305
b10110111111100 #
1!
#51310
b1111011000100110 #
0!
#51315
b1000111110110111 #
1!
#51320
b1010111111110001 #
0!
#51325
b1111001000101010 #
1!
#51330
b1011000101011000 #
0!
#51335
b1011110100100000 #
1!
#51340
b10101001010001 #
0!
#51345
b1101101100110001 #
1!
#51350
b110010011100010 #
0!
#51355
b1010100100000001 #
1!
#51360
b10010000101011 #
0!
#51365
b1100111101000110 #
1!
#51370
b111000101101 #
0!
#51375
b10000001111000 #
1!
#51380
b1111110101110100 #
0!
#51385
b111110010010101 #
1!
#51390
b110101011100011 #
0!
#51395
b1010111101001010 #
1!
#51400
b1100101110111001 #
0!
#51405
b100111111001011 #
1!
#51410
b1111001001101000 #
0!
#51415
b1010000001101111 #
1!
#51420
b110111011101010 #
0!
#51425
b111001000010110 #
1!
#51430
b1110011010110000 #
0!
#51435
b11010001 #
1!
#51440
b1000000000011100 #
0!
#51445
b1101000101100010 #
1!
#51450
b11111101101110 #
0!
#51455
b1001101011010000 #
1!
#51460
b101111111101011 #
0!
#51465
b1101101000101 #
1!
#51470
b1011100000100000 #
0!
#51475
b1111110010011101 #
1!
#51480
b10010110111101 #
0!
#51485
b1011011001011011 #
1!
#51490
b1101000011011101 #
0!
#51495
b111000100010011 #
1!
#51500
b1010111010100110 #
0!
#51505
b1101010101110111 #
1!
#51510
b1100001101101000 #
0!
#51515
b1000010111 #
1!
#51520
b1001011000001010 #
0!
#51525
b110000101111110 #
1!
#51530
b1000101110000011 #
0!
#51535
b1000000100100100 #
1!
#51540
b11110111010111 #
0!
#51545
b1001000101 #
1!
#51550
b1110010011110110 #
0!
#51555
b111010000001001 #
1!
#51560
b1011100101110100 #
0!
#51565
b10101001000001 #
1!
#51570
b100110100110111 #
0!
#51575
b10101110001110 #
1!
#51580
b1110101000101110 #
0!
#51585
b10001110011 #
1!
#51590
b1111110001000100 #
0!
#51595
b1011000011110100 #
1!
#51600
b110101101010001 #
0!
#51605
b111101101010111 #
1!
#51610
b1111010110001100 #
0!
#51615
b1101001100001000 #
1!
#51620
b1001011110100110 #
0!
#51625
b11100100110100 #
1!
#51630
b1110110101110110 #
0!
#51635
b1100011001101 #
1!
#51640
b1000101110011000 #
0!
#51645
b1010101110100111 #
1!
#51650
b110001101101011 #
0!
#51655
b1101001101011110 #
1!
#51660
b10001010101100 #
0!
#51665
b1111111111000110 #
1!
#51670
b1001001111101000 #
0!
#51675
b110000011011 #
1!
#51680
b1111100010000100 #
0!
#51685
b10000110011100 #
1!
#51690
b111100110001010 #
0!
#51695
b1000111110111110 #
1!
#51700
b110110100110100 #
0!
#51705
b1011100101111100 #
1!
#51710
b1100111110010000 #
0!
#51715
b1110101001101101 #
1!
#51720
b1001011000001110 #
0!
#51725
b11100011011010 #
1!
#51730
b1010111000010 #
0!
#51735
b110011001100001 #
1!
#51740
b101011110100111 #
0!
#51745
b1100011000100000 #
1!
#51750
b1000010101000110 #
0!
#51755
b1001000111001 #
1!
#51760
b100010101010000 #
0!
#51765
b101001001001110 #
1!
#51770
b1100101000101 #
0!
#51775
b1011100110010110 #
1!
#51780
b1011111110101111 #
0!
#51785
b1000011010110010 #
1!
#51790
b1000111111101101 #
0!
#51795
b1110011000010011 #
1!
#51800
b1110000111000001 #
0!
#51805
b1101000010100101 #
1!
#51810
b110001110110111 #
0!
#51815
b1110011000110000 #
1!
#51820
b1000011011101000 #
0!
#51825
b101101010010000 #
1!
#51830
b1101000001111000 #
0!
#51835
b1100010101001101 #
1!
#51840
b100101001010110 #
0!
#51845
b1000100011110 #
1!
#51850
b1101010100100101 #
0!
#51855
b100111101001100 #
1!
#51860
b1000110101110001 #
0!
#51865
b1010000011110011 #
1!
#51870
b10101011010010 #
0!
#51875
b111111101101 #
1!
#51880
b110010010000011 #
0!
#51885
b111010010111000 #
1!
#51890
b100111011011010 #
0!
#51895
b101001110000010 #
1!
#51900
b1011001001010111 #
0!
#51905
b1011100011011001 #
1!
#51910
b111101110100110 #
0!
#51915
b10010000001101 #
1!
#51920
b111100010010 #
0!
#51925
b101101111001110 #
1!
#51930
b1010110100010111 #
0!
#51935
b101000101101010 #
1!
#51940
b1101011111100111 #
0!
#51945
b10101000101 #
1!
#51950
b1010001100000010 #
0!
#51955
b110010010010001 #
1!
#51960
b10011011101110 #
0!
#51965
b10010000000011 #
1!
#51970
b1101010110101101 #
0!
#51975
b1010101110001101 #
1!
#51980
b1101101111011010 #
0!
#51985
b1110010111011101 #
1!
#51990
b1000000111100010 #
0!
#51995
b10111101000101 #
1!
#52000
b1000110110110110 #
0!
#52005
b11000010010101 #
1!
#52010
b1010001101101101 #
0!
#52015
b1011111110101001 #
1!
#52020
b1001110101101001 #
0!
#52025
b1011011111111000 #
1!
#52030
b1111010010010111 #
0!
#52035
b1110010001011000 #
1!
#52040
b10001001000100 #
0!
#52045
b1110000100010110 #
1!
#52050
b1111011010000111 #
0!
#52055
b1110111101100011 #
1!
#52060
b1111111100111000 #
0!
#52065
b1101101111110100 #
1!
#52070
b1110000000001011 #
0!
#52075
b1110010100110101 #
1!
#52080
b1100100100001010 #
0!
#52085
b1001001001111001 #
1!
#52090
b1011001110111010 #
0!
#52095
b1001100001001100 #
1!
#52100
b1101111100100100 #
0!
#52105
b1011001100000110 #
1!
#52110
b10010111101010 #
0!
#52115
b1001000011000010 #
1!
#52120
b101110001001110 #
0!
#52125
b1010100010000110 #
1!
#52130
b1011010001110001 #
0!
#52135
b1110101010011 #
1!
#52140
b1110111110111 #
0!
#52145
b1001111101010001 #
1!
#52150
b1001111110101010 #
0!
#52155
b100100011110101 #
1!
#52160
b1011111001001111 #
0!
#52165
b1000000110110000 #
1!
#52170
b1101111110110110 #
0!
#52175
b1101111110001000 #
1!
#52180
b1001110011110001 #
0!
#52185
b1111110001110010 #
1!
#52190
b11000001101111 #
0!
#52195
b110101111010100 #
1!
#52200
b1101000100111101 #
0!
#52205
b111110101000110 #
1!
#52210
b111000001001 #
0!
#52215
b11100001001100 #
1!
#52220
b11100100111100 #
0!
#52225
b10111001011110 #
1!
#52230
b1011100111010100 #
0!
#52235
b101011111001110 #
1!
#52240
b111001100011110 #
0!
#52245
b1111101000000101 #
1!
#52250
b10011000011011 #
0!
#52255
b1000111011011100 #
1!
#52260
b1101011100111000 #
0!
#52265
b1001001010101000 #
1!
#52270
b1100110010100 #
0!
#52275
b110111101111000 #
1!
#52280
b1000001110001001 #
0!
#52285
b101110100001101 #
1!
#52290
b11001100000 #
0!
#52295
b100000100111001 #
1!
#52300
b101000110101100 #
0!
#52305
b1000100000100010 #
1!
#52310
b10111000001011 #
0!
#52315
b1000010100100 #
1!
#52320
b1110000101000111 #
0!
#52325
b1100110011 #
1!
#52330
b1000110110001001 #
0!
#52335
b1010110001110101 #
1!
#52340
b1000110011010011 #
0!
#52345
b111001011100000 #
1!
#52350
b1101101110100100 #
0!
#52355
b1001111011011111 #
1!
#52360
b110111111010010 #
0!
#52365
b100100010110010 #
1!
#52370
b1001100111011001 #
0!
#52375
b11010001100001 #
1!
#52380
b110010101001100 #
0!
#52385
b1011000010011100 #
1!
#52390
b1111111100011010 #
0!
#52395
b111100101001100 #
1!
#52400
b110010110010 #
0!
#52405
b1001010101000100 #
1!
#52410
b110101100001 #
0!
#52415
b11011010010000 #
1!
#52420
b1011111011101010 #
0!
#52425
b1010000101111000 #
1!
#52430
b111101010100100 #
0!
#52435
b1111110111011111 #
1!
#52440
b1001100010111110 #
0!
#52445
b100000010001111 #
1!
#52450
b1100011100001110 #
0!
#52455
b1010011001011 #
1!
#52460
b111010101100000 #
0!
#52465
b1010001100100011 #
1!
#52470
b10110111111001 #
0!
#52475
b1000101111110100 #
1!
#52480
b1111001100111100 #
0!
#52485
b1011001011111000 #
1!
#52490
b1010100010101001 #
0!
#52495
b10110011010101 #
1!
#52500
b110110011010100 #
0!
#52505
b1100001011010 #
1!
#52510
b1111011100110111 #
0!
#52515
b1000010001010001 #
1!
#52520
b1111110011011100 #
0!
#52525
b100011011011101 #
1!
#52530
b1001000110101000 #
0!
#52535
b1110000110011010 #
1!
#52540
b1000000001001011 #
0!
#52545
b110001011001011 #
1!
#52550
b1011011010101011 #
0!
#52555
b100100001111100 #
1!
#52560
b1001010010011100 #
0!
#52565
b101110000011110 #
1!
#52570
b110000011101010 #
0!
#52575
b1000111110111001 #
1!
#52580
b1001011111111001 #
0!
#52585
b1101111101011000 #
1!
#52590
b100110101111000 #
0!
#52595
b11100101111000 #
1!
#52600
b1001110010000011 #
0!
#52605
b101011000011000 #
1!
#52610
b1111100101001000 #
0!
#52615
b1001011101101111 #
1!
#52620
b1000100101110000 #
0!
#52625
b1110111010111101 #
1!
#52630
b1001110100011111 #
0!
#52635
b1011010111011101 #
1!
#52640
b1111010001000001 #
0!
#52645
b1001001111110110 #
1!
#52650
b11010100010000 #
0!
#52655
b101110111100010 #
1!
#52660
b11110110110000 #
0!
#52665
b1111000010001111 #
1!
#52670
b1000000111100010 #
0!
#52675
b1101101011001 #
1!
#52680
b111101110101111 #
0!
#52685
b111001101011111 #
1!
#52690
b1111101001011110 #
0!
#52695
b11101111001001 #
1!
#52700
b1000110100010011 #
0!
#52705
b100010010100000 #
1!
#52710
b1101110000001111 #
0!
#52715
b1100101110000011 #
1!
#52720
b111100101111 #
0!
#52725
b101010110010010 #
1!
#52730
b10011001001101 #
0!
#52735
b1001010101111111 #
1!
#52740
b101110100011111 #
0!
#52745
b100110011000100 #
1!
#52750
b1001000000100110 #
0!
#52755
b10011000011111 #
1!
#52760
b1001001111100111 #
0!
#52765
b1001101011010001 #
1!
#52770
b1001100100010001 #
0!
#52775
b1100101001100100 #
1!
#52780
b1000110000110100 #
0!
#52785
b110100011110001 #
1!
#52790
b111101111100000 #
0!
#52795
b1000110010110001 #
1!
#52800
b1110011111100100 #
0!
#52805
b1010001000110111 #
1!
#52810
b11001011110010 #
0!
#52815
b11101110110000 #
1!
#52820
b1111101100011011 #
0!
#52825
b1111011111000110 #
1!
#52830
b111110000010110 #
0!
#52835
b101111101111100 #
1!
#52840
b1110100000010110 #
0!
#52845
b1100111111101101 #
1!
#52850
b1101001000011011 #
0!
#52855
b100011010011001 #
1!
#52860
b1000100001110101 #
0!
#52865
b101011101101001 #
1!
#52870
b111010110000101 #
0!
#52875
b1111110111011101 #
1!
#52880
b111100000110011 #
0!
#52885
b111110110111001 #
1!
#52890
b101101101010111 #
0!
#52895
b100110111100000 #
1!
#52900
b1010000001010 #
0!
#52905
b1110101011001110 #
1!
#52910
b100001001111011 #
0!
#52915
b1100010000000110 #
1!
#52920
b111100001110001 #
0!
#52925
b111111110110 #
1!
#52930
b1010100110101000 #
0!
#52935
b1010111010111110 #
1!
#52940
b1000000111110111 #
0!
#52945
b1001101011001 #
1!
#52950
b1100100101011001 #
0!
#52955
b1011000010110 #
1!
#52960
b1100100100101001 #
0!
#52965
b1110001011100000 #
1!
#52970
b1001111010111000 #
0!
#52975
b1100101100101011 #
1!
#52980
b1010101111000000 #
0!
#52985
b10110011011110 #
1!
#52990
b1110011111111100 #
0!
#52995
b101010010011010 #
1!
#53000
b100011001010100 #
0!
#53005
b101101001001111 #
1!
#53010
b1110000111000 #
0!
#53015
b1110001010 #
1!
#53020
b111010100111100 #
0!
#53025
b1001101000001011 #
1!
#53030
b111101000000101 #
0!
#53035
b1101111001011111 #
1!
#53040
b1101001011101001 #
0!
#53045
b1101010111000100 #
1!
#53050
b1111111000010001 #
0!
#53055
b1011010110110110 #
1!
#53060
b1011110101100011 #
0!
#53065
b1011101100100010 #
1!
#53070
b110011111111100 #
0!
#53075
b1000110111000 #
1!
#53080
b100111000100001 #
0!
#53085
b1011001011011110 #
1!
#53090
b10101101111111 #
0!
#53095
b100000101101100 #
1!
#53100
b110010100000010 #
0!
#53105
b1110110100100100 #
1!
#53110
b1000100101011100 #
0!
#53115
b101000100010000 #
1!
#53120
b1001101010001110 #
0!
#53125
b101001000101110 #
1!
#53130
b111110100000101 #
0!
#53135
b101000010110 #
1!
#53140
b100101101000101 #
0!
#53145
b1001001101001111 #
1!
#53150
b1100000101110111 #
0!
#53155
b1111101011101001 #
1!
#53160
b1001010100100011 #
0!
#53165
b1011001101000 #
1!
#53170
b1101010101000101 #
0!
#53175
b110110111110110 #
1!
#53180
b101000000101001 #
0!
#53185
b110100000011 #
1!
#53190
b1111001100111110 #
0!
#53195
b110111100110110 #
1!
#53200
b1110000001011 #
0!
#53205
b101111111111001 #
1!
#53210
b1010010111000 #
0!
#53215
b1100101010101111 #
1!
#53220
b101010011001001 #
0!
#53225
b1011100000000011 #
1!
#53230
b1111100111100111 #
0!
#53235
b111000011000 #
1!
#53240
b1010101101100 #
0!
#53245
b1000011011110111 #
1!
#53250
b1101001000100 #
0!
#53255
b1000010100110011 #
1!
#53260
b11100110010000 #
0!
#53265
b1111011100011101 #
1!
#53270
b1011011001110101 #
0!
#53275
b11101111110101 #
1!
#53280
b101110000001000 #
0!
#53285
b1111010101110011 #
1!
#53290
b1100100010110011 #
0!
#53295
b1111100100001111 #
1!
#53300
b1101101001000100 #
0!
#53305
b10100100100111 #
1!
#53310
b110000011111 #
0!
#53315
b100111011111000 #
1!
#53320
b1101001110110111 #
0!
#53325
b1000110011 #
1!
#53330
b1111110100001010 #
0!
#53335
b1000100100001111 #
1!
#53340
b1110111110110 #
0!
#53345
b1010111001100101 #
1!
#53350
b1101100110010111 #
0!
#53355
b1011000111100110 #
1!
#53360
b101011111001000 #
0!
#53365
b1011110111010 #
1!
#53370
b1001100111000010 #
0!
#53375
b1001001101010011 #
1!
#53380
b1101110011010110 #
0!
#53385
b1110011001001101 #
1!
#53390
b1111110100110001 #
0!
#53395
b1011110001100000 #
1!
#53400
b1100101101000011 #
0!
#53405
b1000110111000111 #
1!
#53410
b111110011011010 #
0!
#53415
b111100010110001 #
1!
#53420
b1111110111011001 #
0!
#53425
b11000110100101 #
1!
#53430
b101011111100111 #
0!
#53435
b1101001001110111 #
1!
#53440
b111100000011 #
0!
#53445
b1100010100011110 #
1!
#53450
b1000011011010100 #
0!
#53455
b1001100110000111 #
1!
#53460
b101101001010001 #
0!
#53465
b1111000100001110 #
1!
#53470
b1100011101000110 #
0!
#53475
b101010110101101 #
1!
#53480
b110111010 #
0!
#53485
b10000111000000 #
1!
#53490
b1001011010001001 #
0!
#53495
b101010111011111 #
1!
#53500
b1101100101010110 #
0!
#53505
b1000000111100001 #
1!
#53510
b10111000110001 #
0!
#53515
b1010001101001100 #
1!
#53520
b1000000111001010 #
0!
#53525
b1111111101111111 #
1!
#53530
b1000111111011110 #
0!
#53535
b101100000010 #
1!
#53540
b101010100011000 #
0!
#53545
b100010101110001 #
1!
#53550
b110111010000111 #
0!
#53555
b1101000100011 #
1!
#53560
b111000100001100 #
0!
#53565
b1100000011101101 #
1!
#53570
b100110101011111 #
0!
#53575
b1110001011100 #
1!
#53580
b1011000000001010 #
0!
#53585
b1001110010110101 #
1!
#53590
b110010110101110 #
0!
#53595
b1110110011111 #
1!
#53600
b1011000001100101 #
0!
#53605
b1100010010110001 #
1!
#53610
b1011001010110100 #
0!
#53615
b1110100111001010 #
1!
#53620
b1100101111111001 #
0!
#53625
b1110011001000011 #
1!
#53630
b1111001111110110 #
0!
#53635
b101001001000 #
1!
#53640
b1111101010000 #
0!
#53645
b110110100111100 #
1!
#53650
b1001111111111001 #
0!
#53655
b1100111101000111 #
1!
#53660
b1000010011110010 #
0!
#53665
b1000001010111001 #
1!
#53670
b1111011011100010 #
0!
#53675
b100001110011101 #
1!
#53680
b1001101100110011 #
0!
#53685
b1011011011000 #
1!
#53690
b1111001111110010 #
0!
#53695
b11001111110011 #
1!
#53700
b1011110000010111 #
0!
#53705
b1101001101111100 #
1!
#53710
b101000001010000 #
0!
#53715
b10011101001100 #
1!
#53720
b11010100101 #
0!
#53725
b10010000011110 #
1!
#53730
b1000111100100110 #
0!
#53735
b110111010000000 #
1!
#53740
b101010001001010 #
0!
#53745
b11011111011110 #
1!
#53750
b1110010001111101 #
0!
#53755
b1011111001101 #
1!
#53760
b100001010001010 #
0!
#53765
b1111010011001001 #
1!
#53770
b100111111010100 #
0!
#53775
b1110011011111101 #
1!
#53780
b10101011000000 #
0!
#53785
b110010011110 #
1!
#53790
b1000110011101111 #
0!
#53795
b111000001100000 #
1!
#53800
b10110100010011 #
0!
#53805
b1110100011100111 #
1!
#53810
b1100011001011 #
0!
#53815
b1111101000000010 #
1!
#53820
b10000101101101 #
0!
#53825
b1011010111001101 #
1!
#53830
b10110000111010 #
0!
#53835
b1001010001100110 #
1!
#53840
b1010010010011010 #
0!
#53845
b101111001101100 #
1!
#53850
b1100100100011101 #
0!
#53855
b100100110111 #
1!
#53860
b1010101010100 #
0!
#53865
b1001001100010001 #
1!
#53870
b1010010010101000 #
0!
#53875
b1110010000011101 #
1!
#53880
b1000110001100111 #
0!
#53885
b1011100100101001 #
1!
#53890
b11111010111101 #
0!
#53895
b111001101000101 #
1!
#53900
b1110100010110110 #
0!
#53905
b1001001 #
1!
#53910
b1101001111000000 #
0!
#53915
b1011111010111001 #
1!
#53920
b1100001101001000 #
0!
#53925
b101010100011010 #
1!
#53930
b101110111110000 #
0!
#53935
b1001011100011100 #
1!
#53940
b111101100100001 #
0!
#53945
b110001010001100 #
1!
#53950
b1001100010101100 #
0!
#53955
b1000010111100001 #
1!
#53960
b10100000010110 #
0!
#53965
b1001010100011100 #
1!
#53970
b110100111 #
0!
#53975
b1101011010100000 #
1!
#53980
b1010110101011111 #
0!
#53985
b1100110010000 #
1!
#53990
b1101010110000001 #
0!
#53995
b1001011010001011 #
1!
#54000
b1001111000010001 #
0!
#54005
b1101011111111101 #
1!
#54010
b110010110101 #
0!
#54015
b1001000010110101 #
1!
#54020
b101110101000110 #
0!
#54025
b1000000101101011 #
1!
#54030
b110011101100101 #
0!
#54035
b101001100110001 #
1!
#54040
b1100011111 #
0!
#54045
b111110111110101 #
1!
#54050
b101111111100111 #
0!
#54055
b10011010100111 #
1!
#54060
b110110101100011 #
0!
#54065
b1111101010111000 #
1!
#54070
b11000110011010 #
0!
#54075
b1100101110101 #
1!
#54080
b11010111101011 #
0!
#54085
b1110011001110001 #
1!
#54090
b1101100011111001 #
0!
#54095
b1111011011111001 #
1!
#54100
b1011101010010000 #
0!
#54105
b1110100100010110 #
1!
#54110
b1001101011101 #
0!
#54115
b100101100010101 #
1!
#54120
b1011111100101 #
0!
#54125
b111000001001101 #
1!
#54130
b101101001101110 #
0!
#54135
b110000110001011 #
1!
#54140
b10100101011100 #
0!
#54145
b1010101000010000 #
1!
#54150
b1110101010110101 #
0!
#54155
b100011001001000 #
1!
#54160
b1000100100100001 #
0!
#54165
b1000000001100011 #
1!
#54170
b1100001001001001 #
0!
#54175
b1100100100101100 #
1!
#54180
b1001010101011101 #
0!
#54185
b1001111001011101 #
1!
#54190
b1001101000010101 #
0!
#54195
b110111101111011 #
1!
#54200
b110100000010101 #
0!
#54205
b111000001111110 #
1!
#54210
b1111000110100001 #
0!
#54215
b1000100001111100 #
1!
#54220
b1110000001100001 #
0!
#54225
b10010110000011 #
1!
#54230
b11100110 #
0!
#54235
b10001001101001 #
1!
#54240
b1001011100111000 #
0!
#54245
b1010011010110001 #
1!
#54250
b1100011100011001 #
0!
#54255
b10001000000 #
1!
#54260
b1110101101111001 #
0!
#54265
b1001111111011011 #
1!
#54270
b1111110011101100 #
0!
#54275
b1100000010011000 #
1!
#54280
b1111010010000010 #
0!
#54285
b111111100000100 #
1!
#54290
b10001000111001 #
0!
#54295
b1001110100000110 #
1!
#54300
b1001010111101100 #
0!
#54305
b110110011110011 #
1!
#54310
b111001010001110 #
0!
#54315
b1010100100110011 #
1!
#54320
b110001011001010 #
0!
#54325
b101100110001101 #
1!
#54330
b1110011110011111 #
0!
#54335
b1010111000110100 #
1!
#54340
b1011110000000010 #
0!
#54345
b1110110001010011 #
1!
#54350
b11110111111101 #
0!
#54355
b11110001000101 #
1!
#54360
b1011111100000111 #
0!
#54365
b1001011011011100 #
1!
#54370
b1111000000100000 #
0!
#54375
b1001110001110011 #
1!
#54380
b100010110110101 #
0!
#54385
b1000000010011100 #
1!
#54390
b11111100111001 #
0!
#54395
b1101101101010110 #
1!
#54400
b1110100101101100 #
0!
#54405
b1001011011010111 #
1!
#54410
b10001010110100 #
0!
#54415
b1100010101110110 #
1!
#54420
b101101000001 #
0!
#54425
b1000011100010010 #
1!
#54430
b101100011111011 #
0!
#54435
b1110010101100010 #
1!
#54440
b1100001001101000 #
0!
#54445
b1011101111100100 #
1!
#54450
b101110101010111 #
0!
#54455
b1000100100101010 #
1!
#54460
b1111000110010010 #
0!
#54465
b101111101110101 #
1!
#54470
b110100001111100 #
0!
#54475
b1011101000111000 #
1!
#54480
b10110110000110 #
0!
#54485
b110000010000011 #
1!
#54490
b111101010110110 #
0!
#54495
b100011000111110 #
1!
#54500
b1101010010010011 #
0!
#54505
b110101001001111 #
1!
#54510
b101000000011001 #
0!
#54515
b1011101100110011 #
1!
#54520
b10000101101 #
0!
#54525
b1110101100111101 #
1!
#54530
b110001011001111 #
0!
#54535
b110000000010000 #
1!
#54540
b1001100101011100 #
0!
#54545
b101110001101 #
1!
#54550
b1110111011011100 #
0!
#54555
b100010101010101 #
1!
#54560
b10101000111100 #
0!
#54565
b1011011011110111 #
1!
#54570
b1111000001100100 #
0!
#54575
b11010111110101 #
1!
#54580
b1101001000011 #
0!
#54585
b1001110110001010 #
1!
#54590
b10001011100011 #
0!
#54595
b1011101011000010 #
1!
#54600
b1000000010001010 #
0!
#54605
b10011110100111 #
1!
#54610
b10101010001 #
0!
#54615
b10010111101000 #
1!
#54620
b11110011001001 #
0!
#54625
b1000000001101100 #
1!
#54630
b1100111010100111 #
0!
#54635
b111101110011100 #
1!
#54640
b1110011101000110 #
0!
#54645
b1001100101100111 #
1!
#54650
b1000000111000011 #
0!
#54655
b1000111010010000 #
1!
#54660
b1101110101101010 #
0!
#54665
b1100111101100 #
1!
#54670
b1101001100100001 #
0!
#54675
b1110011000111110 #
1!
#54680
b11101000110110 #
0!
#54685
b110111111100110 #
1!
#54690
b100001001010100 #
0!
#54695
b1101001010110001 #
1!
#54700
b1101101101001110 #
0!
#54705
b1100010101110101 #
1!
#54710
b110011010101 #
0!
#54715
b101111011010101 #
1!
#54720
b101110011010101 #
0!
#54725
b11000111100 #
1!
#54730
b10110011111011 #
0!
#54735
b101010111110010 #
1!
#54740
b1101111010011 #
0!
#54745
b1110001010101010 #
1!
#54750
b101111110110110 #
0!
#54755
b100000001011110 #
1!
#54760
b10111001010011 #
0!
#54765
b1100001100011110 #
1!
#54770
b1110011100111 #
0!
#54775
b110111100001010 #
1!
#54780
b111011000000001 #
0!
#54785
b1101010001000101 #
1!
#54790
b1010011111101100 #
0!
#54795
b1110110011111100 #
1!
#54800
b1001000101110010 #
0!
#54805
b101110000 #
1!
#54810
b1111010100110110 #
0!
#54815
b1000010101001011 #
1!
#54820
b1101010111010110 #
0!
#54825
b1111100101011111 #
1!
#54830
b1100011110000000 #
0!
#54835
b1100010110111010 #
1!
#54840
b110000001001000 #
0!
#54845
b10001100110110 #
1!
#54850
b1001010010001011 #
0!
#54855
b1111011110001101 #
1!
#54860
b111101110111 #
0!
#54865
b1010111100001111 #
1!
#54870
b1001110011011110 #
0!
#54875
b10011110100001 #
1!
#54880
b111111111011100 #
0!
#54885
b1000100011101100 #
1!
#54890
b1101101110000100 #
0!
#54895
b10001001111000 #
1!
#54900
b101000111101 #
0!
#54905
b101100001110001 #
1!
#54910
b100000111100 #
0!
#54915
b111010000110100 #
1!
#54920
b1100110110100110 #
0!
#54925
b1000111100110101 #
1!
#54930
b1010011000010011 #
0!
#54935
b110101000110010 #
1!
#54940
b1010001110100101 #
0!
#54945
b101011100000100 #
1!
#54950
b1110110111100101 #
0!
#54955
b111101001100 #
1!
#54960
b10101011101100 #
0!
#54965
b1001101011101110 #
1!
#54970
b1101101110110101 #
0!
#54975
b10110101100101 #
1!
#54980
b1011110000011111 #
0!
#54985
b11101110001 #
1!
#54990
b10100101011110 #
0!
#54995
b101001001010001 #
1!
#55000
b111011000000011 #
0!
#55005
b11110100100 #
1!
#55010
b101010010001000 #
0!
#55015
b1100101110110000 #
1!
#55020
b11001110111110 #
0!
#55025
b1100100010101100 #
1!
#55030
b1001101101101010 #
0!
#55035
b1010000011011000 #
1!
#55040
b1001000101101111 #
0!
#55045
b11100001100011 #
1!
#55050
b1111011101000000 #
0!
#55055
b1010001101101011 #
1!
#55060
b1110101011000101 #
0!
#55065
b1111111101110111 #
1!
#55070
b10010011110111 #
0!
#55075
b101101010011100 #
1!
#55080
b101101011011110 #
0!
#55085
b1000110011101101 #
1!
#55090
b1001111000000100 #
0!
#55095
b1011011011001 #
1!
#55100
b1011111000010110 #
0!
#55105
b100001001000 #
1!
#55110
b1010010011100000 #
0!
#55115
b1101111011011001 #
1!
#55120
b1011001000001100 #
0!
#55125
b110001101001010 #
1!
#55130
b10111000011110 #
0!
#55135
b1000010010110000 #
1!
#55140
b1001010110000101 #
0!
#55145
b100010110000111 #
1!
#55150
b1111101010010110 #
0!
#55155
b1000111100000110 #
1!
#55160
b111101101111101 #
0!
#55165
b1110110111100 #
1!
#55170
b1000011010010111 #
0!
#55175
b100110000000000 #
1!
#55180
b100011000000001 #
0!
#55185
b1010000110100 #
1!
#55190
b101110100110 #
0!
#55195
b1100101011110100 #
1!
#55200
b1001001100100000 #
0!
#55205
b1100100010100 #
1!
#55210
b1000001110101100 #
0!
#55215
b1101001110000111 #
1!
#55220
b1011101110100110 #
0!
#55225
b1101011011101100 #
1!
#55230
b1010111000100010 #
0!
#55235
b1111000001000101 #
1!
#55240
b1101100011001110 #
0!
#55245
b1011100101100000 #
1!
#55250
b100100100011 #
0!
#55255
b111000001010010 #
1!
#55260
b1100101110101111 #
0!
#55265
b1110101101000101 #
1!
#55270
b1100101111100101 #
0!
#55275
b110000101000111 #
1!
#55280
b10110010100011 #
0!
#55285
b101101100000011 #
1!
#55290
b1111010110001000 #
0!
#55295
b1000101111010001 #
1!
#55300
b101101001000000 #
0!
#55305
b1011001110011011 #
1!
#55310
b11111010111111 #
0!
#55315
b111110100110100 #
1!
#55320
b111000101000101 #
0!
#55325
b110000000100111 #
1!
#55330
b10011000111110 #
0!
#55335
b1000000100111100 #
1!
#55340
b100101000010101 #
0!
#55345
b1000111100101010 #
1!
#55350
b1110100101110100 #
0!
#55355
b1010001111000101 #
1!
#55360
b1000010111111111 #
0!
#55365
b10100010001100 #
1!
#55370
b1000000001111000 #
0!
#55375
b1011000001011110 #
1!
#55380
b111100000010110 #
0!
#55385
b1101110010010101 #
1!
#55390
b1010101110101100 #
0!
#55395
b11010000110100 #
1!
#55400
b100011011000000 #
0!
#55405
b1010111000001 #
1!
#55410
b1110000100010001 #
0!
#55415
b111110111000110 #
1!
#55420
b1100011011000010 #
0!
#55425
b1111110011001001 #
1!
#55430
b110001010110100 #
0!
#55435
b1001001110010100 #
1!
#55440
b1001011111111010 #
0!
#55445
b1000001110110011 #
1!
#55450
b10100101000001 #
0!
#55455
b100001001001010 #
1!
#55460
b1001101111111 #
0!
#55465
b101000001000001 #
1!
#55470
b1111000100100101 #
0!
#55475
b1101010001100 #
1!
#55480
b101011001100011 #
0!
#55485
b1101010110100001 #
1!
#55490
b11011000111000 #
0!
#55495
b110010111111000 #
1!
#55500
b11111111001001 #
0!
#55505
b11100010100101 #
1!
#55510
b11011101110000 #
0!
#55515
b10110001110011 #
1!
#55520
b110011010010000 #
0!
#55525
b110100101101111 #
1!
#55530
b1110110110001111 #
0!
#55535
b100000001011110 #
1!
#55540
b10100000111111 #
0!
#55545
b1001011010010 #
1!
#55550
b1010101000000 #
0!
#55555
b10101111001001 #
1!
#55560
b1010010001111000 #
0!
#55565
b1010000101011010 #
1!
#55570
b10101010100101 #
0!
#55575
b11100000110111 #
1!
#55580
b1011001110011000 #
0!
#55585
b100000100111001 #
1!
#55590
b110100111000011 #
0!
#55595
b111010000010100 #
1!
#55600
b1111000011010011 #
0!
#55605
b1101101000001000 #
1!
#55610
b1100110011010000 #
0!
#55615
b1010101001110010 #
1!
#55620
b1011101101101011 #
0!
#55625
b10000010100100 #
1!
#55630
b1010011001111 #
0!
#55635
b110011100011011 #
1!
#55640
b10110001010100 #
0!
#55645
b111100100000001 #
1!
#55650
b1011100001111010 #
0!
#55655
b1111011010100011 #
1!
#55660
b10001011100010 #
0!
#55665
b1001101011000 #
1!
#55670
b1111011011101110 #
0!
#55675
b110011110000000 #
1!
#55680
b11100011001111 #
0!
#55685
b1101100101111001 #
1!
#55690
b1100101100010101 #
0!
#55695
b1000000011001010 #
1!
#55700
b1100100101000111 #
0!
#55705
b111100010011011 #
1!
#55710
b1110111000111111 #
0!
#55715
b1101000010111010 #
1!
#55720
b1111001000110001 #
0!
#55725
b101110110001100 #
1!
#55730
b1110001111110000 #
0!
#55735
b1010001001111101 #
1!
#55740
b1000111001110100 #
0!
#55745
b1011001010010001 #
1!
#55750
b1110000001000010 #
0!
#55755
b10001110100 #
1!
#55760
b11101101100110 #
0!
#55765
b110010111001100 #
1!
#55770
b1110001111110010 #
0!
#55775
b1100000101111000 #
1!
#55780
b101001100100100 #
0!
#55785
b1111010000110 #
1!
#55790
b1010011001111010 #
0!
#55795
b110010101000010 #
1!
#55800
b1111001100010001 #
0!
#55805
b100110100110101 #
1!
#55810
b1010100000110000 #
0!
#55815
b11101110000010 #
1!
#55820
b1111011100011110 #
0!
#55825
b1110110001100 #
1!
#55830
b10010111111001 #
0!
#55835
b101000011000011 #
1!
#55840
b1111101000110001 #
0!
#55845
b111101101111111 #
1!
#55850
b1011101100010 #
0!
#55855
b110111110111100 #
1!
#55860
b101100101000111 #
0!
#55865
b111101111110 #
1!
#55870
b11101111000011 #
0!
#55875
b10010100010110 #
1!
#55880
b11000010011101 #
0!
#55885
b100100111010011 #
1!
#55890
b101000111011 #
0!
#55895
b1011111101001100 #
1!
#55900
b101101110001111 #
0!
#55905
b101010001101000 #
1!
#55910
b1100011000011001 #
0!
#55915
b100011110111000 #
1!
#55920
b111010101100011 #
0!
#55925
b1110111011111 #
1!
#55930
b110011010100000 #
0!
#55935
b1000100101100100 #
1!
#55940
b1101101011000010 #
0!
#55945
b100110001000100 #
1!
#55950
b1010101010011011 #
0!
#55955
b1001110111101 #
1!
#55960
b1010100100001000 #
0!
#55965
b101001101000011 #
1!
#55970
b101111000000 #
0!
#55975
b10111010110011 #
1!
#55980
b1011101000110100 #
0!
#55985
b101011100100001 #
1!
#55990
b1100010101010011 #
0!
#55995
b1110100101101111 #
1!
#56000
b1010110110100100 #
0!
#56005
b100101101101100 #
1!
#56010
b1101010100001010 #
0!
#56015
b111000101010 #
1!
#56020
b1101100101010110 #
0!
#56025
b1101011110100100 #
1!
#56030
b1111010010011101 #
0!
#56035
b10101101000100 #
1!
#56040
b101111011101000 #
0!
#56045
b110011111000001 #
1!
#56050
b1010010000000101 #
0!
#56055
b1000101100101100 #
1!
#56060
b1011100011100 #
0!
#56065
b10011111101010 #
1!
#56070
b1110111100110 #
0!
#56075
b11100000111101 #
1!
#56080
b1001111111110101 #
0!
#56085
b10000111000 #
1!
#56090
b101110100000110 #
0!
#56095
b100010110 #
1!
#56100
b101001101010100 #
0!
#56105
b1010101011010001 #
1!
#56110
b1110101011111 #
0!
#56115
b111000110011110 #
1!
#56120
b100111100011111 #
0!
#56125
b1000011001001010 #
1!
#56130
b1101101011000100 #
0!
#56135
b1101001000101011 #
1!
#56140
b110111111010010 #
0!
#56145
b1100001110010001 #
1!
#56150
b1101001001111010 #
0!
#56155
b11001000001011 #
1!
#56160
b100111110001101 #
0!
#56165
b100101001000101 #
1!
#56170
b11011000 #
0!
#56175
b101111111011111 #
1!
#56180
b100100101111101 #
0!
#56185
b1100110111001010 #
1!
#56190
b10000101010101 #
0!
#56195
b1110000000000010 #
1!
#56200
b111110010110101 #
0!
#56205
b1011001011111110 #
1!
#56210
b1010110100001001 #
0!
#56215
b10010000000 #
1!
#56220
b1100001101000011 #
0!
#56225
b10100111011101 #
1!
#56230
b1110010100000011 #
0!
#56235
b1101100110111000 #
1!
#56240
b1011100110111100 #
0!
#56245
b1110111101000 #
1!
#56250
b1100000110001011 #
0!
#56255
b10100001000110 #
1!
#56260
b1011101011100010 #
0!
#56265
b11100110110110 #
1!
#56270
b1111111010101101 #
0!
#56275
b111110001001111 #
1!
#56280
b1110010010110111 #
0!
#56285
b1110101101111111 #
1!
#56290
b1110000010011 #
0!
#56295
b10010110111001 #
1!
#56300
b1001110011100 #
0!
#56305
b101110111101110 #
1!
#56310
b101001110100000 #
0!
#56315
b10110001111000 #
1!
#56320
b1110000111001000 #
0!
#56325
b111101000100110 #
1!
#56330
b1001110111001101 #
0!
#56335
b101110101111110 #
1!
#56340
b1010100011000011 #
0!
#56345
b1111001101001000 #
1!
#56350
b1011101000101111 #
0!
#56355
b100011001100111 #
1!
#56360
b1000101000011101 #
0!
#56365
b10111101001111 #
1!
#56370
b10011000110101 #
0!
#56375
b11000110000001 #
1!
#56380
b101111000101000 #
0!
#56385
b101101010011101 #
1!
#56390
b1101101111101 #
0!
#56395
b10101100110101 #
1!
#56400
b1100001011010000 #
0!
#56405
b110010100010110 #
1!
#56410
b1001011011001110 #
0!
#56415
b1111111110000011 #
1!
#56420
b1001001101101 #
0!
#56425
b1111100100011001 #
1!
#56430
b101001000100001 #
0!
#56435
b11101110010100 #
1!
#56440
b110101110100110 #
0!
#56445
b111111000110010 #
1!
#56450
b1100110110110111 #
0!
#56455
b10100100000001 #
1!
#56460
b1010011100110010 #
0!
#56465
b10011011011111 #
1!
#56470
b100000110110000 #
0!
#56475
b1101010111101111 #
1!
#56480
b110000110101011 #
0!
#56485
b1101101001000011 #
1!
#56490
b1010101100100100 #
0!
#56495
b110010000010 #
1!
#56500
b1111100100100001 #
0!
#56505
b100100000001110 #
1!
#56510
b1100011100100011 #
0!
#56515
b101101111100010 #
1!
#56520
b1000011110110101 #
0!
#56525
b1101101010001101 #
1!
#56530
b111110110011 #
0!
#56535
b110001000001 #
1!
#56540
b1110101111100100 #
0!
#56545
b1011111000100000 #
1!
#56550
b1100001000011101 #
0!
#56555
b10110100011001 #
1!
#56560
b1011110011000100 #
0!
#56565
b1101110100000101 #
1!
#56570
b1101101110100101 #
0!
#56575
b1000011000110101 #
1!
#56580
b101101111101101 #
0!
#56585
b1110011110110100 #
1!
#56590
b1010100010001 #
0!
#56595
b1010100110000111 #
1!
#56600
b1110000000111010 #
0!
#56605
b100001111000111 #
1!
#56610
b1110110011110110 #
0!
#56615
b1101110110000010 #
1!
#56620
b10101000101000 #
0!
#56625
b10000010100111 #
1!
#56630
b1001111001001111 #
0!
#56635
b10111100000000 #
1!
#56640
b1101001000000001 #
0!
#56645
b110110011101000 #
1!
#56650
b10011001001111 #
0!
#56655
b110110101000001 #
1!
#56660
b11100110001101 #
0!
#56665
b1100111010100010 #
1!
#56670
b100000111100011 #
0!
#56675
b10000000111010 #
1!
#56680
b111010010001000 #
0!
#56685
b1011011010101001 #
1!
#56690
b110100011100010 #
0!
#56695
b1001011010101001 #
1!
#56700
b110011010001001 #
0!
#56705
b101000111110100 #
1!
#56710
b1101100001100001 #
0!
#56715
b1101110100100010 #
1!
#56720
b1010011010011111 #
0!
#56725
b1000011000001010 #
1!
#56730
b1001000100011111 #
0!
#56735
b1011111010011011 #
1!
#56740
b1001001001010000 #
0!
#56745
b10011011001 #
1!
#56750
b100100010001011 #
0!
#56755
b1100010010011010 #
1!
#56760
b100011100111011 #
0!
#56765
b11011110111101 #
1!
#56770
b111111001001100 #
0!
#56775
b11111010010010 #
1!
#56780
b1001111000001110 #
0!
#56785
b100101100011111 #
1!
#56790
b110111111010111 #
0!
#56795
b11100110010100 #
1!
#56800
b11010100010001 #
0!
#56805
b10110101111010 #
1!
#56810
b1010011111001 #
0!
#56815
b111101011100101 #
1!
#56820
b110100111110010 #
0!
#56825
b1000010000100100 #
1!
#56830
b10101111011000 #
0!
#56835
b1001011110001100 #
1!
#56840
b101001000010111 #
0!
#56845
b1100010110101111 #
1!
#56850
b11000001011100 #
0!
#56855
b1101001001111011 #
1!
#56860
b1101001000100001 #
0!
#56865
b1001100111100 #
1!
#56870
b110000010000010 #
0!
#56875
b11111001100011 #
1!
#56880
b1000000011100011 #
0!
#56885
b101111110010111 #
1!
#56890
b1011010010000011 #
0!
#56895
b1010010111001110 #
1!
#56900
b1011101110000000 #
0!
#56905
b101001001110101 #
1!
#56910
b1110101101010011 #
0!
#56915
b1001001110011001 #
1!
#56920
b1001110111101000 #
0!
#56925
b101110110101011 #
1!
#56930
b111111101101101 #
0!
#56935
b101001101011101 #
1!
#56940
b1001101001 #
0!
#56945
b1010011110111000 #
1!
#56950
b1010110101011100 #
0!
#56955
b1111000011101101 #
1!
#56960
b1000011010010111 #
0!
#56965
b1110001110101 #
1!
#56970
b111000100000101 #
0!
#56975
b11101101110011 #
1!
#56980
b1000100100110101 #
0!
#56985
b110110001001011 #
1!
#56990
b1000011000100011 #
0!
#56995
b1011101001010000 #
1!
#57000
b10000001011111 #
0!
#57005
b111000001 #
1!
#57010
b110101111110000 #
0!
#57015
b1011111101010001 #
1!
#57020
b10111010101110 #
0!
#57025
b10010110111 #
1!
#57030
b101011101101110 #
0!
#57035
b101000101001001 #
1!
#57040
b100101110001000 #
0!
#57045
b110011000110100 #
1!
#57050
b100100101001101 #
0!
#57055
b11110110111101 #
1!
#57060
b1101001001011100 #
0!
#57065
b1101000100001011 #
1!
#57070
b1111111111101000 #
0!
#57075
b1000110100110 #
1!
#57080
b1110001111110111 #
0!
#57085
b1011000100111111 #
1!
#57090
b1111000101000111 #
0!
#57095
b1011011101010 #
1!
#57100
b101011010110110 #
0!
#57105
b11000101111010 #
1!
#57110
b101110010101010 #
0!
#57115
b101101110100010 #
1!
#57120
b1100100111001000 #
0!
#57125
b11110101101100 #
1!
#57130
b11111010001100 #
0!
#57135
b1010101111000101 #
1!
#57140
b1001100100110000 #
0!
#57145
b1000001101100110 #
1!
#57150
b101000110011110 #
0!
#57155
b1001000101010101 #
1!
#57160
b1101111111010010 #
0!
#57165
b110110100011000 #
1!
#57170
b1001010101000 #
0!
#57175
b101101010011100 #
1!
#57180
b111101000101010 #
0!
#57185
b10011010111010 #
1!
#57190
b1011110011001101 #
0!
#57195
b1000110011000 #
1!
#57200
b10000000000 #
0!
#57205
b1001111110000001 #
1!
#57210
b100111100110110 #
0!
#57215
b1000010100101111 #
1!
#57220
b1101101010111100 #
0!
#57225
b111111110110101 #
1!
#57230
b1000000001111110 #
0!
#57235
b11110000111100 #
1!
#57240
b1100110011000 #
0!
#57245
b11010000111110 #
1!
#57250
b1101000111111100 #
0!
#57255
b1000100000010110 #
1!
#57260
b1001100001101101 #
0!
#57265
b1110101100001000 #
1!
#57270
b111101001000011 #
0!
#57275
b111010110100100 #
1!
#57280
b1111101101010001 #
0!
#57285
b1000110100001101 #
1!
#57290
b111101111100010 #
0!
#57295
b1100101110001111 #
1!
#57300
b1001100010111001 #
0!
#57305
b1100100001011100 #
1!
#57310
b1000110011011011 #
0!
#57315
b1011111000001 #
1!
#57320
b1000110101011010 #
0!
#57325
b100000000111 #
1!
#57330
b10101011000011 #
0!
#57335
b1010010110100111 #
1!
#57340
b1011010010000110 #
0!
#57345
b111101100110010 #
1!
#57350
b1001010011111111 #
0!
#57355
b1000001001101111 #
1!
#57360
b1010111100110100 #
0!
#57365
b11000110111 #
1!
#57370
b1100001000101011 #
0!
#57375
b111101111000101 #
1!
#57380
b1101001101110000 #
0!
#57385
b101111000100111 #
1!
#57390
b111010100000100 #
0!
#57395
b1101100101110 #
1!
#57400
b11111101110001 #
0!
#57405
b1110100010001000 #
1!
#57410
b10001011101011 #
0!
#57415
b1010110110011000 #
1!
#57420
b1100110011111010 #
0!
#57425
b1101010010011011 #
1!
#57430
b101101100011 #
0!
#57435
b11110000111100 #
1!
#57440
b1110101010111 #
0!
#57445
b111100011010 #
1!
#57450
b10100110010000 #
0!
#57455
b1001100101011110 #
1!
#57460
b1000100110011011 #
0!
#57465
b11111010101101 #
1!
#57470
b11011000100011 #
0!
#57475
b100101100010011 #
1!
#57480
b10101001011100 #
0!
#57485
b1101010011111000 #
1!
#57490
b1011010110111010 #
0!
#57495
b1010000110010010 #
1!
#57500
b1110000110101101 #
0!
#57505
b1111110110100011 #
1!
#57510
b1101101100011011 #
0!
#57515
b1010010001000001 #
1!
#57520
b100100110000100 #
0!
#57525
b1010000000100100 #
1!
#57530
b1010100001010011 #
0!
#57535
b10001111110110 #
1!
#57540
b1011101001000001 #
0!
#57545
b110110010101100 #
1!
#57550
b1101011100011110 #
0!
#57555
b1010100010100101 #
1!
#57560
b101010010100010 #
0!
#57565
b1100110000010001 #
1!
#57570
b1110001010100111 #
0!
#57575
b1000000111111100 #
1!
#57580
b1111000111000100 #
0!
#57585
b1110111000000011 #
1!
#57590
b100111111110 #
0!
#57595
b1011011000001010 #
1!
#57600
b10111101110111 #
0!
#57605
b1011111001110010 #
1!
#57610
b100010001011001 #
0!
#57615
b1100010010101 #
1!
#57620
b110100010011001 #
0!
#57625
b1110010001101111 #
1!
#57630
b101001101110111 #
0!
#57635
b11000100100001 #
1!
#57640
b1011100010110001 #
0!
#57645
b1101001001101101 #
1!
#57650
b1010110000111101 #
0!
#57655
b100110101011000 #
1!
#57660
b1111110110000010 #
0!
#57665
b1010111100101100 #
1!
#57670
b1001001011110000 #
0!
#57675
b111010011011010 #
1!
#57680
b1101000011001001 #
0!
#57685
b110100000110010 #
1!
#57690
b1111110000001100 #
0!
#57695
b111101100010001 #
1!
#57700
b1001001111101101 #
0!
#57705
b1010101000101000 #
1!
#57710
b1010100000101010 #
0!
#57715
b1110010100100110 #
1!
#57720
b101100011000001 #
0!
#57725
b1110001011101001 #
1!
#57730
b1010011111100 #
0!
#57735
b1110101000 #
1!
#57740
b10000101001 #
0!
#57745
b11101010101010 #
1!
#57750
b111100011000000 #
0!
#57755
b1110000100001000 #
1!
#57760
b11000011000110 #
0!
#57765
b1001111100000111 #
1!
#57770
b1101000100111000 #
0!
#57775
b100100101101111 #
1!
#57780
b11100101110001 #
0!
#57785
b1011110001010010 #
1!
#57790
b1101110010010001 #
0!
#57795
b1100011000011010 #
1!
#57800
b11011010101110 #
0!
#57805
b1111111100000001 #
1!
#57810
b1011000110101 #
0!
#57815
b1010011111001011 #
1!
#57820
b100111011100 #
0!
#57825
b1001000010000001 #
1!
#57830
b1011100100000111 #
0!
#57835
b1111011101100001 #
1!
#57840
b100101001010100 #
0!
#57845
b110000001100001 #
1!
#57850
b1100001111101101 #
0!
#57855
b1000000100111111 #
1!
#57860
b101100000101101 #
0!
#57865
b1100000010101 #
1!
#57870
b1110110100111110 #
0!
#57875
b1101001110001010 #
1!
#57880
b100111111011101 #
0!
#57885
b10011100110101 #
1!
#57890
b1011010011101111 #
0!
#57895
b11011011011011 #
1!
#57900
b100101111110 #
0!
#57905
b1011010110010000 #
1!
#57910
b101011100001011 #
0!
#57915
b1011100010000110 #
1!
#57920
b10001111010001 #
0!
#57925
b1010111111100101 #
1!
#57930
b1100111101011110 #
0!
#57935
b10011100000001 #
1!
#57940
b1111011011010101 #
0!
#57945
b1100001110011110 #
1!
#57950
b1101100011100001 #
0!
#57955
b101010000110 #
1!
#57960
b1010010100011100 #
0!
#57965
b101101101100101 #
1!
#57970
b1110111011000011 #
0!
#57975
b1011001110010011 #
1!
#57980
b10010001111 #
0!
#57985
b1010001111110000 #
1!
#57990
b101000010011101 #
0!
#57995
b10100001010001 #
1!
#58000
b1011010011101111 #
0!
#58005
b1000100111001001 #
1!
#58010
b1111011011000100 #
0!
#58015
b11100101111111 #
1!
#58020
b1000110110000 #
0!
#58025
b1011011010000110 #
1!
#58030
b1001111100100110 #
0!
#58035
b111000100000100 #
1!
#58040
b11010001111110 #
0!
#58045
b1001101100110100 #
1!
#58050
b1100010010111101 #
0!
#58055
b1101110101001 #
1!
#58060
b1111110100010010 #
0!
#58065
b101111101010000 #
1!
#58070
b1010010011111011 #
0!
#58075
b100001100101101 #
1!
#58080
b10010011100 #
0!
#58085
b1110111100110010 #
1!
#58090
b11101000110111 #
0!
#58095
b1011011100110101 #
1!
#58100
b1010011001110010 #
0!
#58105
b1111100000110000 #
1!
#58110
b100001110010011 #
0!
#58115
b101000010 #
1!
#58120
b1100111111 #
0!
#58125
b1110011001100101 #
1!
#58130
b11100000111110 #
0!
#58135
b110111100110011 #
1!
#58140
b1111000101100101 #
0!
#58145
b1110011101011101 #
1!
#58150
b101011110101011 #
0!
#58155
b101101111110 #
1!
#58160
b111011011010 #
0!
#58165
b1110000010011010 #
1!
#58170
b1001101110010111 #
0!
#58175
b1010000110101001 #
1!
#58180
b1011100000100000 #
0!
#58185
b1000011000101000 #
1!
#58190
b1100001001101001 #
0!
#58195
b1011110100011111 #
1!
#58200
b101110100010 #
0!
#58205
b11111100111100 #
1!
#58210
b100011111011010 #
0!
#58215
b1010110000000001 #
1!
#58220
b1110000000101010 #
0!
#58225
b11100000011011 #
1!
#58230
b110010101100011 #
0!
#58235
b111110011111101 #
1!
#58240
b1101011010100101 #
0!
#58245
b101111000101001 #
1!
#58250
b1100101100101 #
0!
#58255
b1111011011010000 #
1!
#58260
b100011011101100 #
0!
#58265
b101111010000001 #
1!
#58270
b1110110000111 #
0!
#58275
b1010011110000101 #
1!
#58280
b101000011010001 #
0!
#58285
b1010001011100001 #
1!
#58290
b1111000000111000 #
0!
#58295
b1101100100000100 #
1!
#58300
b1100110000011111 #
0!
#58305
b101100001000111 #
1!
#58310
b1100111011100001 #
0!
#58315
b1001101000010111 #
1!
#58320
b101100111001110 #
0!
#58325
b110101000011100 #
1!
#58330
b1011000110100110 #
0!
#58335
b1011011001101101 #
1!
#58340
b101000000011011 #
0!
#58345
b1000010000111100 #
1!
#58350
b101010101000100 #
0!
#58355
b1011101110111110 #
1!
#58360
b1101000010111111 #
0!
#58365
b1001110111011 #
1!
#58370
b11011011110010 #
0!
#58375
b1111000110101000 #
1!
#58380
b1011010000000100 #
0!
#58385
b100001110111001 #
1!
#58390
b1001001111001111 #
0!
#58395
b110011101001111 #
1!
#58400
b1001100011100000 #
0!
#58405
b100011110 #
1!
#58410
b110010011000010 #
0!
#58415
b1110010101101110 #
1!
#58420
b1101011111011111 #
0!
#58425
b1111010110100000 #
1!
#58430
b110100101010110 #
0!
#58435
b1111101011011110 #
1!
#58440
b1000111000000110 #
0!
#58445
b1000111111010100 #
1!
#58450
b1100101111000 #
0!
#58455
b1111010100111000 #
1!
#58460
b1001100001111000 #
0!
#58465
b1111101111000001 #
1!
#58470
b1011010110100101 #
0!
#58475
b1101110010011111 #
1!
#58480
b1001001011111100 #
0!
#58485
b10001010101111 #
1!
#58490
b11010001100110 #
0!
#58495
b111111101010001 #
1!
#58500
b1101100100111010 #
0!
#58505
b1011001010011110 #
1!
#58510
b101100110101100 #
0!
#58515
b110100100011100 #
1!
#58520
b1000011111000110 #
0!
#58525
b1100100110111 #
1!
#58530
b1001100111101010 #
0!
#58535
b1110010000111100 #
1!
#58540
b111100111010111 #
0!
#58545
b111110110001011 #
1!
#58550
b11001010000011 #
0!
#58555
b1111111011010100 #
1!
#58560
b100101110111011 #
0!
#58565
b1101000101111110 #
1!
#58570
b10001001100001 #
0!
#58575
b1000010110000001 #
1!
#58580
b101011111011110 #
0!
#58585
b1011110100110011 #
1!
#58590
b10001101010010 #
0!
#58595
b100110100 #
1!
#58600
b1011110110001001 #
0!
#58605
b1010110001010001 #
1!
#58610
b1011001111111111 #
0!
#58615
b1100000111011001 #
1!
#58620
b101010000100001 #
0!
#58625
b1100110001111010 #
1!
#58630
b101000010111 #
0!
#58635
b1100111011110010 #
1!
#58640
b1011110100001110 #
0!
#58645
b101111001101 #
1!
#58650
b10101110000110 #
0!
#58655
b1111011010110110 #
1!
#58660
b101000000001100 #
0!
#58665
b1000111000010 #
1!
#58670
b1100101101001110 #
0!
#58675
b1100011111001010 #
1!
#58680
b10110100011101 #
0!
#58685
b100110001001111 #
1!
#58690
b110100111011111 #
0!
#58695
b1000100100110010 #
1!
#58700
b10110011010001 #
0!
#58705
b1110100010001100 #
1!
#58710
b100000001111001 #
0!
#58715
b100100110010100 #
1!
#58720
b1110110100011011 #
0!
#58725
b1101000111001101 #
1!
#58730
b100111010001100 #
0!
#58735
b1101010001010110 #
1!
#58740
b1100011001110101 #
0!
#58745
b1011001101111010 #
1!
#58750
b100111110000100 #
0!
#58755
b1011011011000101 #
1!
#58760
b1101101001111100 #
0!
#58765
b1111100110000001 #
1!
#58770
b1011101100000110 #
0!
#58775
b11101011001000 #
1!
#58780
b11000100 #
0!
#58785
b1100111010110111 #
1!
#58790
b1101001100001110 #
0!
#58795
b110111001000111 #
1!
#58800
b1101011000100011 #
0!
#58805
b10001000000100 #
1!
#58810
b1000111011101101 #
0!
#58815
b1111111010100 #
1!
#58820
b1011100000011010 #
0!
#58825
b1001111010110011 #
1!
#58830
b1010110110010001 #
0!
#58835
b1101001010110100 #
1!
#58840
b1100001110100011 #
0!
#58845
b1011000110111001 #
1!
#58850
b1010101100100100 #
0!
#58855
b1101101111011001 #
1!
#58860
b1101000000010110 #
0!
#58865
b1000001101001100 #
1!
#58870
b1100000101100110 #
0!
#58875
b100001011110000 #
1!
#58880
b111111001011100 #
0!
#58885
b110100111 #
1!
#58890
b1110101111000110 #
0!
#58895
b1101001000010001 #
1!
#58900
b10011000101001 #
0!
#58905
b1101100101001101 #
1!
#58910
b1110100110101110 #
0!
#58915
b1110000101001 #
1!
#58920
b1110100001111010 #
0!
#58925
b111010010101000 #
1!
#58930
b11010011111100 #
0!
#58935
b110011111000000 #
1!
#58940
b1001110000000011 #
0!
#58945
b1010100 #
1!
#58950
b100000011011 #
0!
#58955
b1100000100101001 #
1!
#58960
b1110000111010101 #
0!
#58965
b110101011111101 #
1!
#58970
b110010010111000 #
0!
#58975
b1111010010111010 #
1!
#58980
b1000111100011 #
0!
#58985
b101111100010011 #
1!
#58990
b110010001 #
0!
#58995
b1001000100011100 #
1!
#59000
b100100010101111 #
0!
#59005
b100010001000010 #
1!
#59010
b101101101000110 #
0!
#59015
b1101111101010101 #
1!
#59020
b110010011000110 #
0!
#59025
b100110111110100 #
1!
#59030
b1010111110110100 #
0!
#59035
b1110101110100001 #
1!
#59040
b1111111001010011 #
0!
#59045
b110000110111111 #
1!
#59050
b1111100011001000 #
0!
#59055
b1000001110101101 #
1!
#59060
b111011001110110 #
0!
#59065
b10111000011010 #
1!
#59070
b1111010101001010 #
0!
#59075
b11000001001101 #
1!
#59080
b1110010110010111 #
0!
#59085
b10000100011110 #
1!
#59090
b1110110001011 #
0!
#59095
b100001001010001 #
1!
#59100
b10100101111000 #
0!
#59105
b110010011000111 #
1!
#59110
b1011000110000011 #
0!
#59115
b1100001101111110 #
1!
#59120
b1101101100110100 #
0!
#59125
b1110001101111000 #
1!
#59130
b1010100100111110 #
0!
#59135
b111110001010001 #
1!
#59140
b101100011011111 #
0!
#59145
b100110100011110 #
1!
#59150
b1100001000100100 #
0!
#59155
b1111111010011101 #
1!
#59160
b1011111000001111 #
0!
#59165
b100011010001 #
1!
#59170
b111101100001010 #
0!
#59175
b1001001010100101 #
1!
#59180
b1110100111110101 #
0!
#59185
b100011001000101 #
1!
#59190
b110010000111 #
0!
#59195
b100010110111000 #
1!
#59200
b111000101001110 #
0!
#59205
b1111001111100100 #
1!
#59210
b111010010000110 #
0!
#59215
b1110001011111101 #
1!
#59220
b1011011111001110 #
0!
#59225
b1011010111101000 #
1!
#59230
b110111110001000 #
0!
#59235
b1111011001111000 #
1!
#59240
b1101001001011100 #
0!
#59245
b1111110001010110 #
1!
#59250
b111011110010011 #
0!
#59255
b1100110111100101 #
1!
#59260
b1010010010110110 #
0!
#59265
b1111011100011101 #
1!
#59270
b1100011001001000 #
0!
#59275
b111001010000001 #
1!
#59280
b1100010011001011 #
0!
#59285
b1000110101001110 #
1!
#59290
b101111100001110 #
0!
#59295
b1011010001010110 #
1!
#59300
b1001000101111111 #
0!
#59305
b110101110101000 #
1!
#59310
b1111011111011000 #
0!
#59315
b1101100101011 #
1!
#59320
b10010000001011 #
0!
#59325
b1111110001100101 #
1!
#59330
b110001101100 #
0!
#59335
b1111010010011111 #
1!
#59340
b101110010110011 #
0!
#59345
b111000110011001 #
1!
#59350
b1101110110111011 #
0!
#59355
b100111010011101 #
1!
#59360
b1101001100010000 #
0!
#59365
b1011001011110111 #
1!
#59370
b110001000101010 #
0!
#59375
b1111000010101110 #
1!
#59380
b1110011110011111 #
0!
#59385
b110101101010111 #
1!
#59390
b101100101010010 #
0!
#59395
b110110001001001 #
1!
#59400
b1011000111001111 #
0!
#59405
b101111011010 #
1!
#59410
b11111100101100 #
0!
#59415
b100110111111 #
1!
#59420
b1000101000101 #
0!
#59425
b1011100111111100 #
1!
#59430
b100111000100000 #
0!
#59435
b1101010011000111 #
1!
#59440
b1001111010011001 #
0!
#59445
b110010101101111 #
1!
#59450
b1000001011101111 #
0!
#59455
b1001101101100011 #
1!
#59460
b1011100100101010 #
0!
#59465
b1011100000011010 #
1!
#59470
b1001100011110001 #
0!
#59475
b1110100100001110 #
1!
#59480
b111101101100010 #
0!
#59485
b10001000010011 #
1!
#59490
b110010100000 #
0!
#59495
b100111101111 #
1!
#59500
b1100000000000101 #
0!
#59505
b1100110011100001 #
1!
#59510
b1101111100011 #
0!
#59515
b11100010001 #
1!
#59520
b10010011011000 #
0!
#59525
b1010001011110111 #
1!
#59530
b1011111100010110 #
0!
#59535
b1011000001000011 #
1!
#59540
b11001001100 #
0!
#59545
b101001110011110 #
1!
#59550
b1011010101001010 #
0!
#59555
b1001000110111000 #
1!
#59560
b111111101101000 #
0!
#59565
b100011101001101 #
1!
#59570
b111100110100111 #
0!
#59575
b1111010011110111 #
1!
#59580
b110110010101001 #
0!
#59585
b1010101110100000 #
1!
#59590
b100010101111010 #
0!
#59595
b1110011000111110 #
1!
#59600
b110100000011000 #
0!
#59605
b110110111100010 #
1!
#59610
b1011111011101 #
0!
#59615
b11001011100111 #
1!
#59620
b1101000001000001 #
0!
#59625
b11011001111010 #
1!
#59630
b1010110101101110 #
0!
#59635
b110011011101011 #
1!
#59640
b1100000101001010 #
0!
#59645
b111011100001010 #
1!
#59650
b111111000010011 #
0!
#59655
b1100110100011100 #
1!
#59660
b1010011101000 #
0!
#59665
b101011010100111 #
1!
#59670
b1100101001001010 #
0!
#59675
b111000100101100 #
1!
#59680
b110011101011010 #
0!
#59685
b1100001011110110 #
1!
#59690
b1000110011100101 #
0!
#59695
b10000000011000 #
1!
#59700
b1011100110010 #
0!
#59705
b110100010001100 #
1!
#59710
b111111111001001 #
0!
#59715
b110011100010010 #
1!
#59720
b11110100011011 #
0!
#59725
b1011001001101001 #
1!
#59730
b10000110001011 #
0!
#59735
b1001000010000000 #
1!
#59740
b1011100001011010 #
0!
#59745
b1100110111011110 #
1!
#59750
b1010101101111111 #
0!
#59755
b1010011000101010 #
1!
#59760
b10001000111000 #
0!
#59765
b1010010111001000 #
1!
#59770
b1110100010001 #
0!
#59775
b111101100101010 #
1!
#59780
b1101100000011010 #
0!
#59785
b1110010101100000 #
1!
#59790
b10111100000011 #
0!
#59795
b1001001110111011 #
1!
#59800
b1111011101110011 #
0!
#59805
b1111101010001111 #
1!
#59810
b101111001101010 #
0!
#59815
b11111010000011 #
1!
#59820
b101011001010100 #
0!
#59825
b1000100001010 #
1!
#59830
b1110100011110100 #
0!
#59835
b1000101001011111 #
1!
#59840
b1001100011000011 #
0!
#59845
b1001100100001 #
1!
#59850
b1100100101101001 #
0!
#59855
b100000101100000 #
1!
#59860
b1011010100011 #
0!
#59865
b1010111010001001 #
1!
#59870
b1011101011100000 #
0!
#59875
b1110110011111110 #
1!
#59880
b1110101101010011 #
0!
#59885
b100111100000000 #
1!
#59890
b11100010011011 #
0!
#59895
b1101101100100011 #
1!
#59900
b1111001111001011 #
0!
#59905
b10000000100101 #
1!
#59910
b1000001000001101 #
0!
#59915
b1100100100111 #
1!
#59920
b1100110101100011 #
0!
#59925
b110101011010 #
1!
#59930
b1001000111111000 #
0!
#59935
b111000101001011 #
1!
#59940
b1101000100000110 #
0!
#59945
b1100010000000010 #
1!
#59950
b10001100011110 #
0!
#59955
b111000011010010 #
1!
#59960
b1110000000100 #
0!
#59965
b1010111000000001 #
1!
#59970
b1011000010000000 #
0!
#59975
b110001001011011 #
1!
#59980
b1000101100110101 #
0!
#59985
b1111101111000101 #
1!
#59990
b111100010011100 #
0!
#59995
b101001101110100 #
1!
#60000
b1011101010111000 #
0!
#60005
b1001010010111101 #
1!
#60010
b111011010101101 #
0!
#60015
b111000100111 #
1!
#60020
b11111101101 #
0!
#60025
b10010010010011 #
1!
#60030
b110010001011001 #
0!
#60035
b10000001111010 #
1!
#60040
b1000100011110100 #
0!
#60045
b1101011111011 #
1!
#60050
b1100001111001101 #
0!
#60055
b1101011110000010 #
1!
#60060
b1111001100110 #
0!
#60065
b1010001101111000 #
1!
#60070
b1100100110111100 #
0!
#60075
b11101100101011 #
1!
#60080
b110011101111001 #
0!
#60085
b1010011111100110 #
1!
#60090
b111011000111001 #
0!
#60095
b1100101000010 #
1!
#60100
b1011100001001110 #
0!
#60105
b1101001000101010 #
1!
#60110
b1000010011100101 #
0!
#60115
b1111111111011011 #
1!
#60120
b11001110011011 #
0!
#60125
b1001001011010111 #
1!
#60130
b111000001101010 #
0!
#60135
b11011010110000 #
1!
#60140
b1010111001110010 #
0!
#60145
b1010000101000 #
1!
#60150
b111011010110110 #
0!
#60155
b1100110010001010 #
1!
#60160
b1100110001010110 #
0!
#60165
b100010000100101 #
1!
#60170
b1001001011110011 #
0!
#60175
b1000111101010010 #
1!
#60180
b1110011101010010 #
0!
#60185
b1100101001000001 #
1!
#60190
b1000000110110101 #
0!
#60195
b11011011111 #
1!
#60200
b1011101010111 #
0!
#60205
b1100001011110 #
1!
#60210
b1011101101010011 #
0!
#60215
b1000001000010111 #
1!
#60220
b11101110001101 #
0!
#60225
b101010001110110 #
1!
#60230
b1000000111011100 #
0!
#60235
b101110000010 #
1!
#60240
b1110111111010100 #
0!
#60245
b110111111010111 #
1!
#60250
b1100101110110010 #
0!
#60255
b111000111011110 #
1!
#60260
b1001000000110000 #
0!
#60265
b1000000111011 #
1!
#60270
b101011100110101 #
0!
#60275
b11101011010111 #
1!
#60280
b11011101001111 #
0!
#60285
b1010100010011101 #
1!
#60290
b1010001101110101 #
0!
#60295
b1011100101101000 #
1!
#60300
b1100001011101001 #
0!
#60305
b110000100011101 #
1!
#60310
b1110011101101101 #
0!
#60315
b1111011100011010 #
1!
#60320
b1100111000110010 #
0!
#60325
b10010011001101 #
1!
#60330
b1111010110101 #
0!
#60335
b1011111010011011 #
1!
#60340
b1011011000001111 #
0!
#60345
b1010001111000100 #
1!
#60350
b101000101110 #
0!
#60355
b1001110111011001 #
1!
#60360
b1001010001010000 #
0!
#60365
b100010101000010 #
1!
#60370
b10010010010100 #
0!
#60375
b1101110100110010 #
1!
#60380
b100011010011001 #
0!
#60385
b11011101010011 #
1!
#60390
b1010011001110011 #
0!
#60395
b1000110011010000 #
1!
#60400
b110100101000100 #
0!
#60405
b110011010101011 #
1!
#60410
b1001000001111010 #
0!
#60415
b111011011001001 #
1!
#60420
b101011111100101 #
0!
#60425
b111111100110001 #
1!
#60430
b1001101010100100 #
0!
#60435
b10100000100001 #
1!
#60440
b10110010101111 #
0!
#60445
b1110110011111100 #
1!
#60450
b100001000100110 #
0!
#60455
b1110110001000010 #
1!
#60460
b1100011101101111 #
0!
#60465
b1101101100100110 #
1!
#60470
b1100010110100100 #
0!
#60475
b1100111111110101 #
1!
#60480
b1100000001011000 #
0!
#60485
b11010101000011 #
1!
#60490
b1110010100110 #
0!
#60495
b1001110010010110 #
1!
#60500
b111010001011000 #
0!
#60505
b1010100111100001 #
1!
#60510
b11010110110 #
0!
#60515
b1110000101110001 #
1!
#60520
b1000101010 #
0!
#60525
b1010000111011010 #
1!
#60530
b1111110000110010 #
0!
#60535
b1110100011111111 #
1!
#60540
b100001011011100 #
0!
#60545
b100100111011101 #
1!
#60550
b11111001000010 #
0!
#60555
b1011111100010010 #
1!
#60560
b1101001000010010 #
0!
#60565
b1000111011111011 #
1!
#60570
b1100010011011111 #
0!
#60575
b10111010000000 #
1!
#60580
b111110011101 #
0!
#60585
b1110010011110 #
1!
#60590
b100110101111111 #
0!
#60595
b1100011001101101 #
1!
#60600
b1001111000011 #
0!
#60605
b110000110110000 #
1!
#60610
b101001000110111 #
0!
#60615
b1101000011010010 #
1!
#60620
b1011101011010011 #
0!
#60625
b1000010001011010 #
1!
#60630
b1001011111000 #
0!
#60635
b101100101000100 #
1!
#60640
b1010001001001110 #
0!
#60645
b111010100101010 #
1!
#60650
b1000100110110001 #
0!
#60655
b10110010101111 #
1!
#60660
b10010101011001 #
0!
#60665
b1101111111111001 #
1!
#60670
b111000111110101 #
0!
#60675
b1101011000000100 #
1!
#60680
b110000110100111 #
0!
#60685
b10110001110000 #
1!
#60690
b100011000000101 #
0!
#60695
b1010010101111110 #
1!
#60700
b10111110100010 #
0!
#60705
b1000110101111000 #
1!
#60710
b100010010111111 #
0!
#60715
b1010000110011110 #
1!
#60720
b10110000000000 #
0!
#60725
b1110011001110111 #
1!
#60730
b110100101101000 #
0!
#60735
b1001011001011100 #
1!
#60740
b1011011010000000 #
0!
#60745
b1110110010101110 #
1!
#60750
b111000111001010 #
0!
#60755
b1001011000101 #
1!
#60760
b1110100100001001 #
0!
#60765
b10010010000 #
1!
#60770
b1101010010011111 #
0!
#60775
b110001010000111 #
1!
#60780
b1001111111011010 #
0!
#60785
b101111001101100 #
1!
#60790
b1101001110111011 #
0!
#60795
b1001001010001000 #
1!
#60800
b111010100010001 #
0!
#60805
b1110010100111101 #
1!
#60810
b110011011110111 #
0!
#60815
b110110100101010 #
1!
#60820
b1100010100110110 #
0!
#60825
b100010000000010 #
1!
#60830
b100101001001101 #
0!
#60835
b111110001001001 #
1!
#60840
b1010111000000011 #
0!
#60845
b1110100101100110 #
1!
#60850
b1111111100011101 #
0!
#60855
b111010001010 #
1!
#60860
b101000101010 #
0!
#60865
b1111111100100011 #
1!
#60870
b1011110000011011 #
0!
#60875
b11000100011111 #
1!
#60880
b111011001000101 #
0!
#60885
b111000111100111 #
1!
#60890
b111111011010011 #
0!
#60895
b1010110010001100 #
1!
#60900
b100111010101101 #
0!
#60905
b1110101000100100 #
1!
#60910
b1101000101 #
0!
#60915
b1000010001100 #
1!
#60920
b1010111101111000 #
0!
#60925
b1101100110001010 #
1!
#60930
b1100010110001001 #
0!
#60935
b1010011010100110 #
1!
#60940
b111001101000010 #
0!
#60945
b110100010100100 #
1!
#60950
b11111001 #
0!
#60955
b111110010011000 #
1!
#60960
b11011100010101 #
0!
#60965
b1000011101010010 #
1!
#60970
b1011001111010100 #
0!
#60975
b101101100100010 #
1!
#60980
b101010100001010 #
0!
#60985
b1101101010001100 #
1!
#60990
b1001011111010111 #
0!
#60995
b1101000101001111 #
1!
#61000
b1110110011110001 #
0!
#61005
b1101010100110110 #
1!
#61010
b10011111000010 #
0!
#61015
b10101111010100 #
1!
#61020
b1101011110110000 #
0!
#61025
b1010000101110001 #
1!
#61030
b1010001100111100 #
0!
#61035
b111001110011011 #
1!
#61040
b1011000110010100 #
0!
#61045
b10100100101100 #
1!
#61050
b1000010110 #
0!
#61055
b111010000011001 #
1!
#61060
b1101011100111101 #
0!
#61065
b1100001011011 #
1!
#61070
b11101100100 #
0!
#61075
b1011111101111100 #
1!
#61080
b110010001111111 #
0!
#61085
b1101111010100100 #
1!
#61090
b10011001011010 #
0!
#61095
b1001101001001100 #
1!
#61100
b11011111000010 #
0!
#61105
b1010001111100100 #
1!
#61110
b1010000001110101 #
0!
#61115
b1010110100110 #
1!
#61120
b1110100001001000 #
0!
#61125
b101011001010101 #
1!
#61130
b111000111011001 #
0!
#61135
b1111101010001100 #
1!
#61140
b1101010011101010 #
0!
#61145
b1010001010111101 #
1!
#61150
b101000001100110 #
0!
#61155
b1101011001111101 #
1!
#61160
b1101010011011 #
0!
#61165
b1111001001110010 #
1!
#61170
b1100000101110110 #
0!
#61175
b1111011011100101 #
1!
#61180
b1001001101100110 #
0!
#61185
b111001010010001 #
1!
#61190
b1111100111000010 #
0!
#61195
b110010001101110 #
1!
#61200
b1101101000010100 #
0!
#61205
b1000100111110 #
1!
#61210
b1111100001100000 #
0!
#61215
b1110110011100010 #
1!
#61220
b100111001000000 #
0!
#61225
b111011101000111 #
1!
#61230
b111100101010100 #
0!
#61235
b1110110100111 #
1!
#61240
b101000000101 #
0!
#61245
b1001111111101 #
1!
#61250
b1111011110101110 #
0!
#61255
b11111001110001 #
1!
#61260
b1110101000001000 #
0!
#61265
b111010100101 #
1!
#61270
b1010111010101011 #
0!
#61275
b101111100111011 #
1!
#61280
b1000101000001111 #
0!
#61285
b101011001001010 #
1!
#61290
b1001110011010010 #
0!
#61295
b100101000110001 #
1!
#61300
b100010111100001 #
0!
#61305
b1001100001010110 #
1!
#61310
b111110110000001 #
0!
#61315
b1000110110010010 #
1!
#61320
b11100110100100 #
0!
#61325
b11111111000101 #
1!
#61330
b1100100011110000 #
0!
#61335
b111000100100000 #
1!
#61340
b11111001110100 #
0!
#61345
b111010001000111 #
1!
#61350
b1100000000000101 #
0!
#61355
b10001001100 #
1!
#61360
b1111010101100111 #
0!
#61365
b10100000101100 #
1!
#61370
b101110100011000 #
0!
#61375
b1010110011110 #
1!
#61380
b1011011010111101 #
0!
#61385
b10101110010 #
1!
#61390
b101101111111100 #
0!
#61395
b10100101111010 #
1!
#61400
b1010000001101001 #
0!
#61405
b111011111001011 #
1!
#61410
b11100101011010 #
0!
#61415
b1001000111100000 #
1!
#61420
b1000111010111000 #
0!
#61425
b1010100011111000 #
1!
#61430
b10111011001110 #
0!
#61435
b101100000110110 #
1!
#61440
b1110101000101 #
0!
#61445
b1000011001001100 #
1!
#61450
b11100011000000 #
0!
#61455
b100100110111000 #
1!
#61460
b1010010111110100 #
0!
#61465
b1011111110101100 #
1!
#61470
b1011001101100 #
0!
#61475
b1111001010100011 #
1!
#61480
b100011100101000 #
0!
#61485
b1011101111110001 #
1!
#61490
b100001000100000 #
0!
#61495
b1001110110111101 #
1!
#61500
b1101101111111110 #
0!
#61505
b1010011111110001 #
1!
#61510
b1111011100010011 #
0!
#61515
b101011101000011 #
1!
#61520
b1111111010100111 #
0!
#61525
b111000100100000 #
1!
#61530
b11001111011011 #
0!
#61535
b1110101111011101 #
1!
#61540
b111010110100 #
0!
#61545
b1100010000000000 #
1!
#61550
b1010111111111000 #
0!
#61555
b1110011110110110 #
1!
#61560
b10011010000001 #
0!
#61565
b101001011011 #
1!
#61570
b1110100001101010 #
0!
#61575
b1001010101000001 #
1!
#61580
b10001001110010 #
0!
#61585
b111001010000111 #
1!
#61590
b1110011001010 #
0!
#61595
b11010010 #
1!
#61600
b1001110001000010 #
0!
#61605
b1110011010010001 #
1!
#61610
b100011111011110 #
0!
#61615
b1111100110011010 #
1!
#61620
b1111010000011110 #
0!
#61625
b1010110110000 #
1!
#61630
b10001000011111 #
0!
#61635
b11000100000 #
1!
#61640
b100001010111010 #
0!
#61645
b110011111001111 #
1!
#61650
b10101000110001 #
0!
#61655
b111100111010000 #
1!
#61660
b110011100011101 #
0!
#61665
b101010000100 #
1!
#61670
b1001111010110101 #
0!
#61675
b101100010110111 #
1!
#61680
b1111100001100011 #
0!
#61685
b1110100001011001 #
1!
#61690
b111011010000000 #
0!
#61695
b111001000000111 #
1!
#61700
b101011100011110 #
0!
#61705
b1011001010101100 #
1!
#61710
b111000110011110 #
0!
#61715
b101010101110110 #
1!
#61720
b1001110110011110 #
0!
#61725
b1100111000010100 #
1!
#61730
b100100100011 #
0!
#61735
b100100100010000 #
1!
#61740
b1010011111001010 #
0!
#61745
b110110010010001 #
1!
#61750
b111101101000010 #
0!
#61755
b101101010011110 #
1!
#61760
b111011010000 #
0!
#61765
b111100001100011 #
1!
#61770
b1100001010011110 #
0!
#61775
b101100100101100 #
1!
#61780
b11010001010011 #
0!
#61785
b1001101111101001 #
1!
#61790
b1001110101001011 #
0!
#61795
b1100110011010000 #
1!
#61800
b11000001100011 #
0!
#61805
b100001001010011 #
1!
#61810
b1000010110000001 #
0!
#61815
b1001000001 #
1!
#61820
b1110001011100011 #
0!
#61825
b1001110010001110 #
1!
#61830
b1011010101101010 #
0!
#61835
b100101100101 #
1!
#61840
b1110001010100101 #
0!
#61845
b1001001100101111 #
1!
#61850
b10110100010110 #
0!
#61855
b1010101101011100 #
1!
#61860
b1000111111101010 #
0!
#61865
b1101000111001001 #
1!
#61870
b1010010011111011 #
0!
#61875
b111000000101100 #
1!
#61880
b1110000101 #
0!
#61885
b1100001101110101 #
1!
#61890
b1001101100000000 #
0!
#61895
b1010101110100011 #
1!
#61900
b1101101010000 #
0!
#61905
b1001011111110010 #
1!
#61910
b100101110010010 #
0!
#61915
b110010010000011 #
1!
#61920
b111000000110110 #
0!
#61925
b11100000101001 #
1!
#61930
b1011000110101100 #
0!
#61935
b110011010011010 #
1!
#61940
b110010110000000 #
0!
#61945
b101000001110101 #
1!
#61950
b1000011001011011 #
0!
#61955
b100001111010000 #
1!
#61960
b111010101000 #
0!
#61965
b101000010000110 #
1!
#61970
b100110110101001 #
0!
#61975
b11111111010010 #
1!
#61980
b100111001011010 #
0!
#61985
b101111000110010 #
1!
#61990
b11110001101001 #
0!
#61995
b110101101100010 #
1!
#62000
b1011110011101101 #
0!
#62005
b110101000010010 #
1!
#62010
b101000111100100 #
0!
#62015
b1001000111110100 #
1!
#62020
b1011011000000001 #
0!
#62025
b1111001000010 #
1!
#62030
b100011111010101 #
0!
#62035
b11111110100101 #
1!
#62040
b101100001110110 #
0!
#62045
b1110100100010011 #
1!
#62050
b1001101010110111 #
0!
#62055
b1011111100101000 #
1!
#62060
b111111110001001 #
0!
#62065
b1111001100011010 #
1!
#62070
b1000100111001100 #
0!
#62075
b1110011000010 #
1!
#62080
b1100001100101111 #
0!
#62085
b10100101011101 #
1!
#62090
b110111101000 #
0!
#62095
b10011011100110 #
1!
#62100
b1000010110001000 #
0!
#62105
b11100000001100 #
1!
#62110
b1110001101101111 #
0!
#62115
b110011010011001 #
1!
#62120
b1101110010000011 #
0!
#62125
b1000110110001010 #
1!
#62130
b1000011101111010 #
0!
#62135
b10101100011101 #
1!
#62140
b1010101010000100 #
0!
#62145
b101000100101111 #
1!
#62150
b11001110100010 #
0!
#62155
b111110000011001 #
1!
#62160
b1000011000110110 #
0!
#62165
b111001010001100 #
1!
#62170
b1110010101100110 #
0!
#62175
b10100010111101 #
1!
#62180
b1100111101000001 #
0!
#62185
b1001110110011011 #
1!
#62190
b101101110101010 #
0!
#62195
b1011110000000001 #
1!
#62200
b1001111100101000 #
0!
#62205
b11110110011101 #
1!
#62210
b110000110100 #
0!
#62215
b1000001110100101 #
1!
#62220
b1101001011110010 #
0!
#62225
b111110000010001 #
1!
#62230
b11100010111101 #
0!
#62235
b1000011011110011 #
1!
#62240
b10111110010 #
0!
#62245
b100100010010100 #
1!
#62250
b1101101001101111 #
0!
#62255
b1001011111101110 #
1!
#62260
b1001010101000111 #
0!
#62265
b100111111111101 #
1!
#62270
b1010110001100010 #
0!
#62275
b11110011111000 #
1!
#62280
b1001101101100111 #
0!
#62285
b1111100010011011 #
1!
#62290
b10111011111100 #
0!
#62295
b1100011010010011 #
1!
#62300
b1111011001011011 #
0!
#62305
b111001011011001 #
1!
#62310
b1001100110111011 #
0!
#62315
b11110001010001 #
1!
#62320
b100000011101110 #
0!
#62325
b1010101100111011 #
1!
#62330
b1110101001010101 #
0!
#62335
b111000110000000 #
1!
#62340
b1101011010000100 #
0!
#62345
b100101111101110 #
1!
#62350
b1101110110101110 #
0!
#62355
b1110100110111100 #
1!
#62360
b1101010011001001 #
0!
#62365
b1100000111011000 #
1!
#62370
b1110110010011100 #
0!
#62375
b1111010011110111 #
1!
#62380
b1010000000011 #
0!
#62385
b11011001111010 #
1!
#62390
b101011111100111 #
0!
#62395
b1010000000001000 #
1!
#62400
b11011000101011 #
0!
#62405
b1001100101111010 #
1!
#62410
b1011010010001 #
0!
#62415
b1011011001100100 #
1!
#62420
b1001010010010001 #
0!
#62425
b1001010000110000 #
1!
#62430
b1110100011000011 #
0!
#62435
b1100001100010100 #
1!
#62440
b100100100111111 #
0!
#62445
b1001010100001001 #
1!
#62450
b100011101110000 #
0!
#62455
b1000001111111 #
1!
#62460
b11000011010000 #
0!
#62465
b1100011000011111 #
1!
#62470
b111000000010110 #
0!
#62475
b1010111000100101 #
1!
#62480
b1110101100000000 #
0!
#62485
b1001111011001 #
1!
#62490
b101111110011110 #
0!
#62495
b110011011011100 #
1!
#62500
b1100111110011000 #
0!
#62505
b10101111110000 #
1!
#62510
b1101000011010000 #
0!
#62515
b1100011110101001 #
1!
#62520
b1111101100000000 #
0!
#62525
b111010010100011 #
1!
#62530
b11111001001010 #
0!
#62535
b1100011010101 #
1!
#62540
b100100100101000 #
0!
#62545
b10000110001101 #
1!
#62550
b1110011110000111 #
0!
#62555
b110100001001001 #
1!
#62560
b101100011111111 #
0!
#62565
b1101011010011 #
1!
#62570
b1100010111011011 #
0!
#62575
b1000010111010100 #
1!
#62580
b1000010000110010 #
0!
#62585
b101100100011 #
1!
#62590
b1001001111011110 #
0!
#62595
b1111011101101011 #
1!
#62600
b1110011001101101 #
0!
#62605
b110000000111111 #
1!
#62610
b1101000101001101 #
0!
#62615
b110100000001 #
1!
#62620
b101110011001111 #
0!
#62625
b100100110000100 #
1!
#62630
b1011011011001000 #
0!
#62635
b1101000100001011 #
1!
#62640
b1000010111001101 #
0!
#62645
b1010110100110101 #
1!
#62650
b100010001101000 #
0!
#62655
b111001001001 #
1!
#62660
b1011011101000111 #
0!
#62665
b11100011101010 #
1!
#62670
b11001110110100 #
0!
#62675
b101010011110001 #
1!
#62680
b1000111101101 #
0!
#62685
b101100011110101 #
1!
#62690
b1111111011010011 #
0!
#62695
b1110110011001011 #
1!
#62700
b110110011001000 #
0!
#62705
b11101000011100 #
1!
#62710
b1110010010010000 #
0!
#62715
b1110001101010110 #
1!
#62720
b110101100001010 #
0!
#62725
b1100101001111100 #
1!
#62730
b1110000000001101 #
0!
#62735
b10010100010 #
1!
#62740
b110010111101110 #
0!
#62745
b1011000111101110 #
1!
#62750
b1010111010110011 #
0!
#62755
b1101110011010110 #
1!
#62760
b111010111001110 #
0!
#62765
b101111110111111 #
1!
#62770
b1100100001000101 #
0!
#62775
b1011100000010100 #
1!
#62780
b111100100111000 #
0!
#62785
b1111101100100110 #
1!
#62790
b110111010100010 #
0!
#62795
b1010000111001110 #
1!
#62800
b110000101101 #
0!
#62805
b111010100111000 #
1!
#62810
b1001100000010010 #
0!
#62815
b110011000010111 #
1!
#62820
b1000111101010000 #
0!
#62825
b111011011000001 #
1!
#62830
b10010111000 #
0!
#62835
b1001000100011001 #
1!
#62840
b1010000100110 #
0!
#62845
b110111111011011 #
1!
#62850
b11000100000100 #
0!
#62855
b110111000111111 #
1!
#62860
b1000000101000000 #
0!
#62865
b1000011010001111 #
1!
#62870
b101010010101100 #
0!
#62875
b110000101001 #
1!
#62880
b110110001100011 #
0!
#62885
b1010101101101001 #
1!
#62890
b110110100100011 #
0!
#62895
b11010000001010 #
1!
#62900
b11010010000001 #
0!
#62905
b1000100000111111 #
1!
#62910
b11100111111011 #
0!
#62915
b111001010000001 #
1!
#62920
b1111001010110100 #
0!
#62925
b1000101100100100 #
1!
#62930
b11001101000000 #
0!
#62935
b1001110001001 #
1!
#62940
b1000010011100101 #
0!
#62945
b1101110010111011 #
1!
#62950
b1001010100101010 #
0!
#62955
b10001010010100 #
1!
#62960
b1000011001110001 #
0!
#62965
b110110011100001 #
1!
#62970
b101111000110001 #
0!
#62975
b110110101101101 #
1!
#62980
b101010001101010 #
0!
#62985
b1110010111101111 #
1!
#62990
b100100111110001 #
0!
#62995
b111111111111010 #
1!
#63000
b101010111011 #
0!
#63005
b1011001001111011 #
1!
#63010
b1101000011100001 #
0!
#63015
b1010001001101111 #
1!
#63020
b1000010011101000 #
0!
#63025
b11101001 #
1!
#63030
b11001001000001 #
0!
#63035
b1110010100010010 #
1!
#63040
b101111010010101 #
0!
#63045
b1011101110100101 #
1!
#63050
b110101101001111 #
0!
#63055
b1001000011111 #
1!
#63060
b1111001110011111 #
0!
#63065
b1000111001011111 #
1!
#63070
b11010000101001 #
0!
#63075
b1011011111110101 #
1!
#63080
b110000011101001 #
0!
#63085
b1110011000100000 #
1!
#63090
b101001011110 #
0!
#63095
b1111100001011 #
1!
#63100
b1000000010101001 #
0!
#63105
b1110111110010000 #
1!
#63110
b10110010100001 #
0!
#63115
b101010011011001 #
1!
#63120
b1111000001100011 #
0!
#63125
b1001010001001010 #
1!
#63130
b1001001010010100 #
0!
#63135
b10010001001100 #
1!
#63140
b110001000110 #
0!
#63145
b1000001110001000 #
1!
#63150
b1111101100101101 #
0!
#63155
b1110111001000 #
1!
#63160
b1111000100110010 #
0!
#63165
b10011000010100 #
1!
#63170
b1110000110100110 #
0!
#63175
b1000011001110010 #
1!
#63180
b111100000001011 #
0!
#63185
b1010101011000010 #
1!
#63190
b1000000001101000 #
0!
#63195
b110111110111001 #
1!
#63200
b100000010100110 #
0!
#63205
b1111101001010101 #
1!
#63210
b1101011011111011 #
0!
#63215
b1010001111001101 #
1!
#63220
b1010001111110100 #
0!
#63225
b1100010100101100 #
1!
#63230
b1001111101100101 #
0!
#63235
b1010110100001111 #
1!
#63240
b1011111010110001 #
0!
#63245
b111001001111100 #
1!
#63250
b101010011111000 #
0!
#63255
b1101101000011001 #
1!
#63260
b110110101001110 #
0!
#63265
b11001010001001 #
1!
#63270
b11001111111110 #
0!
#63275
b11011101110011 #
1!
#63280
b100101101000011 #
0!
#63285
b1110110010100001 #
1!
#63290
b11011101000001 #
0!
#63295
b1000110110001010 #
1!
#63300
b1011010110001100 #
0!
#63305
b101001100110110 #
1!
#63310
b1111111110010 #
0!
#63315
b110100100001100 #
1!
#63320
b1100011110001010 #
0!
#63325
b1100101111111100 #
1!
#63330
b110001111001001 #
0!
#63335
b1100100110100 #
1!
#63340
b101110011110010 #
0!
#63345
b1000010101001011 #
1!
#63350
b100000011110110 #
0!
#63355
b1010100100100000 #
1!
#63360
b1001100010011 #
0!
#63365
b110101110110110 #
1!
#63370
b1011010011001010 #
0!
#63375
b1110001011011000 #
1!
#63380
b100001100100011 #
0!
#63385
b10101000011101 #
1!
#63390
b111100110010010 #
0!
#63395
b101001000000111 #
1!
#63400
b110011000111 #
0!
#63405
b10111000011011 #
1!
#63410
b110110011111 #
0!
#63415
b100010000010000 #
1!
#63420
b100100110010101 #
0!
#63425
b1010010000100101 #
1!
#63430
b1010101011101111 #
0!
#63435
b1100011010001101 #
1!
#63440
b1001010111001010 #
0!
#63445
b111011000110000 #
1!
#63450
b100110001111000 #
0!
#63455
b1010001011011000 #
1!
#63460
b100110111011100 #
0!
#63465
b101000100111110 #
1!
#63470
b1011000101111101 #
0!
#63475
b110011010101010 #
1!
#63480
b1000110000111010 #
0!
#63485
b1001111110100001 #
1!
#63490
b101001011110101 #
0!
#63495
b101110101111010 #
1!
#63500
b11000111011000 #
0!
#63505
b1000111101001110 #
1!
#63510
b110111001110101 #
0!
#63515
b1001001110011110 #
1!
#63520
b1101010111010000 #
0!
#63525
b110100011011 #
1!
#63530
b110010110 #
0!
#63535
b1101000111011010 #
1!
#63540
b1101001111001001 #
0!
#63545
b1100000101000010 #
1!
#63550
b1100010001001000 #
0!
#63555
b1010011101101010 #
1!
#63560
b100101001011101 #
0!
#63565
b1101011111000 #
1!
#63570
b11010000011001 #
0!
#63575
b110000000011111 #
1!
#63580
b1010000111001 #
0!
#63585
b100011001110111 #
1!
#63590
b1001000111011110 #
0!
#63595
b100110101100 #
1!
#63600
b1100111000101000 #
0!
#63605
b10111001010110 #
1!
#63610
b1101000010101110 #
0!
#63615
b110101010111101 #
1!
#63620
b1101010111001101 #
0!
#63625
b111111001111010 #
1!
#63630
b1011010011000010 #
0!
#63635
b1010111011101 #
1!
#63640
b100001000110001 #
0!
#63645
b1010010010001010 #
1!
#63650
b1011010000001110 #
0!
#63655
b101000111100100 #
1!
#63660
b1111010011110101 #
0!
#63665
b1100100100101011 #
1!
#63670
b111000101010 #
0!
#63675
b10101011100110 #
1!
#63680
b1000011001001011 #
0!
#63685
b1101110011110000 #
1!
#63690
b1011111001110010 #
0!
#63695
b111000001001001 #
1!
#63700
b101001101111001 #
0!
#63705
b1000100101000001 #
1!
#63710
b111111011011001 #
0!
#63715
b1010110000100000 #
1!
#63720
b111100100011111 #
0!
#63725
b11100100100011 #
1!
#63730
b1100111101101001 #
0!
#63735
b10110101010000 #
1!
#63740
b1101000111101011 #
0!
#63745
b1100100101110 #
1!
#63750
b1110011111101000 #
0!
#63755
b1111101110101110 #
1!
#63760
b1111100000001000 #
0!
#63765
b1011110001100 #
1!
#63770
b1100011010010011 #
0!
#63775
b1110001010011000 #
1!
#63780
b100110011110000 #
0!
#63785
b1101110001011101 #
1!
#63790
b10011001110001 #
0!
#63795
b111001000110110 #
1!
#63800
b1110100011010110 #
0!
#63805
b1101100001010011 #
1!
#63810
b1000010100110010 #
0!
#63815
b1111010011100110 #
1!
#63820
b1010100001110110 #
0!
#63825
b11010011011100 #
1!
#63830
b1110000010000 #
0!
#63835
b111010111111111 #
1!
#63840
b10100101101000 #
0!
#63845
b1101110010111011 #
1!
#63850
b1110101010101000 #
0!
#63855
b1100000001110000 #
1!
#63860
b1100001011000001 #
0!
#63865
b111111101011011 #
1!
#63870
b1010101001001110 #
0!
#63875
b110001101101000 #
1!
#63880
b1001011100101111 #
0!
#63885
b1000010011001001 #
1!
#63890
b1101011111000110 #
0!
#63895
b1010011010000111 #
1!
#63900
b111110101010101 #
0!
#63905
b1101110001110 #
1!
#63910
b1010111011100110 #
0!
#63915
b1001101011000110 #
1!
#63920
b1001010001010 #
0!
#63925
b10111101100001 #
1!
#63930
b10101100001011 #
0!
#63935
b101010100011 #
1!
#63940
b1011010111001100 #
0!
#63945
b110101011110011 #
1!
#63950
b100011101101 #
0!
#63955
b111111110100001 #
1!
#63960
b111111000001000 #
0!
#63965
b11110010110101 #
1!
#63970
b1100011110110101 #
0!
#63975
b100011011001111 #
1!
#63980
b100110010000010 #
0!
#63985
b1100111111110011 #
1!
#63990
b1001110011011010 #
0!
#63995
b110111101001010 #
1!
#64000
b1011101110000101 #
0!
#64005
b110100010110 #
1!
#64010
b1000011110111010 #
0!
#64015
b1011111101110010 #
1!
#64020
b10001100100010 #
0!
#64025
b1010010101100110 #
1!
#64030
b100010101101001 #
0!
#64035
b1100100011010111 #
1!
#64040
b1010010100101001 #
0!
#64045
b101010 #
1!
#64050
b101000010100010 #
0!
#64055
b1101001001111011 #
1!
#64060
b1100100011001 #
0!
#64065
b100110001110101 #
1!
#64070
b1110010101100111 #
0!
#64075
b1110110010000010 #
1!
#64080
b1110001000111 #
0!
#64085
b111011001111111 #
1!
#64090
b100110110 #
0!
#64095
b1110000111101011 #
1!
#64100
b110111100010 #
0!
#64105
b10101011011111 #
1!
#64110
b101110001010101 #
0!
#64115
b11110001100001 #
1!
#64120
b10000011110 #
0!
#64125
b1101000101111100 #
1!
#64130
b111011000100011 #
0!
#64135
b100101111000011 #
1!
#64140
b1110000100110101 #
0!
#64145
b1001100110011000 #
1!
#64150
b1000101111110011 #
0!
#64155
b1011001111111 #
1!
#64160
b11101001110110 #
0!
#64165
b110110110110110 #
1!
#64170
b1001010101100100 #
0!
#64175
b110111101001011 #
1!
#64180
b111001100011010 #
0!
#64185
b1111101111010001 #
1!
#64190
b101000010100011 #
0!
#64195
b1101110001011101 #
1!
#64200
b1010000000011110 #
0!
#64205
b1010110110100001 #
1!
#64210
b11100010100011 #
0!
#64215
b1010111110111111 #
1!
#64220
b1010010111010001 #
0!
#64225
b1011000001011000 #
1!
#64230
b1000110010110010 #
0!
#64235
b1110111111000110 #
1!
#64240
b1011101001111 #
0!
#64245
b1110111010100101 #
1!
#64250
b100010001101011 #
0!
#64255
b110100001011010 #
1!
#64260
b101010110101001 #
0!
#64265
b1100101011011 #
1!
#64270
b1111001111110 #
0!
#64275
b1010101100001111 #
1!
#64280
b111101111100111 #
0!
#64285
b1001010010010000 #
1!
#64290
b1001011001000000 #
0!
#64295
b1111111111000001 #
1!
#64300
b110010010100111 #
0!
#64305
b1001001010001100 #
1!
#64310
b1110100110000000 #
0!
#64315
b111000010110001 #
1!
#64320
b1010110110001000 #
0!
#64325
b1111111101101000 #
1!
#64330
b1000110010111 #
0!
#64335
b1100111011001111 #
1!
#64340
b1011001000011100 #
0!
#64345
b1000000110100100 #
1!
#64350
b1100101000101110 #
0!
#64355
b1010001001000001 #
1!
#64360
b1000111110011100 #
0!
#64365
b1000100110100000 #
1!
#64370
b1001001110101011 #
0!
#64375
b11100010111100 #
1!
#64380
b10000000010000 #
0!
#64385
b100001101000100 #
1!
#64390
b1010001011000111 #
0!
#64395
b1001111011001111 #
1!
#64400
b100101101 #
0!
#64405
b1001100010101011 #
1!
#64410
b1111101000110111 #
0!
#64415
b1010000010101110 #
1!
#64420
b1000110010010001 #
0!
#64425
b11011000111100 #
1!
#64430
b101001011110110 #
0!
#64435
b1100011010100000 #
1!
#64440
b1110000010101001 #
0!
#64445
b1000100111101101 #
1!
#64450
b10100100001010 #
0!
#64455
b110000010011110 #
1!
#64460
b1101100011100101 #
0!
#64465
b1011110100101001 #
1!
#64470
b1011100001011011 #
0!
#64475
b111101001000110 #
1!
#64480
b111110000001 #
0!
#64485
b1011111000001111 #
1!
#64490
b1111111001111110 #
0!
#64495
b1101110110101001 #
1!
#64500
b1110001010010101 #
0!
#64505
b11011001111101 #
1!
#64510
b1011010111110011 #
0!
#64515
b1100100100000 #
1!
#64520
b110110110100011 #
0!
#64525
b1001011010110010 #
1!
#64530
b101101011010011 #
0!
#64535
b111010110110101 #
1!
#64540
b1000110001011110 #
0!
#64545
b10011011110 #
1!
#64550
b10101001011101 #
0!
#64555
b100110001 #
1!
#64560
b1101101011011111 #
0!
#64565
b111000010000010 #
1!
#64570
b1111001100001 #
0!
#64575
b1000011001111111 #
1!
#64580
b1011010100000011 #
0!
#64585
b1000010111101100 #
1!
#64590
b1111010100000001 #
0!
#64595
b1001010001011100 #
1!
#64600
b11011000100100 #
0!
#64605
b1010111110101011 #
1!
#64610
b10100010110011 #
0!
#64615
b111010000001001 #
1!
#64620
b11110111110100 #
0!
#64625
b1100101100000 #
1!
#64630
b1111011000011000 #
0!
#64635
b11001100000001 #
1!
#64640
b110000010011100 #
0!
#64645
b1010111010101000 #
1!
#64650
b101101001111011 #
0!
#64655
b1001110001011101 #
1!
#64660
b1111100111 #
0!
#64665
b1111010010100 #
1!
#64670
b1000110010100 #
0!
#64675
b11110111110011 #
1!
#64680
b11101010101111 #
0!
#64685
b1101001101111000 #
1!
#64690
b1001010001101010 #
0!
#64695
b110000011000010 #
1!
#64700
b1110100100111111 #
0!
#64705
b1111011001100100 #
1!
#64710
b10000011100100 #
0!
#64715
b1001111011010 #
1!
#64720
b1010010011100001 #
0!
#64725
b111100100110010 #
1!
#64730
b1011001011101000 #
0!
#64735
b1111000111110 #
1!
#64740
b1100110001011101 #
0!
#64745
b1101101110 #
1!
#64750
b100110011101 #
0!
#64755
b1001111101000 #
1!
#64760
b111110010001111 #
0!
#64765
b1111111000 #
1!
#64770
b1001101010101010 #
0!
#64775
b11100110000110 #
1!
#64780
b1001000111010100 #
0!
#64785
b1010001010111010 #
1!
#64790
b1010011100000011 #
0!
#64795
b1001110111111000 #
1!
#64800
b1010001010010000 #
0!
#64805
b1100111101000111 #
1!
#64810
b10100000101001 #
0!
#64815
b110001001000 #
1!
#64820
b1001001110000 #
0!
#64825
b11010010111001 #
1!
#64830
b1101101001101001 #
0!
#64835
b1001000000111 #
1!
#64840
b1111100110110100 #
0!
#64845
b11111010101101 #
1!
#64850
b11110111111010 #
0!
#64855
b1111110111010110 #
1!
#64860
b11010100101011 #
0!
#64865
b1100010101010 #
1!
#64870
b1000011010000011 #
0!
#64875
b1101001100001101 #
1!
#64880
b101111100100010 #
0!
#64885
b1011000011011011 #
1!
#64890
b1011100000000010 #
0!
#64895
b110011100110001 #
1!
#64900
b1101010011111001 #
0!
#64905
b1011000001011110 #
1!
#64910
b1000101110000000 #
0!
#64915
b11111100111110 #
1!
#64920
b1011001010011000 #
0!
#64925
b1000011100011001 #
1!
#64930
b111101110010010 #
0!
#64935
b1010101001110011 #
1!
#64940
b1101001001111001 #
0!
#64945
b101110001011000 #
1!
#64950
b1100010000011110 #
0!
#64955
b1011011110011111 #
1!
#64960
b1101010010001001 #
0!
#64965
b1111100010111 #
1!
#64970
b110010001011010 #
0!
#64975
b10110110011011 #
1!
#64980
b1001110000011 #
0!
#64985
b111101001010010 #
1!
#64990
b1011110000110 #
0!
#64995
b1001100100000011 #
1!
#65000
b1010011000011011 #
0!
#65005
b1101101100100010 #
1!
#65010
b101010001000010 #
0!
#65015
b100011010111010 #
1!
#65020
b110111010010101 #
0!
#65025
b110110000011111 #
1!
#65030
b101111000011001 #
0!
#65035
b100010001101000 #
1!
#65040
b100100001100 #
0!
#65045
b1100010110101 #
1!
#65050
b10110000011101 #
0!
#65055
b101110101111000 #
1!
#65060
b1100110000100110 #
0!
#65065
b1001000011101111 #
1!
#65070
b111111100011000 #
0!
#65075
b1110010110000 #
1!
#65080
b1101100101100111 #
0!
#65085
b11101101101110 #
1!
#65090
b1100110101001000 #
0!
#65095
b1100111000000110 #
1!
#65100
b11111010011 #
0!
#65105
b100011011110100 #
1!
#65110
b101010100100101 #
0!
#65115
b111111110111100 #
1!
#65120
b1111011100101011 #
0!
#65125
b1010000001011111 #
1!
#65130
b1001000011001 #
0!
#65135
b1111101101100100 #
1!
#65140
b1101101100 #
0!
#65145
b1111000101011110 #
1!
#65150
b1100000110110001 #
0!
#65155
b1100110011100110 #
1!
#65160
b100010111001001 #
0!
#65165
b1010011111000011 #
1!
#65170
b1101111100111011 #
0!
#65175
b100001100010000 #
1!
#65180
b1001101111100111 #
0!
#65185
b1110111011000110 #
1!
#65190
b1010010100111111 #
0!
#65195
b110011011100000 #
1!
#65200
b1010001101111111 #
0!
#65205
b1011001100010000 #
1!
#65210
b1001111100000 #
0!
#65215
b10000001100 #
1!
#65220
b1011010000101100 #
0!
#65225
b1001111111101100 #
1!
#65230
b1110000010001001 #
0!
#65235
b1010101011101010 #
1!
#65240
b1110111010011010 #
0!
#65245
b1111101101011 #
1!
#65250
b1000110011100000 #
0!
#65255
b1010001101001101 #
1!
#65260
b10101111000110 #
0!
#65265
b110000011011110 #
1!
#65270
b101001010001101 #
0!
#65275
b1111100101110000 #
1!
#65280
b100010010101 #
0!
#65285
b101000001111000 #
1!
#65290
b10111010101000 #
0!
#65295
b111101110000110 #
1!
#65300
b1110001101101111 #
0!
#65305
b1001011001110101 #
1!
#65310
b1101110101101111 #
0!
#65315
b1011001000000110 #
1!
#65320
b1101001100010111 #
0!
#65325
b1010010110010001 #
1!
#65330
b1101011000010101 #
0!
#65335
b1110111001010001 #
1!
#65340
b1011011110000010 #
0!
#65345
b1010000000111101 #
1!
#65350
b101110001000010 #
0!
#65355
b11011011000000 #
1!
#65360
b10101011010100 #
0!
#65365
b111101101010101 #
1!
#65370
b110011000101010 #
0!
#65375
b101110010111011 #
1!
#65380
b1000110001001011 #
0!
#65385
b1101110010111001 #
1!
#65390
b1011001110110001 #
0!
#65395
b1110011011101101 #
1!
#65400
b1111001001001000 #
0!
#65405
b11010110100000 #
1!
#65410
b1011111010100111 #
0!
#65415
b10010100101101 #
1!
#65420
b11111000110000 #
0!
#65425
b1010110000000000 #
1!
#65430
b1100001101111111 #
0!
#65435
b10001100110101 #
1!
#65440
b101001011010 #
0!
#65445
b11000111011000 #
1!
#65450
b1011101110000010 #
0!
#65455
b1010101010111101 #
1!
#65460
b1011001111000111 #
0!
#65465
b110111011000101 #
1!
#65470
b110011011110111 #
0!
#65475
b100100100010011 #
1!
#65480
b101000011011010 #
0!
#65485
b1101000110100110 #
1!
#65490
b100000100111001 #
0!
#65495
b100100111010000 #
1!
#65500
b1100001111000001 #
0!
#65505
b1000001110111010 #
1!
#65510
b1000001000101100 #
0!
#65515
b1011100110101110 #
1!
#65520
b1010010011011101 #
0!
#65525
b111001000000100 #
1!
#65530
b10110000010000 #
0!
#65535
b110001000101101 #
1!
#65540
b101001010111010 #
0!
#65545
b100101101010000 #
1!
#65550
b1111011000100101 #
0!
#65555
b1101010000010101 #
1!
#65560
b1110100100000001 #
0!
#65565
b111100010110010 #
1!
#65570
b101111000100001 #
0!
#65575
b101100001100101 #
1!
#65580
b100001011101000 #
0!
#65585
b10011111011011 #
1!
#65590
b1010000111100000 #
0!
#65595
b1111101011011011 #
1!
#65600
b1111110110001000 #
0!
#65605
b100000000001100 #
1!
#65610
b1011100001011000 #
0!
#65615
b1000100010011011 #
1!
#65620
b111000110101010 #
0!
#65625
b111010000010111 #
1!
#65630
b110001000111011 #
0!
#65635
b1000110100010011 #
1!
#65640
b1011111001011010 #
0!
#65645
b10110100110101 #
1!
#65650
b1100001001000 #
0!
#65655
b101010010110110 #
1!
#65660
b1011111011110110 #
0!
#65665
b1001010000001010 #
1!
#65670
b1101010111011 #
0!
#65675
b1110101010100110 #
1!
#65680
b111011100010 #
0!
#65685
b1001101010110100 #
1!
#65690
b110000011100001 #
0!
#65695
b1101111100011 #
1!
#65700
b101010101011 #
0!
#65705
b1110100001000100 #
1!
#65710
b1010100100110011 #
0!
#65715
b111001000010100 #
1!
#65720
b1100111111001011 #
0!
#65725
b1110110101100001 #
1!
#65730
b110111000001010 #
0!
#65735
b11110110001001 #
1!
#65740
b11011110111100 #
0!
#65745
b1101000110001000 #
1!
#65750
b1110111001001011 #
0!
#65755
b1000010110001011 #
1!
#65760
b1101111010100100 #
0!
#65765
b1000000110110110 #
1!
#65770
b10010100010110 #
0!
#65775
b1100110001110 #
1!
#65780
b10000101000010 #
0!
#65785
b1010101011001001 #
1!
#65790
b1100110011100101 #
0!
#65795
b1000001101100100 #
1!
#65800
b1110101011101 #
0!
#65805
b1011100110001000 #
1!
#65810
b110001000011001 #
0!
#65815
b1000000000100 #
1!
#65820
b1010101101101010 #
0!
#65825
b1101100110010001 #
1!
#65830
b10000001100111 #
0!
#65835
b1100110111111101 #
1!
#65840
b110100110100100 #
0!
#65845
b1111001000010111 #
1!
#65850
b10000100100 #
0!
#65855
b1000001000110011 #
1!
#65860
b1011001001000100 #
0!
#65865
b1011100011000001 #
1!
#65870
b1100110111100001 #
0!
#65875
b1011111011110101 #
1!
#65880
b1010010000100101 #
0!
#65885
b1001000010000001 #
1!
#65890
b1111000001010111 #
0!
#65895
b1100111100001000 #
1!
#65900
b1101001110001 #
0!
#65905
b1010101110111001 #
1!
#65910
b1010111000010011 #
0!
#65915
b1011111111000101 #
1!
#65920
b1011000110101011 #
0!
#65925
b1111000010010011 #
1!
#65930
b1111011101 #
0!
#65935
b101100011011000 #
1!
#65940
b1100000110110100 #
0!
#65945
b1000111010010 #
1!
#65950
b1010011001010110 #
0!
#65955
b10100110111110 #
1!
#65960
b110101000011100 #
0!
#65965
b111010000000001 #
1!
#65970
b1101010111101 #
0!
#65975
b111101010010100 #
1!
#65980
b1000011101100000 #
0!
#65985
b100101001001101 #
1!
#65990
b1001100001011111 #
0!
#65995
b101110101100000 #
1!
#66000
b1011001101011100 #
0!
#66005
b111110111110100 #
1!
#66010
b1101110010111 #
0!
#66015
b1001100001001110 #
1!
#66020
b100101010100110 #
0!
#66025
b1011011010001011 #
1!
#66030
b101111011101011 #
0!
#66035
b1011110100011011 #
1!
#66040
b110101000000110 #
0!
#66045
b110010100000001 #
1!
#66050
b1110000000110101 #
0!
#66055
b1001100100111 #
1!
#66060
b1110111011000110 #
0!
#66065
b1011010010110110 #
1!
#66070
b1101110101000101 #
0!
#66075
b1010100101100010 #
1!
#66080
b111001000010001 #
0!
#66085
b1001001101111000 #
1!
#66090
b100111100001001 #
0!
#66095
b100011010010110 #
1!
#66100
b101000100011100 #
0!
#66105
b1010011011000010 #
1!
#66110
b1111001110100111 #
0!
#66115
b111110000101110 #
1!
#66120
b1010100101001011 #
0!
#66125
b110000000011010 #
1!
#66130
b100001101111101 #
0!
#66135
b1001011100011001 #
1!
#66140
b101001100010001 #
0!
#66145
b1110110111010011 #
1!
#66150
b111111010001010 #
0!
#66155
b1001111111010011 #
1!
#66160
b1110110110111011 #
0!
#66165
b11010100101100 #
1!
#66170
b1001111100110000 #
0!
#66175
b110000000111100 #
1!
#66180
b1101001111101000 #
0!
#66185
b1110010111111011 #
1!
#66190
b110001011001000 #
0!
#66195
b110101101000000 #
1!
#66200
b10000111011101 #
0!
#66205
b110101111100111 #
1!
#66210
b100001000001000 #
0!
#66215
b11000000011 #
1!
#66220
b1011001001110000 #
0!
#66225
b1110111001100001 #
1!
#66230
b111110010100010 #
0!
#66235
b100000110010011 #
1!
#66240
b10010011000100 #
0!
#66245
b110001001010000 #
1!
#66250
b110100101011 #
0!
#66255
b1110011110111010 #
1!
#66260
b1101000010001101 #
0!
#66265
b110111111000000 #
1!
#66270
b1010110110101010 #
0!
#66275
b1000001100011100 #
1!
#66280
b1101011000010101 #
0!
#66285
b111111101100101 #
1!
#66290
b1101110011011001 #
0!
#66295
b110001000011011 #
1!
#66300
b111010101111 #
0!
#66305
b1011111101010001 #
1!
#66310
b1101010110001001 #
0!
#66315
b1001000110110100 #
1!
#66320
b1011111101010 #
0!
#66325
b1110110110110 #
1!
#66330
b1001010100011110 #
0!
#66335
b1101100011011011 #
1!
#66340
b100101100011100 #
0!
#66345
b100001000000110 #
1!
#66350
b1101010110100100 #
0!
#66355
b1100100001110111 #
1!
#66360
b1100011010010001 #
0!
#66365
b1001111001010010 #
1!
#66370
b1001101101011 #
0!
#66375
b1010101110010100 #
1!
#66380
b110011100011101 #
0!
#66385
b101101000110010 #
1!
#66390
b1000101110101000 #
0!
#66395
b1000101011100000 #
1!
#66400
b1100011000101000 #
0!
#66405
b110001000100000 #
1!
#66410
b11100100001111 #
0!
#66415
b11011000010010 #
1!
#66420
b100000000010100 #
0!
#66425
b110010110001011 #
1!
#66430
b1101100011101001 #
0!
#66435
b11100101000111 #
1!
#66440
b1111010000011011 #
0!
#66445
b1100101110001101 #
1!
#66450
b1110010010001010 #
0!
#66455
b1101110111111101 #
1!
#66460
b1011101001100101 #
0!
#66465
b1100000110001011 #
1!
#66470
b1001110010110010 #
0!
#66475
b11000010110110 #
1!
#66480
b11000010001011 #
0!
#66485
b11010010100011 #
1!
#66490
b1111100111001000 #
0!
#66495
b111100011 #
1!
#66500
b1011001001000111 #
0!
#66505
b1101000000110111 #
1!
#66510
b1011011101100110 #
0!
#66515
b1101010000101010 #
1!
#66520
b101110110000010 #
0!
#66525
b1101111000 #
1!
#66530
b101010100110101 #
0!
#66535
b1111110110100101 #
1!
#66540
b101001110011 #
0!
#66545
b1111010100111100 #
1!
#66550
b101010001000 #
0!
#66555
b1000010100101010 #
1!
#66560
b101100000011010 #
0!
#66565
b1001001100000100 #
1!
#66570
b1101010110110110 #
0!
#66575
b11010000111111 #
1!
#66580
b1010000010110100 #
0!
#66585
b1000101101111010 #
1!
#66590
b111001110100100 #
0!
#66595
b1001111111000100 #
1!
#66600
b1101111011 #
0!
#66605
b100011001010100 #
1!
#66610
b101111101111111 #
0!
#66615
b100011110111 #
1!
#66620
b101011001010100 #
0!
#66625
b1111001011011111 #
1!
#66630
b1101001000010101 #
0!
#66635
b1000001111100111 #
1!
#66640
b11101110110101 #
0!
#66645
b111110000011011 #
1!
#66650
b1100111111001011 #
0!
#66655
b1101011111100101 #
1!
#66660
b101001101011 #
0!
#66665
b1001000010110000 #
1!
#66670
b101110101010 #
0!
#66675
b1001001000011101 #
1!
#66680
b1110001010000101 #
0!
#66685
b1001011010100110 #
1!
#66690
b10101110000 #
0!
#66695
b111011101 #
1!
#66700
b1001111000010001 #
0!
#66705
b1011111000100111 #
1!
#66710
b1111100000101111 #
0!
#66715
b10110110101011 #
1!
#66720
b1101100111110000 #
0!
#66725
b1111001000110000 #
1!
#66730
b1110001001011011 #
0!
#66735
b1110010110111111 #
1!
#66740
b1111000001101010 #
0!
#66745
b1110000101111100 #
1!
#66750
b111111111010110 #
0!
#66755
b1011001000000100 #
1!
#66760
b1111111011000101 #
0!
#66765
b1111001110010011 #
1!
#66770
b100011111100010 #
0!
#66775
b1110010100011101 #
1!
#66780
b1110001010010110 #
0!
#66785
b101011101000010 #
1!
#66790
b111101001111001 #
0!
#66795
b1000010110101011 #
1!
#66800
b11010011111010 #
0!
#66805
b1111010101011110 #
1!
#66810
b1001111111111 #
0!
#66815
b101111001001000 #
1!
#66820
b101001101111111 #
0!
#66825
b111111000101101 #
1!
#66830
b1100110111000110 #
0!
#66835
b1101010 #
1!
#66840
b101100111101001 #
0!
#66845
b101101101000011 #
1!
#66850
b10010101100011 #
0!
#66855
b1011010110111010 #
1!
#66860
b10001110001100 #
0!
#66865
b1011100100110101 #
1!
#66870
b101011001000001 #
0!
#66875
b1000011011110001 #
1!
#66880
b100101001110110 #
0!
#66885
b1000010111110000 #
1!
#66890
b101111001110001 #
0!
#66895
b100010011100101 #
1!
#66900
b11000000101001 #
0!
#66905
b110011000011001 #
1!
#66910
b1111100100110000 #
0!
#66915
b111100111001011 #
1!
#66920
b1110110100000110 #
0!
#66925
b1100111100111110 #
1!
#66930
b1010000100010011 #
0!
#66935
b110111001010111 #
1!
#66940
b101111100111101 #
0!
#66945
b1110100001000001 #
1!
#66950
b1001000101011110 #
0!
#66955
b11010110111110 #
1!
#66960
b1111101100010 #
0!
#66965
b1001111011000101 #
1!
#66970
b1100100101110001 #
0!
#66975
b1001011101001011 #
1!
#66980
b1000101001110100 #
0!
#66985
b1001110000000001 #
1!
#66990
b11000111 #
0!
#66995
b1110110000100 #
1!
#67000
b1011111001110111 #
0!
#67005
b100111011001110 #
1!
#67010
b1011011110001000 #
0!
#67015
b1011010010001 #
1!
#67020
b1001011001110001 #
0!
#67025
b1110001000111110 #
1!
#67030
b10011100010111 #
0!
#67035
b1001000011100111 #
1!
#67040
b1010110111110001 #
0!
#67045
b100010110101001 #
1!
#67050
b100110110100001 #
0!
#67055
b101001011011100 #
1!
#67060
b110000111011101 #
0!
#67065
b1110001110000 #
1!
#67070
b1110001100011010 #
0!
#67075
b1110111100111010 #
1!
#67080
b1100101111000000 #
0!
#67085
b1101110101011110 #
1!
#67090
b110100110101010 #
0!
#67095
b1010101001100111 #
1!
#67100
b1100101001010010 #
0!
#67105
b1010101100000001 #
1!
#67110
b1100011111100 #
0!
#67115
b1001011100110110 #
1!
#67120
b1111100101101111 #
0!
#67125
b111011110111111 #
1!
#67130
b1110110101101000 #
0!
#67135
b111110000000110 #
1!
#67140
b1011001100110001 #
0!
#67145
b1110101000011000 #
1!
#67150
b1010001101110011 #
0!
#67155
b1110101000110110 #
1!
#67160
b1010101101100 #
0!
#67165
b111010011011100 #
1!
#67170
b1011011110010101 #
0!
#67175
b10101110010001 #
1!
#67180
b1111101001001000 #
0!
#67185
b11111010110101 #
1!
#67190
b110010111000111 #
0!
#67195
b100100011001101 #
1!
#67200
b1111111000011111 #
0!
#67205
b11010111010111 #
1!
#67210
b1010100111001111 #
0!
#67215
b1001110101000 #
1!
#67220
b1000000001101010 #
0!
#67225
b10000110111 #
1!
#67230
b11111010110111 #
0!
#67235
b1001011000111 #
1!
#67240
b1001100011101110 #
0!
#67245
b1100000010110 #
1!
#67250
b1010001101110111 #
0!
#67255
b1001011011100111 #
1!
#67260
b10011111011001 #
0!
#67265
b1001110001000000 #
1!
#67270
b111001000001 #
0!
#67275
b1010100010000000 #
1!
#67280
b1100001100011010 #
0!
#67285
b111111011010101 #
1!
#67290
b1000000101100011 #
0!
#67295
b1010001101010 #
1!
#67300
b1100101010010110 #
0!
#67305
b110100011110100 #
1!
#67310
b1011011001000111 #
0!
#67315
b110100110100001 #
1!
#67320
b101101010000000 #
0!
#67325
b1100100100011100 #
1!
#67330
b10100001110101 #
0!
#67335
b1110111110111101 #
1!
#67340
b100111010001110 #
0!
#67345
b1100100110100001 #
1!
#67350
b1010000011011 #
0!
#67355
b1011001100111011 #
1!
#67360
b100000000110011 #
0!
#67365
b101010000001110 #
1!
#67370
b111011100010101 #
0!
#67375
b1000001000100101 #
1!
#67380
b1001000110101101 #
0!
#67385
b1101110111111 #
1!
#67390
b100011100000 #
0!
#67395
b1110100101000000 #
1!
#67400
b101011100000011 #
0!
#67405
b1000010110011111 #
1!
#67410
b100101110000100 #
0!
#67415
b11001101001000 #
1!
#67420
b111001111001011 #
0!
#67425
b1011111001010010 #
1!
#67430
b111010011010101 #
0!
#67435
b110100101011111 #
1!
#67440
b111110111010100 #
0!
#67445
b1011011110100111 #
1!
#67450
b1000011100011000 #
0!
#67455
b101110100111101 #
1!
#67460
b1101001001111011 #
0!
#67465
b1011110110001 #
1!
#67470
b11100101111010 #
0!
#67475
b1001010101000001 #
1!
#67480
b1001000111100001 #
0!
#67485
b100110101010011 #
1!
#67490
b100001001110 #
0!
#67495
b110000111110110 #
1!
#67500
b1001000010111000 #
0!
#67505
b1000001110100101 #
1!
#67510
b11001010010111 #
0!
#67515
b1100110000100010 #
1!
#67520
b111001011011100 #
0!
#67525
b1010010011111001 #
1!
#67530
b1011001111000100 #
0!
#67535
b1010001000000110 #
1!
#67540
b1001000001111001 #
0!
#67545
b110000111101101 #
1!
#67550
b100010000100111 #
0!
#67555
b110111111001100 #
1!
#67560
b10011101010 #
0!
#67565
b10000001001100 #
1!
#67570
b110001000010000 #
0!
#67575
b111110011010100 #
1!
#67580
b1010110000011010 #
0!
#67585
b1001100100101 #
1!
#67590
b100110100011000 #
0!
#67595
b1101101011110001 #
1!
#67600
b10011010000101 #
0!
#67605
b1111011101101 #
1!
#67610
b1111101001110101 #
0!
#67615
b101001000100000 #
1!
#67620
b1100101110110000 #
0!
#67625
b1111011000000001 #
1!
#67630
b10110011110111 #
0!
#67635
b111001011101001 #
1!
#67640
b1011011000110111 #
0!
#67645
b101100000 #
1!
#67650
b101101001111100 #
0!
#67655
b1000010011101111 #
1!
#67660
b1100010000110101 #
0!
#67665
b110110011111001 #
1!
#67670
b1100001001110110 #
0!
#67675
b1001010011001100 #
1!
#67680
b1001010000111110 #
0!
#67685
b10011001011110 #
1!
#67690
b110000001101001 #
0!
#67695
b111000111011000 #
1!
#67700
b1000000010011001 #
0!
#67705
b1101011001000011 #
1!
#67710
b1110111011010100 #
0!
#67715
b1010001111101010 #
1!
#67720
b1010001000000110 #
0!
#67725
b1110110010000111 #
1!
#67730
b1110110010010101 #
0!
#67735
b111100010101110 #
1!
#67740
b1101100010101111 #
0!
#67745
b1001010000111110 #
1!
#67750
b1001001000100000 #
0!
#67755
b1111110110101010 #
1!
#67760
b1100000110001110 #
0!
#67765
b1011100001111000 #
1!
#67770
b1110000110100001 #
0!
#67775
b1111101110001010 #
1!
#67780
b1011001111111101 #
0!
#67785
b10000110001 #
1!
#67790
b1000111001100101 #
0!
#67795
b11000011 #
1!
#67800
b1100110010100000 #
0!
#67805
b1110010100111010 #
1!
#67810
b1101110010011 #
0!
#67815
b101100100110111 #
1!
#67820
b1110100001101011 #
0!
#67825
b1000011101101110 #
1!
#67830
b1100000110101100 #
0!
#67835
b111111011000 #
1!
#67840
b1010011111110101 #
0!
#67845
b1101011100011001 #
1!
#67850
b111110111000100 #
0!
#67855
b1111000011111101 #
1!
#67860
b110000011010011 #
0!
#67865
b111110011010110 #
1!
#67870
b101011101010 #
0!
#67875
b1000100101110000 #
1!
#67880
b11000000110010 #
0!
#67885
b1110101011010011 #
1!
#67890
b1110010111000001 #
0!
#67895
b10010111001110 #
1!
#67900
b1111010101101101 #
0!
#67905
b100011010111011 #
1!
#67910
b100101110111110 #
0!
#67915
b1100110101010111 #
1!
#67920
b100100011001001 #
0!
#67925
b1000000100101111 #
1!
#67930
b11010011111011 #
0!
#67935
b101001011001010 #
1!
#67940
b1000101000100010 #
0!
#67945
b100001100100011 #
1!
#67950
b110000100100001 #
0!
#67955
b11110101010010 #
1!
#67960
b1101000010110100 #
0!
#67965
b1111101011101110 #
1!
#67970
b100110101011111 #
0!
#67975
b1101101100110011 #
1!
#67980
b1111110010111000 #
0!
#67985
b1101001001101111 #
1!
#67990
b11000011100100 #
0!
#67995
b11100100111111 #
1!
#68000
b1010100100010111 #
0!
#68005
b1011011100011101 #
1!
#68010
b100011010001 #
0!
#68015
b10000110110011 #
1!
#68020
b11000011100001 #
0!
#68025
b101010001010110 #
1!
#68030
b1001010000100001 #
0!
#68035
b1111010001110 #
1!
#68040
b1010111111000001 #
0!
#68045
b1011111001001 #
1!
#68050
b100111101111111 #
0!
#68055
b111111100000110 #
1!
#68060
b101110 #
0!
#68065
b10100101001111 #
1!
#68070
b111000001111001 #
0!
#68075
b100111100011101 #
1!
#68080
b1100001110000110 #
0!
#68085
b111100100010011 #
1!
#68090
b1111101100011000 #
0!
#68095
b101100000001001 #
1!
#68100
b101000111010111 #
0!
#68105
b1011000001010011 #
1!
#68110
b1010010001000000 #
0!
#68115
b10101101110000 #
1!
#68120
b1100011010000000 #
0!
#68125
b11111010100010 #
1!
#68130
b1110110011100110 #
0!
#68135
b111100100010 #
1!
#68140
b1110001 #
0!
#68145
b100110011111011 #
1!
#68150
b111110000010 #
0!
#68155
b1000001010010 #
1!
#68160
b1001101000110001 #
0!
#68165
b1100011101110110 #
1!
#68170
b11011000010 #
0!
#68175
b1111111100001011 #
1!
#68180
b1110111101111001 #
0!
#68185
b101101000001010 #
1!
#68190
b1001000111101100 #
0!
#68195
b110001111001010 #
1!
#68200
b1110101111110 #
0!
#68205
b111001000011011 #
1!
#68210
b10011011101110 #
0!
#68215
b1000101100000000 #
1!
#68220
b1111110011000011 #
0!
#68225
b11101001001010 #
1!
#68230
b100110010000 #
0!
#68235
b1000000101111000 #
1!
#68240
b10110010001110 #
0!
#68245
b1010000100111100 #
1!
#68250
b10111011000111 #
0!
#68255
b1000001000110 #
1!
#68260
b100111001100 #
0!
#68265
b100111111010011 #
1!
#68270
b101011010010000 #
0!
#68275
b1100100001010001 #
1!
#68280
b1010110010001101 #
0!
#68285
b1011001010010101 #
1!
#68290
b1111110001100011 #
0!
#68295
b1111001100011000 #
1!
#68300
b1111010011100101 #
0!
#68305
b1111011110101101 #
1!
#68310
b101110110100001 #
0!
#68315
b1001101110111010 #
1!
#68320
b111110101001000 #
0!
#68325
b11001001010 #
1!
#68330
b111001100000001 #
0!
#68335
b1000111011110010 #
1!
#68340
b1001111001000101 #
0!
#68345
b1001000111010001 #
1!
#68350
b1111101101110011 #
0!
#68355
b101100000000010 #
1!
#68360
b111101010101011 #
0!
#68365
b1111111010010101 #
1!
#68370
b111000001100110 #
0!
#68375
b100011000111110 #
1!
#68380
b1110100011110111 #
0!
#68385
b111111110001111 #
1!
#68390
b111011111011 #
0!
#68395
b110001000111101 #
1!
#68400
b1000011000100011 #
0!
#68405
b1111100111011010 #
1!
#68410
b1101001100001111 #
0!
#68415
b111100101011000 #
1!
#68420
b1011000110101000 #
0!
#68425
b1111001001111 #
1!
#68430
b111101010010111 #
0!
#68435
b1010101111111 #
1!
#68440
b1000001111011010 #
0!
#68445
b101011100011101 #
1!
#68450
b111111101001011 #
0!
#68455
b1000010100000011 #
1!
#68460
b1101100101011001 #
0!
#68465
b1101000010110101 #
1!
#68470
b1110000010100 #
0!
#68475
b1101010101111000 #
1!
#68480
b100111111011001 #
0!
#68485
b111011011010100 #
1!
#68490
b101000100110001 #
0!
#68495
b1100111000101100 #
1!
#68500
b11111111101001 #
0!
#68505
b1111011000100010 #
1!
#68510
b1101010110011000 #
0!
#68515
b1111111001101110 #
1!
#68520
b1100100100000100 #
0!
#68525
b1011101000010111 #
1!
#68530
b10100101111001 #
0!
#68535
b1011000100011001 #
1!
#68540
b1100010010001011 #
0!
#68545
b1111000010011100 #
1!
#68550
b1000011101101001 #
0!
#68555
b1111001010011001 #
1!
#68560
b1101000111111100 #
0!
#68565
b1000001000110101 #
1!
#68570
b1110100100101110 #
0!
#68575
b1000111111110000 #
1!
#68580
b100100000001100 #
0!
#68585
b1110100001010 #
1!
#68590
b110010010001 #
0!
#68595
b1001011011100 #
1!
#68600
b100100111011100 #
0!
#68605
b10101010101001 #
1!
#68610
b110111001001010 #
0!
#68615
b1100100010101010 #
1!
#68620
b1010110100001011 #
0!
#68625
b1101101111011100 #
1!
#68630
b100101001100111 #
0!
#68635
b1011111011100011 #
1!
#68640
b1000011011000 #
0!
#68645
b1100101101001 #
1!
#68650
b1001110100101101 #
0!
#68655
b1011110001010101 #
1!
#68660
b1100111000000011 #
0!
#68665
b1000110000001101 #
1!
#68670
b10000011110101 #
0!
#68675
b101001010011011 #
1!
#68680
b11010111011 #
0!
#68685
b1010011110011100 #
1!
#68690
b101000011101110 #
0!
#68695
b1100110111000011 #
1!
#68700
b1001000100111001 #
0!
#68705
b1001001010000110 #
1!
#68710
b110110001000010 #
0!
#68715
b11010100010000 #
1!
#68720
b101101001100 #
0!
#68725
b11101010101110 #
1!
#68730
b110110010011010 #
0!
#68735
b101011110010110 #
1!
#68740
b1101000010010000 #
0!
#68745
b100101111011111 #
1!
#68750
b1000001110101 #
0!
#68755
b1100000010100100 #
1!
#68760
b1111111010000011 #
0!
#68765
b11000110111101 #
1!
#68770
b1101000101000110 #
0!
#68775
b1011110110101010 #
1!
#68780
b111000100110010 #
0!
#68785
b1010010000100 #
1!
#68790
b1110101011011101 #
0!
#68795
b101011010101101 #
1!
#68800
b1100001010110010 #
0!
#68805
b1110100101110100 #
1!
#68810
b101101100000110 #
0!
#68815
b101110111011111 #
1!
#68820
b100111100100101 #
0!
#68825
b101010100111001 #
1!
#68830
b1101101111011011 #
0!
#68835
b101100001110010 #
1!
#68840
b11010001111100 #
0!
#68845
b1100010000110111 #
1!
#68850
b1110101011000111 #
0!
#68855
b1001100001000101 #
1!
#68860
b100110010110100 #
0!
#68865
b110010111111011 #
1!
#68870
b1100001110100101 #
0!
#68875
b10011101111111 #
1!
#68880
b11010010111010 #
0!
#68885
b10001010111100 #
1!
#68890
b110001100000010 #
0!
#68895
b1100111010101000 #
1!
#68900
b100100111000011 #
0!
#68905
b1010100101000001 #
1!
#68910
b1000001111101111 #
0!
#68915
b1111101101000 #
1!
#68920
b1010010000110111 #
0!
#68925
b110010011111001 #
1!
#68930
b1010000101011001 #
0!
#68935
b110000101111000 #
1!
#68940
b10010011111011 #
0!
#68945
b1000000110100110 #
1!
#68950
b1111100001110010 #
0!
#68955
b1010000011011111 #
1!
#68960
b110010101001101 #
0!
#68965
b1110100101111010 #
1!
#68970
b1000011100000111 #
0!
#68975
b1010110000010111 #
1!
#68980
b1011111011011011 #
0!
#68985
b100101111100101 #
1!
#68990
b11001010011 #
0!
#68995
b111000101111 #
1!
#69000
b101001101101010 #
0!
#69005
b1000100010010 #
1!
#69010
b1111001000111010 #
0!
#69015
b1001010000010 #
1!
#69020
b1111100010100101 #
0!
#69025
b110011100111111 #
1!
#69030
b1000101001101001 #
0!
#69035
b1100011100011011 #
1!
#69040
b100111001101001 #
0!
#69045
b11101011110000 #
1!
#69050
b1100011001001101 #
0!
#69055
b1111011001011111 #
1!
#69060
b1011000100101110 #
0!
#69065
b11011000111101 #
1!
#69070
b110010001100101 #
0!
#69075
b10101000010100 #
1!
#69080
b11101111010101 #
0!
#69085
b1100100100010011 #
1!
#69090
b1110001011011010 #
0!
#69095
b1011001101100010 #
1!
#69100
b1100100110001101 #
0!
#69105
b1101111010100 #
1!
#69110
b111100011011001 #
0!
#69115
b1001101011011001 #
1!
#69120
b1111011000000101 #
0!
#69125
b1100100010110 #
1!
#69130
b10001110110011 #
0!
#69135
b1010101100100000 #
1!
#69140
b1111110101010 #
0!
#69145
b111000011101000 #
1!
#69150
b1010000000011111 #
0!
#69155
b111010001101011 #
1!
#69160
b110000100011111 #
0!
#69165
b1000110101101110 #
1!
#69170
b110110110111010 #
0!
#69175
b11111000110100 #
1!
#69180
b1001010010101110 #
0!
#69185
b1001100000110000 #
1!
#69190
b1100000000011110 #
0!
#69195
b1100001110001 #
1!
#69200
b101100111110000 #
0!
#69205
b1000001011110011 #
1!
#69210
b1001110010011001 #
0!
#69215
b1100110011001010 #
1!
#69220
b100101010000 #
0!
#69225
b1111011001110011 #
1!
#69230
b1011100011110101 #
0!
#69235
b1110100111101011 #
1!
#69240
b1100000010110101 #
0!
#69245
b101110011011000 #
1!
#69250
b1001001101010011 #
0!
#69255
b1011011010001111 #
1!
#69260
b101110000000100 #
0!
#69265
b1110010100110101 #
1!
#69270
b110011001111110 #
0!
#69275
b100001101010011 #
1!
#69280
b111011110110000 #
0!
#69285
b111100011111110 #
1!
#69290
b11000111000011 #
0!
#69295
b101101111110111 #
1!
#69300
b110111100001110 #
0!
#69305
b1100011110110010 #
1!
#69310
b1010110010111000 #
0!
#69315
b1000100000010011 #
1!
#69320
b101110110101110 #
0!
#69325
b11100010100110 #
1!
#69330
b101010011101110 #
0!
#69335
b1101011101010 #
1!
#69340
b10000001101010 #
0!
#69345
b1111110001000010 #
1!
#69350
b110100100001100 #
0!
#69355
b1101101100100 #
1!
#69360
b101001001100010 #
0!
#69365
b1111101110000011 #
1!
#69370
b1110000000111011 #
0!
#69375
b101010011010001 #
1!
#69380
b101000110100010 #
0!
#69385
b1110010000100001 #
1!
#69390
b111101001110100 #
0!
#69395
b101011010000111 #
1!
#69400
b11011010100110 #
0!
#69405
b10000100101111 #
1!
#69410
b1011001110001010 #
0!
#69415
b110101111111011 #
1!
#69420
b1110000101111000 #
0!
#69425
b1101111110001100 #
1!
#69430
b1100010010000100 #
0!
#69435
b1001110001011111 #
1!
#69440
b1110100010011010 #
0!
#69445
b101011111101 #
1!
#69450
b1010110000101011 #
0!
#69455
b1011101001101110 #
1!
#69460
b1010111101111001 #
0!
#69465
b100110001001001 #
1!
#69470
b10011101010000 #
0!
#69475
b100111001101111 #
1!
#69480
b100101110100010 #
0!
#69485
b1010000101100 #
1!
#69490
b1010111010110111 #
0!
#69495
b1010010000010001 #
1!
#69500
b1001110101101001 #
0!
#69505
b1000111010000100 #
1!
#69510
b111111000110001 #
0!
#69515
b1100101100110011 #
1!
#69520
b11110001000110 #
0!
#69525
b1010010001111010 #
1!
#69530
b1001011111000011 #
0!
#69535
b1000110000110011 #
1!
#69540
b1000100010010010 #
0!
#69545
b1000011001 #
1!
#69550
b1010111101101111 #
0!
#69555
b111001111011010 #
1!
#69560
b1001110111101111 #
0!
#69565
b1010100010111 #
1!
#69570
b100010101111011 #
0!
#69575
b1100110001111100 #
1!
#69580
b101010011110110 #
0!
#69585
b100000110010 #
1!
#69590
b1001010011000111 #
0!
#69595
b1010011101100101 #
1!
#69600
b100101010001000 #
0!
#69605
b1100101111111000 #
1!
#69610
b1001101000010110 #
0!
#69615
b1100100100110010 #
1!
#69620
b1101111001011001 #
0!
#69625
b1101001100 #
1!
#69630
b1000011010000 #
0!
#69635
b1100010100011101 #
1!
#69640
b10100111111111 #
0!
#69645
b10001110001011 #
1!
#69650
b111011100101110 #
0!
#69655
b1110000011101000 #
1!
#69660
b100100110111 #
0!
#69665
b101000110011010 #
1!
#69670
b11101000101 #
0!
#69675
b10110001110001 #
1!
#69680
b1011110011101 #
0!
#69685
b111110011001000 #
1!
#69690
b1011101111111000 #
0!
#69695
b111001110001001 #
1!
#69700
b1011000110001010 #
0!
#69705
b101000111000110 #
1!
#69710
b101000000101100 #
0!
#69715
b100000000110000 #
1!
#69720
b1111001101001110 #
0!
#69725
b11101110100101 #
1!
#69730
b100010001011011 #
0!
#69735
b1110000011000000 #
1!
#69740
b1011100110000011 #
0!
#69745
b110010000011000 #
1!
#69750
b1101001111011001 #
0!
#69755
b101111100100110 #
1!
#69760
b1001110010111000 #
0!
#69765
b1011101111101011 #
1!
#69770
b1111011011100100 #
0!
#69775
b1000100111000110 #
1!
#69780
b1111111000010001 #
0!
#69785
b1110101111110100 #
1!
#69790
b110110111011001 #
0!
#69795
b1110100000010100 #
1!
#69800
b1111011000111110 #
0!
#69805
b101111001100100 #
1!
#69810
b1011000110100001 #
0!
#69815
b1100110010001010 #
1!
#69820
b110010101010100 #
0!
#69825
b100001111000010 #
1!
#69830
b1111110010111001 #
0!
#69835
b11111100001011 #
1!
#69840
b1110000111100010 #
0!
#69845
b1000010001110100 #
1!
#69850
b100111111010111 #
0!
#69855
b101001000010 #
1!
#69860
b1100100011101010 #
0!
#69865
b1100111100101100 #
1!
#69870
b110010010101000 #
0!
#69875
b1011111000101011 #
1!
#69880
b11100111111011 #
0!
#69885
b1000111000001000 #
1!
#69890
b1011011010010101 #
0!
#69895
b1010010101001101 #
1!
#69900
b110000011111 #
0!
#69905
b1110111111000111 #
1!
#69910
b1000001100000111 #
0!
#69915
b1100100110111011 #
1!
#69920
b1101111111011101 #
0!
#69925
b1101101111101001 #
1!
#69930
b1100010000110001 #
0!
#69935
b1111100010000101 #
1!
#69940
b111111111110 #
0!
#69945
b1111 #
1!
#69950
b11011011000110 #
0!
#69955
b1011111110100010 #
1!
#69960
b1011010001010100 #
0!
#69965
b1100101001110010 #
1!
#69970
b101100010011011 #
0!
#69975
b110100111101001 #
1!
#69980
b1011000100111011 #
0!
#69985
b110010011010000 #
1!
#69990
b110001110110010 #
0!
#69995
b1111111001000110 #
1!
#70000
b1001101000000011 #
0!
#70005
b1011110010011111 #
1!
#70010
b101010010010111 #
0!
#70015
b101001010100101 #
1!
#70020
b1101000000001000 #
0!
#70025
b111110011100110 #
1!
#70030
b1110011010011001 #
0!
#70035
b1110101011000110 #
1!
#70040
b110111110100100 #
0!
#70045
b1001110000101 #
1!
#70050
b1001011111001111 #
0!
#70055
b1011010000000 #
1!
#70060
b100111110111110 #
0!
#70065
b1010100101100000 #
1!
#70070
b1010000001010100 #
0!
#70075
b1110001010010011 #
1!
#70080
b1000000100101 #
0!
#70085
b10101000011111 #
1!
#70090
b111001111 #
0!
#70095
b1100010100100 #
1!
#70100
b111001110010 #
0!
#70105
b100011000000100 #
1!
#70110
b111001110100111 #
0!
#70115
b100010001101110 #
1!
#70120
b110001010101011 #
0!
#70125
b110011110000110 #
1!
#70130
b111000111011100 #
0!
#70135
b1011001111001110 #
1!
#70140
b1110101001011110 #
0!
#70145
b1011100000110010 #
1!
#70150
b11101000010001 #
0!
#70155
b111000010111111 #
1!
#70160
b100010001101100 #
0!
#70165
b10010110000010 #
1!
#70170
b1100100110100110 #
0!
#70175
b100100111010011 #
1!
#70180
b1100100100110101 #
0!
#70185
b101110000100110 #
1!
#70190
b1101101101101101 #
0!
#70195
b1100100101010100 #
1!
#70200
b1001010001110001 #
0!
#70205
b1100011101111100 #
1!
#70210
b1110100011100100 #
0!
#70215
b11101010001111 #
1!
#70220
b1000001101010000 #
0!
#70225
b1001001010011100 #
1!
#70230
b11000001111010 #
0!
#70235
b1010101001111001 #
1!
#70240
b11001100110110 #
0!
#70245
b1010110111010010 #
1!
#70250
b1010111111001001 #
0!
#70255
b1110011000101111 #
1!
#70260
b1111111010111011 #
0!
#70265
b1011110011010010 #
1!
#70270
b1110001000110 #
0!
#70275
b111100101110111 #
1!
#70280
b100110 #
0!
#70285
b11001110001100 #
1!
#70290
b1111101001011011 #
0!
#70295
b1010111011011011 #
1!
#70300
b1011000100111 #
0!
#70305
b11101011101101 #
1!
#70310
b1000000001101101 #
0!
#70315
b1001001001101010 #
1!
#70320
b1101111011111011 #
0!
#70325
b1011111001101100 #
1!
#70330
b1010111010101011 #
0!
#70335
b1111000111000011 #
1!
#70340
b1011000110111010 #
0!
#70345
b110101010111000 #
1!
#70350
b11110001000111 #
0!
#70355
b101011101111110 #
1!
#70360
b1010101100000000 #
0!
#70365
b1010101101100001 #
1!
#70370
b1010100111101010 #
0!
#70375
b111110001000 #
1!
#70380
b1010011110111001 #
0!
#70385
b1010110011001101 #
1!
#70390
b10111011101111 #
0!
#70395
b10010110001101 #
1!
#70400
b100010000101011 #
0!
#70405
b101110101011101 #
1!
#70410
b1100101001100001 #
0!
#70415
b110011000001000 #
1!
#70420
b1101111100011011 #
0!
#70425
b110001000010001 #
1!
#70430
b11100000100100 #
0!
#70435
b101111000010100 #
1!
#70440
b1000111000011111 #
0!
#70445
b11000010000101 #
1!
#70450
b1111001001001010 #
0!
#70455
b101101110001001 #
1!
#70460
b11001111111000 #
0!
#70465
b1110110110011110 #
1!
#70470
b11100000010101 #
0!
#70475
b110001010010100 #
1!
#70480
b110011100001100 #
0!
#70485
b1000011111000101 #
1!
#70490
b1110000101 #
0!
#70495
b100100101000101 #
1!
#70500
b1000100111010101 #
0!
#70505
b1010100100000000 #
1!
#70510
b111000000111 #
0!
#70515
b1001001101001001 #
1!
#70520
b1010111001101001 #
0!
#70525
b1100000011000100 #
1!
#70530
b1101101000101100 #
0!
#70535
b1001000101010000 #
1!
#70540
b1011101111010111 #
0!
#70545
b1111100011011100 #
1!
#70550
b1001111111011101 #
0!
#70555
b100111101000110 #
1!
#70560
b100011110011010 #
0!
#70565
b11110000110101 #
1!
#70570
b101011000010010 #
0!
#70575
b1001011111101100 #
1!
#70580
b1010111011001111 #
0!
#70585
b11101111110000 #
1!
#70590
b1100001001111011 #
0!
#70595
b1111010111110011 #
1!
#70600
b110001101011 #
0!
#70605
b101110010001100 #
1!
#70610
b101110100010001 #
0!
#70615
b1011010000101011 #
1!
#70620
b11111100101010 #
0!
#70625
b1100111001111011 #
1!
#70630
b101111100010001 #
0!
#70635
b1110010111100001 #
1!
#70640
b1110000101101101 #
0!
#70645
b111111100001110 #
1!
#70650
b1100100001001001 #
0!
#70655
b100111000000000 #
1!
#70660
b100111010111111 #
0!
#70665
b1011111111000 #
1!
#70670
b101001101000010 #
0!
#70675
b1000000100001110 #
1!
#70680
b1010010000111010 #
0!
#70685
b10101001011 #
1!
#70690
b111101000110000 #
0!
#70695
b1100010110100110 #
1!
#70700
b1011111010000001 #
0!
#70705
b111001101001010 #
1!
#70710
b111110000100111 #
0!
#70715
b10011001110111 #
1!
#70720
b11100110010000 #
0!
#70725
b100110011100110 #
1!
#70730
b101010110001101 #
0!
#70735
b111010001101110 #
1!
#70740
b110110000001011 #
0!
#70745
b100000100110110 #
1!
#70750
b1011111000111100 #
0!
#70755
b11100100011010 #
1!
#70760
b111101101010011 #
0!
#70765
b1011100111010010 #
1!
#70770
b11010101010000 #
0!
#70775
b1100000011101010 #
1!
#70780
b11101100001111 #
0!
#70785
b1110000101010000 #
1!
#70790
b1111011000100000 #
0!
#70795
b1011001001111 #
1!
#70800
b100101001101001 #
0!
#70805
b1010011011100000 #
1!
#70810
b1111110101000110 #
0!
#70815
b11001110100 #
1!
#70820
b11010101000 #
0!
#70825
b1011010100110100 #
1!
#70830
b10001000100 #
0!
#70835
b1111110000000 #
1!
#70840
b1000101001111010 #
0!
#70845
b111100010110011 #
1!
#70850
b1000101110110000 #
0!
#70855
b1010100000011110 #
1!
#70860
b1011001010000101 #
0!
#70865
b1110000110000 #
1!
#70870
b1100101101101001 #
0!
#70875
b1011000101000111 #
1!
#70880
b1101110010010 #
0!
#70885
b1000110100010011 #
1!
#70890
b1100000110111110 #
0!
#70895
b10011111010 #
1!
#70900
b1110111111011 #
0!
#70905
b111011101000011 #
1!
#70910
b10100000010000 #
0!
#70915
b10111111101010 #
1!
#70920
b1101100110011011 #
0!
#70925
b100010010100001 #
1!
#70930
b111111011100000 #
0!
#70935
b111110111000111 #
1!
#70940
b10011011110011 #
0!
#70945
b10010110000011 #
1!
#70950
b1111110010111010 #
0!
#70955
b1111100100110010 #
1!
#70960
b1010010110111111 #
0!
#70965
b1111111011101001 #
1!
#70970
b1010000100000011 #
0!
#70975
b110111111111001 #
1!
#70980
b1010111010111000 #
0!
#70985
b1000010011011111 #
1!
#70990
b10100100010011 #
0!
#70995
b110101110101010 #
1!
#71000
b110000110101000 #
0!
#71005
b1110011010011 #
1!
#71010
b110110100011 #
0!
#71015
b11101000100110 #
1!
#71020
b1001011010101000 #
0!
#71025
b1111011100111111 #
1!
#71030
b1000101111110111 #
0!
#71035
b1110101100111000 #
1!
#71040
b1110110010011100 #
0!
#71045
b1111110101111010 #
1!
#71050
b1001111111000111 #
0!
#71055
b100010111010100 #
1!
#71060
b1011110011000010 #
0!
#71065
b1101110000001100 #
1!
#71070
b1001011010 #
0!
#71075
b1101010100011000 #
1!
#71080
b10011001111101 #
0!
#71085
b101011101 #
1!
#71090
b11011011010001 #
0!
#71095
b1110011010011100 #
1!
#71100
b1000010101 #
0!
#71105
b1001011000010001 #
1!
#71110
b111010100001111 #
0!
#71115
b1000100100110111 #
1!
#71120
b1110111010101010 #
0!
#71125
b1000100111110010 #
1!
#71130
b1011011000111110 #
0!
#71135
b1000010010111110 #
1!
#71140
b100011100001110 #
0!
#71145
b1000001110111011 #
1!
#71150
b1011101101101110 #
0!
#71155
b110100011101111 #
1!
#71160
b10011010111100 #
0!
#71165
b1111000110011001 #
1!
#71170
b1111110000110101 #
0!
#71175
b111111100000101 #
1!
#71180
b110101110101001 #
0!
#71185
b111000001 #
1!
#71190
b1011100011011100 #
0!
#71195
b1101010100100010 #
1!
#71200
b1010111100100100 #
0!
#71205
b1001111111101110 #
1!
#71210
b1110101100000001 #
0!
#71215
b11001000010111 #
1!
#71220
b100110101111110 #
0!
#71225
b111001000100011 #
1!
#71230
b100111100110010 #
0!
#71235
b10100110110010 #
1!
#71240
b110010110101101 #
0!
#71245
b1110110001111111 #
1!
#71250
b101111101101100 #
0!
#71255
b1100011100 #
1!
#71260
b1100111110110001 #
0!
#71265
b11100110001111 #
1!
#71270
b101101000000101 #
0!
#71275
b1100101001100010 #
1!
#71280
b10100111011010 #
0!
#71285
b100000111011100 #
1!
#71290
b11101111101101 #
0!
#71295
b100110111001011 #
1!
#71300
b1100111011000011 #
0!
#71305
b1011000100100101 #
1!
#71310
b1011111011001000 #
0!
#71315
b1011100001001 #
1!
#71320
b1101110100100011 #
0!
#71325
b1111011100001011 #
1!
#71330
b101111011001001 #
0!
#71335
b111001111011000 #
1!
#71340
b10111000111101 #
0!
#71345
b11101010010110 #
1!
#71350
b101100111011011 #
0!
#71355
b110110100110101 #
1!
#71360
b110000100010110 #
0!
#71365
b110111101011100 #
1!
#71370
b1010100100000001 #
0!
#71375
b1101001110110111 #
1!
#71380
b1100110001000000 #
0!
#71385
b11101010101101 #
1!
#71390
b100001101010 #
0!
#71395
b10111100100001 #
1!
#71400
b1001001101010110 #
0!
#71405
b101010011010 #
1!
#71410
b1111100000110001 #
0!
#71415
b1100111011001111 #
1!
#71420
b1000101011111001 #
0!
#71425
b101000101011 #
1!
#71430
b1011000100111011 #
0!
#71435
b1011110000010000 #
1!
#71440
b101001101111000 #
0!
#71445
b10100110011111 #
1!
#71450
b11000101000000 #
0!
#71455
b1100010100000001 #
1!
#71460
b100011111100111 #
0!
#71465
b111100001111 #
1!
#71470
b11000001010000 #
0!
#71475
b111010000001011 #
1!
#71480
b1000001011000110 #
0!
#71485
b10101101001000 #
1!
#71490
b10111111111100 #
0!
#71495
b1011110010100 #
1!
#71500
b1110001100010010 #
0!
#71505
b1010011000111001 #
1!
#71510
b110011101101111 #
0!
#71515
b1011011011111011 #
1!
#71520
b1111011000 #
0!
#71525
b110111111001000 #
1!
#71530
b1101010110010000 #
0!
#71535
b10001110000000 #
1!
#71540
b11110000010111 #
0!
#71545
b11000101101010 #
1!
#71550
b11010110001100 #
0!
#71555
b1110010100100001 #
1!
#71560
b1011000000011010 #
0!
#71565
b101011001010111 #
1!
#71570
b111011000 #
0!
#71575
b100100100010111 #
1!
#71580
b11011100010101 #
0!
#71585
b110110101001 #
1!
#71590
b111100100001011 #
0!
#71595
b101110011110110 #
1!
#71600
b110110100100101 #
0!
#71605
b100000101001010 #
1!
#71610
b1001010110011011 #
0!
#71615
b1110110100010110 #
1!
#71620
b1010111110000001 #
0!
#71625
b1001110000000101 #
1!
#71630
b1001011101011 #
0!
#71635
b1000000001100000 #
1!
#71640
b1100000000010 #
0!
#71645
b1000111010000110 #
1!
#71650
b111000110100011 #
0!
#71655
b110100100000111 #
1!
#71660
b1000011011001110 #
0!
#71665
b100000010111010 #
1!
#71670
b1110011011001101 #
0!
#71675
b1011000101010100 #
1!
#71680
b1001010001000110 #
0!
#71685
b1001111001001101 #
1!
#71690
b111000010110000 #
0!
#71695
b10000100010101 #
1!
#71700
b1001110100000100 #
0!
#71705
b101011010110001 #
1!
#71710
b1100111111011000 #
0!
#71715
b100101111001011 #
1!
#71720
b1011111100010101 #
0!
#71725
b1101001001111000 #
1!
#71730
b111101001010010 #
0!
#71735
b111010100101111 #
1!
#71740
b1101001100101001 #
0!
#71745
b11111101100110 #
1!
#71750
b1010111010000010 #
0!
#71755
b1010111100100000 #
1!
#71760
b111011111111010 #
0!
#71765
b1000100000000111 #
1!
#71770
b110101010011111 #
0!
#71775
b1100001110011010 #
1!
#71780
b11110010001 #
0!
#71785
b101110100101001 #
1!
#71790
b110011100110111 #
0!
#71795
b11111011001010 #
1!
#71800
b1001111110101111 #
0!
#71805
b10001100010010 #
1!
#71810
b10000011001010 #
0!
#71815
b110110011011000 #
1!
#71820
b1101000010000 #
0!
#71825
b101111000010 #
1!
#71830
b1101010111100000 #
0!
#71835
b101100001111001 #
1!
#71840
b1010010110110 #
0!
#71845
b1111111100100001 #
1!
#71850
b111111010011100 #
0!
#71855
b1101000011110010 #
1!
#71860
b1110110000000101 #
0!
#71865
b1010110101110010 #
1!
#71870
b1101101001001001 #
0!
#71875
b101111110001100 #
1!
#71880
b1011101111011000 #
0!
#71885
b111111111011001 #
1!
#71890
b110001011000111 #
0!
#71895
b101000000100111 #
1!
#71900
b101111001001110 #
0!
#71905
b1010001001011001 #
1!
#71910
b101011101101001 #
0!
#71915
b1011000111110011 #
1!
#71920
b111000010001000 #
0!
#71925
b10101 #
1!
#71930
b1010111000100001 #
0!
#71935
b100101011110101 #
1!
#71940
b100111100010000 #
0!
#71945
b100101000111000 #
1!
#71950
b10100110001001 #
0!
#71955
b1010110001100101 #
1!
#71960
b1010100011100 #
0!
#71965
b1110011101010100 #
1!
#71970
b100000110110110 #
0!
#71975
b10000110000010 #
1!
#71980
b1001111101101101 #
0!
#71985
b10010010010 #
1!
#71990
b11001101001011 #
0!
#71995
b1011001111111010 #
1!
#72000
b1000011011110100 #
0!
#72005
b1001000110001111 #
1!
#72010
b1111101111000111 #
0!
#72015
b11000001101011 #
1!
#72020
b10110100001110 #
0!
#72025
b11001100110011 #
1!
#72030
b101010110001111 #
0!
#72035
b10010100101100 #
1!
#72040
b1010100001110000 #
0!
#72045
b101101101101011 #
1!
#72050
b1011110110011001 #
0!
#72055
b1101101011101010 #
1!
#72060
b1101101110010110 #
0!
#72065
b11010100001110 #
1!
#72070
b110110000111110 #
0!
#72075
b110000000101101 #
1!
#72080
b101101011010111 #
0!
#72085
b1010101011001100 #
1!
#72090
b110010000101111 #
0!
#72095
b1000001001100111 #
1!
#72100
b1000011111101101 #
0!
#72105
b110100110000011 #
1!
#72110
b101110111101110 #
0!
#72115
b1100100010100010 #
1!
#72120
b111101000010000 #
0!
#72125
b1101101111001000 #
1!
#72130
b1101001111100011 #
0!
#72135
b1000001101011110 #
1!
#72140
b1001101110010 #
0!
#72145
b10111000000100 #
1!
#72150
b1001101001 #
0!
#72155
b1011110011000001 #
1!
#72160
b1110100001000101 #
0!
#72165
b101000111111011 #
1!
#72170
b1110100011011011 #
0!
#72175
b11111110101011 #
1!
#72180
b101110100001010 #
0!
#72185
b1110100000010100 #
1!
#72190
b11111000010100 #
0!
#72195
b1001101111001001 #
1!
#72200
b1000011101011111 #
0!
#72205
b110100000111000 #
1!
#72210
b1000010001011110 #
0!
#72215
b1011000111001 #
1!
#72220
b100011000001011 #
0!
#72225
b1111011110101010 #
1!
#72230
b1111010000111010 #
0!
#72235
b1100001111100001 #
1!
#72240
b11010001101001 #
0!
#72245
b1000001010011101 #
1!
#72250
b1000100100010000 #
0!
#72255
b110100000000111 #
1!
#72260
b1010111100010000 #
0!
#72265
b1011011111110111 #
1!
#72270
b1111111000101100 #
0!
#72275
b1001011101001100 #
1!
#72280
b1101000011001001 #
0!
#72285
b100000111 #
1!
#72290
b1101001000000101 #
0!
#72295
b1001011010010111 #
1!
#72300
b111011010100111 #
0!
#72305
b1000101010001001 #
1!
#72310
b100000101001110 #
0!
#72315
b111010100001101 #
1!
#72320
b11101101100110 #
0!
#72325
b100000111100011 #
1!
#72330
b100010010111010 #
0!
#72335
b1111111110110111 #
1!
#72340
b111110111011100 #
0!
#72345
b1101000011001011 #
1!
#72350
b1001101111111010 #
0!
#72355
b1011111011011010 #
1!
#72360
b101010110100001 #
0!
#72365
b1010010101100011 #
1!
#72370
b1011111111101000 #
0!
#72375
b1010101110 #
1!
#72380
b1010001010101110 #
0!
#72385
b1110100111101010 #
1!
#72390
b1110101101001011 #
0!
#72395
b1101010001111100 #
1!
#72400
b1111111000110111 #
0!
#72405
b1000101100010000 #
1!
#72410
b1110101000011 #
0!
#72415
b11000101 #
1!
#72420
b1100011001011010 #
0!
#72425
b11010100010111 #
1!
#72430
b1001111000000 #
0!
#72435
b1010010000111 #
1!
#72440
b1011111111111 #
0!
#72445
b101010110111100 #
1!
#72450
b100010000001010 #
0!
#72455
b101101100110011 #
1!
#72460
b1100101110001000 #
0!
#72465
b1010000101011 #
1!
#72470
b1111000011000101 #
0!
#72475
b1101111001111000 #
1!
#72480
b111110010001100 #
0!
#72485
b110000111011001 #
1!
#72490
b1001001111110 #
0!
#72495
b110111001101001 #
1!
#72500
b1000110001100010 #
0!
#72505
b1110011010101001 #
1!
#72510
b110010100011010 #
0!
#72515
b1001010000101101 #
1!
#72520
b1001010100111 #
0!
#72525
b1000000100101 #
1!
#72530
b110011001000000 #
0!
#72535
b1001111010111010 #
1!
#72540
b1110111001111011 #
0!
#72545
b101100100100 #
1!
#72550
b101000000011010 #
0!
#72555
b1001010011000011 #
1!
#72560
b1011100010110001 #
0!
#72565
b1100001011000100 #
1!
#72570
b10001101111110 #
0!
#72575
b100100001101001 #
1!
#72580
b1100111010100001 #
0!
#72585
b1110001011111101 #
1!
#72590
b1001010111100000 #
0!
#72595
b100000011001100 #
1!
#72600
b100110011100001 #
0!
#72605
b1101100010110000 #
1!
#72610
b10010100010100 #
0!
#72615
b1100110100010001 #
1!
#72620
b110010001101 #
0!
#72625
b1100111010001001 #
1!
#72630
b111001010011 #
0!
#72635
b1111100111110010 #
1!
#72640
b1010111101100101 #
0!
#72645
b1011000110001010 #
1!
#72650
b100111101111011 #
0!
#72655
b1000111001110110 #
1!
#72660
b1000110001110000 #
0!
#72665
b10110110010100 #
1!
#72670
b1010000100000110 #
0!
#72675
b1101111101001 #
1!
#72680
b1100000001011110 #
0!
#72685
b1010110111010001 #
1!
#72690
b111111010100100 #
0!
#72695
b1110100010100111 #
1!
#72700
b10100001100011 #
0!
#72705
b101111001000101 #
1!
#72710
b10100000000101 #
0!
#72715
b11011010010 #
1!
#72720
b110001111000001 #
0!
#72725
b10101101110011 #
1!
#72730
b1001011010110000 #
0!
#72735
b11111110010010 #
1!
#72740
b1100011110110111 #
0!
#72745
b1100001001011101 #
1!
#72750
b1000100101111001 #
0!
#72755
b1111011101111 #
1!
#72760
b111001100010101 #
0!
#72765
b1000110010111111 #
1!
#72770
b111011110000001 #
0!
#72775
b1111000111100111 #
1!
#72780
b100000000100010 #
0!
#72785
b1011100011011110 #
1!
#72790
b1001111000110001 #
0!
#72795
b1100000111000100 #
1!
#72800
b1101000100010100 #
0!
#72805
b11001110111010 #
1!
#72810
b1111110100111011 #
0!
#72815
b101110101101001 #
1!
#72820
b111110011010000 #
0!
#72825
b1010001000001100 #
1!
#72830
b100101100000110 #
0!
#72835
b100111010001110 #
1!
#72840
b101111100100111 #
0!
#72845
b111100111010001 #
1!
#72850
b100110001111 #
0!
#72855
b1110010010011000 #
1!
#72860
b101010101001111 #
0!
#72865
b1110000111010010 #
1!
#72870
b110111100100100 #
0!
#72875
b10100000011111 #
1!
#72880
b1111110011000111 #
0!
#72885
b1100010111101100 #
1!
#72890
b111110111111110 #
0!
#72895
b1110011110111000 #
1!
#72900
b1010111001100010 #
0!
#72905
b1101000010000010 #
1!
#72910
b1110101100110001 #
0!
#72915
b1010110000011010 #
1!
#72920
b1000100010111010 #
0!
#72925
b111000011100001 #
1!
#72930
b11011011100110 #
0!
#72935
b1100010101000000 #
1!
#72940
b110010010101110 #
0!
#72945
b1101001111111010 #
1!
#72950
b1001110101010101 #
0!
#72955
b11101110001111 #
1!
#72960
b1110001000110111 #
0!
#72965
b1110001001000110 #
1!
#72970
b1100101111111 #
0!
#72975
b1101110110100110 #
1!
#72980
b101110101000111 #
0!
#72985
b100100100100111 #
1!
#72990
b110011000011100 #
0!
#72995
b11010011110000 #
1!
#73000
b1110110111011110 #
0!
#73005
b111011110101000 #
1!
#73010
b10110000 #
0!
#73015
b1001000010000100 #
1!
#73020
b111000000100010 #
0!
#73025
b1001001111101000 #
1!
#73030
b10011001000110 #
0!
#73035
b1111100101110110 #
1!
#73040
b1000010010011100 #
0!
#73045
b1000110000011000 #
1!
#73050
b1101000011000111 #
0!
#73055
b11111100101010 #
1!
#73060
b1000011001100100 #
0!
#73065
b111101001111 #
1!
#73070
b1011110101100101 #
0!
#73075
b1110100111010000 #
1!
#73080
b1000110001101000 #
0!
#73085
b1000011000100011 #
1!
#73090
b110100000001110 #
0!
#73095
b100011010000101 #
1!
#73100
b111100010001110 #
0!
#73105
b1111001000111 #
1!
#73110
b110101101000 #
0!
#73115
b110010001001011 #
1!
#73120
b1110010011100011 #
0!
#73125
b1100001000100010 #
1!
#73130
b1010010001000011 #
0!
#73135
b110001101001 #
1!
#73140
b10110010010001 #
0!
#73145
b10000010010110 #
1!
#73150
b1111000100000011 #
0!
#73155
b1100101001000000 #
1!
#73160
b110101111010110 #
0!
#73165
b1010001011101111 #
1!
#73170
b110101011110001 #
0!
#73175
b1110101001000000 #
1!
#73180
b111110110110110 #
0!
#73185
b111010000111101 #
1!
#73190
b100110011110100 #
0!
#73195
b111101011111011 #
1!
#73200
b1111111110010010 #
0!
#73205
b1000010011110110 #
1!
#73210
b1001011010100011 #
0!
#73215
b100010100010010 #
1!
#73220
b100110001110011 #
0!
#73225
b111110101000000 #
1!
#73230
b101010 #
0!
#73235
b1101011111101100 #
1!
#73240
b1000001100101101 #
0!
#73245
b1100101110101011 #
1!
#73250
b100011111110 #
0!
#73255
b111101011110001 #
1!
#73260
b111110000011010 #
0!
#73265
b1001100111000111 #
1!
#73270
b1110101011001111 #
0!
#73275
b11110001001001 #
1!
#73280
b1101011010100101 #
0!
#73285
b1101001101011001 #
1!
#73290
b1010001110111001 #
0!
#73295
b1110101111000100 #
1!
#73300
b1110101001100010 #
0!
#73305
b10011010011110 #
1!
#73310
b1110110000101010 #
0!
#73315
b111000000100 #
1!
#73320
b1101100011011010 #
0!
#73325
b1111111101011000 #
1!
#73330
b100001001110000 #
0!
#73335
b1111011101110011 #
1!
#73340
b111100011011100 #
0!
#73345
b1000011000011101 #
1!
#73350
b1110010101101011 #
0!
#73355
b1010110000101100 #
1!
#73360
b110100101110001 #
0!
#73365
b1010110010100000 #
1!
#73370
b1100101101011110 #
0!
#73375
b1111110101101101 #
1!
#73380
b10001000001 #
0!
#73385
b1101101100111 #
1!
#73390
b1011001101001110 #
0!
#73395
b111010010100000 #
1!
#73400
b110100010010001 #
0!
#73405
b11111010111000 #
1!
#73410
b1100011110011 #
0!
#73415
b101111110011011 #
1!
#73420
b111000110011101 #
0!
#73425
b100001000010001 #
1!
#73430
b11100010100101 #
0!
#73435
b1100011100110001 #
1!
#73440
b1011100010000001 #
0!
#73445
b1001100010001 #
1!
#73450
b111001001011 #
0!
#73455
b111101010100101 #
1!
#73460
b1001101101100101 #
0!
#73465
b101110000011111 #
1!
#73470
b101011110111100 #
0!
#73475
b10000011011 #
1!
#73480
b11011100101101 #
0!
#73485
b1000101010101111 #
1!
#73490
b1000110010000111 #
0!
#73495
b1011001110011111 #
1!
#73500
b110010001011111 #
0!
#73505
b1100101001101110 #
1!
#73510
b1110101010100100 #
0!
#73515
b1000111111011100 #
1!
#73520
b1100001101111010 #
0!
#73525
b10001000100 #
1!
#73530
b110111100000000 #
0!
#73535
b110010100010100 #
1!
#73540
b1010110001110011 #
0!
#73545
b1110101101110001 #
1!
#73550
b1101011001010111 #
0!
#73555
b1100000001110111 #
1!
#73560
b11111010010001 #
0!
#73565
b1110001010100000 #
1!
#73570
b1001101001100001 #
0!
#73575
b1111000101110001 #
1!
#73580
b101010101011111 #
0!
#73585
b1110001011000 #
1!
#73590
b1111100010111101 #
0!
#73595
b101 #
1!
#73600
b1000101011110110 #
0!
#73605
b1000001110000100 #
1!
#73610
b1110110010011101 #
0!
#73615
b1011101011001111 #
1!
#73620
b11101100111111 #
0!
#73625
b1100001010010001 #
1!
#73630
b11000110011011 #
0!
#73635
b1010101010111011 #
1!
#73640
b1000010110001001 #
0!
#73645
b100011011010100 #
1!
#73650
b100010111000111 #
0!
#73655
b1110000011111 #
1!
#73660
b100000100000000 #
0!
#73665
b11110110101101 #
1!
#73670
b110001001001111 #
0!
#73675
b1111000111010 #
1!
#73680
b110001100110 #
0!
#73685
b1000111000101100 #
1!
#73690
b1000010111000111 #
0!
#73695
b111101110110111 #
1!
#73700
b100010010101100 #
0!
#73705
b1110100110011111 #
1!
#73710
b110100010000001 #
0!
#73715
b1011111001010011 #
1!
#73720
b10110100110 #
0!
#73725
b1011011011010010 #
1!
#73730
b1000101011110100 #
0!
#73735
b11010100110111 #
1!
#73740
b10100110011110 #
0!
#73745
b10011101100100 #
1!
#73750
b10011110100100 #
0!
#73755
b1110101100011101 #
1!
#73760
b100110111110110 #
0!
#73765
b10010000001000 #
1!
#73770
b11100110000111 #
0!
#73775
b1010100011011100 #
1!
#73780
b1100101010001100 #
0!
#73785
b101100000000010 #
1!
#73790
b111110101011110 #
0!
#73795
b1111111001110010 #
1!
#73800
b1100001100100001 #
0!
#73805
b11001111000011 #
1!
#73810
b110110111110110 #
0!
#73815
b11100000100100 #
1!
#73820
b110101111001 #
0!
#73825
b1101111111101111 #
1!
#73830
b100100011010010 #
0!
#73835
b110000011001001 #
1!
#73840
b100011001100111 #
0!
#73845
b100011110110111 #
1!
#73850
b100000101001 #
0!
#73855
b100001111011101 #
1!
#73860
b1100110110000010 #
0!
#73865
b1011011001101 #
1!
#73870
b110110011000010 #
0!
#73875
b110110101110000 #
1!
#73880
b1011101010111101 #
0!
#73885
b1011110011010010 #
1!
#73890
b1110110110010001 #
0!
#73895
b10100110001101 #
1!
#73900
b1110110010001111 #
0!
#73905
b110000110010111 #
1!
#73910
b1100011010011011 #
0!
#73915
b1000001000101010 #
1!
#73920
b1111111011110001 #
0!
#73925
b1111010100001001 #
1!
#73930
b1111011000011101 #
0!
#73935
b100100001000010 #
1!
#73940
b100101011100000 #
0!
#73945
b10000100011011 #
1!
#73950
b11011001011001 #
0!
#73955
b10000101001 #
1!
#73960
b1111000110100010 #
0!
#73965
b101000110001101 #
1!
#73970
b11000010111 #
0!
#73975
b10010111000 #
1!
#73980
b1100100001111101 #
0!
#73985
b1011000011100001 #
1!
#73990
b1001111101001101 #
0!
#73995
b101001001100110 #
1!
#74000
b111000100100100 #
0!
#74005
b10111101011110 #
1!
#74010
b1111111011010110 #
0!
#74015
b1011101011100101 #
1!
#74020
b100010010000110 #
0!
#74025
b111010001101111 #
1!
#74030
b1101111111001000 #
0!
#74035
b1100101101100000 #
1!
#74040
b110000100111111 #
0!
#74045
b1111000001000000 #
1!
#74050
b1011110001010100 #
0!
#74055
b1100110011100111 #
1!
#74060
b1010000001100000 #
0!
#74065
b1100110011101010 #
1!
#74070
b1101010110100000 #
0!
#74075
b1100110000110100 #
1!
#74080
b1010000011001001 #
0!
#74085
b1111010000001010 #
1!
#74090
b10001110101001 #
0!
#74095
b1001100101001011 #
1!
#74100
b1011101011000110 #
0!
#74105
b1011100011001 #
1!
#74110
b110001110010100 #
0!
#74115
b1011101100011101 #
1!
#74120
b111100101100 #
0!
#74125
b1001110001011100 #
1!
#74130
b111001100010 #
0!
#74135
b111111010111100 #
1!
#74140
b111010010110101 #
0!
#74145
b1011001111001001 #
1!
#74150
b110011110011000 #
0!
#74155
b1111001101000101 #
1!
#74160
b1000101110111111 #
0!
#74165
b100011010110001 #
1!
#74170
b110001010110010 #
0!
#74175
b1110001100001000 #
1!
#74180
b1010110000111111 #
0!
#74185
b1010010000 #
1!
#74190
b1100000111111001 #
0!
#74195
b1101011000001101 #
1!
#74200
b1111011100001001 #
0!
#74205
b101010011010010 #
1!
#74210
b1111111010010010 #
0!
#74215
b1111110010011 #
1!
#74220
b100010100111000 #
0!
#74225
b110011011101110 #
1!
#74230
b101010101100100 #
0!
#74235
b1100011110011101 #
1!
#74240
b11001111011101 #
0!
#74245
b10010110101000 #
1!
#74250
b1011111110101110 #
0!
#74255
b1001011100011100 #
1!
#74260
b1101111000010 #
0!
#74265
b11110111010100 #
1!
#74270
b1111110111010000 #
0!
#74275
b10000011100100 #
1!
#74280
b1110001011100 #
0!
#74285
b1100001110011 #
1!
#74290
b1000100001000110 #
0!
#74295
b1010101011101010 #
1!
#74300
b1000011000011 #
0!
#74305
b1110010110000011 #
1!
#74310
b1001110001000001 #
0!
#74315
b100010011110101 #
1!
#74320
b1001010011010010 #
0!
#74325
b1000111001011000 #
1!
#74330
b11100011011110 #
0!
#74335
b1011100101010110 #
1!
#74340
b10000101110 #
0!
#74345
b1100001111010010 #
1!
#74350
b1010101110000 #
0!
#74355
b1001010110111011 #
1!
#74360
b111110001110100 #
0!
#74365
b1110100001010101 #
1!
#74370
b1010111011010111 #
0!
#74375
b10001110111000 #
1!
#74380
b1101100100110011 #
0!
#74385
b11000011001100 #
1!
#74390
b100001101010101 #
0!
#74395
b110111000011100 #
1!
#74400
b1011001000000010 #
0!
#74405
b1000010110011000 #
1!
#74410
b1100110111100110 #
0!
#74415
b100011110110000 #
1!
#74420
b110101001010001 #
0!
#74425
b1001001110111100 #
1!
#74430
b100110001000 #
0!
#74435
b11010101101111 #
1!
#74440
b1100001000101 #
0!
#74445
b1100010000101100 #
1!
#74450
b111000001101101 #
0!
#74455
b1000011111010100 #
1!
#74460
b1001110101000010 #
0!
#74465
b100100010000110 #
1!
#74470
b100010010010001 #
0!
#74475
b100011001011000 #
1!
#74480
b1000111001101100 #
0!
#74485
b11000010011 #
1!
#74490
b111110010101111 #
0!
#74495
b100000110110101 #
1!
#74500
b100110011001010 #
0!
#74505
b1011000101110001 #
1!
#74510
b1101011000000101 #
0!
#74515
b1100000100 #
1!
#74520
b1111001001001101 #
0!
#74525
b1010110010110001 #
1!
#74530
b1100111011100111 #
0!
#74535
b1101011101010010 #
1!
#74540
b101110001101001 #
0!
#74545
b10101101000110 #
1!
#74550
b1010000110010100 #
0!
#74555
b1100100011000011 #
1!
#74560
b10010010000100 #
0!
#74565
b1011010100101 #
1!
#74570
b100100001000011 #
0!
#74575
b1010011111011011 #
1!
#74580
b1010101111100110 #
0!
#74585
b1100111010111 #
1!
#74590
b1000001011101101 #
0!
#74595
b1111101100000011 #
1!
#74600
b11001110000 #
0!
#74605
b1010000111111010 #
1!
#74610
b1100101010110111 #
0!
#74615
b1000111100011 #
1!
#74620
b1100011000010 #
0!
#74625
b1101101011011110 #
1!
#74630
b101101010000111 #
0!
#74635
b1111011110101100 #
1!
#74640
b111100000010110 #
0!
#74645
b1011000010111010 #
1!
#74650
b11001110110011 #
0!
#74655
b111100011100110 #
1!
#74660
b1000010110000011 #
0!
#74665
b1100111101000000 #
1!
#74670
b101101000100 #
0!
#74675
b1111011011010 #
1!
#74680
b101100111011100 #
0!
#74685
b1010000111100010 #
1!
#74690
b110000111000000 #
0!
#74695
b11100000110111 #
1!
#74700
b1101000011100110 #
0!
#74705
b101010010110101 #
1!
#74710
b111000011111110 #
0!
#74715
b1101001111111001 #
1!
#74720
b1000011000100111 #
0!
#74725
b1101011010110011 #
1!
#74730
b11011011110001 #
0!
#74735
b1011010101001000 #
1!
#74740
b1101101011101110 #
0!
#74745
b1100111111000101 #
1!
#74750
b110110111101000 #
0!
#74755
b111000000111111 #
1!
#74760
b1110010011100010 #
0!
#74765
b1010111001100101 #
1!
#74770
b1001001000111100 #
0!
#74775
b100110101011001 #
1!
#74780
b1000010111001110 #
0!
#74785
b1001110000101111 #
1!
#74790
b1110001011011010 #
0!
#74795
b101100010000110 #
1!
#74800
b101001011010011 #
0!
#74805
b1000100000111110 #
1!
#74810
b101011110110010 #
0!
#74815
b101111010000000 #
1!
#74820
b1010110011000010 #
0!
#74825
b1110110101011 #
1!
#74830
b1010110001110011 #
0!
#74835
b1110110010001010 #
1!
#74840
b1010111011011111 #
0!
#74845
b1100011000000000 #
1!
#74850
b110000110010101 #
0!
#74855
b100110000010101 #
1!
#74860
b11010010110010 #
0!
#74865
b1011000100001001 #
1!
#74870
b1010111100100110 #
0!
#74875
b1000101110000001 #
1!
#74880
b1101100100101011 #
0!
#74885
b1100011010111111 #
1!
#74890
b1001001001010000 #
0!
#74895
b111010001111011 #
1!
#74900
b1111101011001011 #
0!
#74905
b1011011110111101 #
1!
#74910
b1100100000011010 #
0!
#74915
b1001010000011010 #
1!
#74920
b1011001000010101 #
0!
#74925
b1110101000010010 #
1!
#74930
b1100110101001100 #
0!
#74935
b11100001010000 #
1!
#74940
b1110000011101001 #
0!
#74945
b1000111110111001 #
1!
#74950
b1101100011111001 #
0!
#74955
b110101111010010 #
1!
#74960
b1110100011010 #
0!
#74965
b1001000110100111 #
1!
#74970
b1110101010101001 #
0!
#74975
b1111011011110011 #
1!
#74980
b1100010111100101 #
0!
#74985
b1001101110110100 #
1!
#74990
b1100000010001111 #
0!
#74995
b110101110110100 #
1!
#75000
b1111010110001110 #
0!
#75005
b1101100111001 #
1!
#75010
b1101001111010011 #
0!
#75015
b1000001110001 #
1!
#75020
b1000100111001010 #
0!
#75025
b11101111001101 #
1!
#75030
b101111001010111 #
0!
#75035
b1111010001110010 #
1!
#75040
b1101101000010 #
0!
#75045
b1110011011011101 #
1!
#75050
b110000011111100 #
0!
#75055
b1110010011010000 #
1!
#75060
b101111011011 #
0!
#75065
b1100110010001110 #
1!
#75070
b1001001011011110 #
0!
#75075
b110101111100010 #
1!
#75080
b111000011111100 #
0!
#75085
b101011110111000 #
1!
#75090
b111010101110001 #
0!
#75095
b1101010010111010 #
1!
#75100
b10110010001011 #
0!
#75105
b1011000001001111 #
1!
#75110
b11111100001101 #
0!
#75115
b10101111010100 #
1!
#75120
b1101011011011100 #
0!
#75125
b1100100100010101 #
1!
#75130
b1111000011001111 #
0!
#75135
b11111110000111 #
1!
#75140
b1100110101000110 #
0!
#75145
b100100011110110 #
1!
#75150
b100001001001110 #
0!
#75155
b1001011001010100 #
1!
#75160
b10101010011000 #
0!
#75165
b1001111111010011 #
1!
#75170
b1011001100011110 #
0!
#75175
b1000001010101010 #
1!
#75180
b1100101000100011 #
0!
#75185
b1111010000100001 #
1!
#75190
b111110110010101 #
0!
#75195
b111100111110 #
1!
#75200
b100110110011010 #
0!
#75205
b11011000111001 #
1!
#75210
b1001110111001000 #
0!
#75215
b10001111011 #
1!
#75220
b101101110001 #
0!
#75225
b1001110100000 #
1!
#75230
b1100111101000100 #
0!
#75235
b1111000100111110 #
1!
#75240
b1111100000010 #
0!
#75245
b1111001000101100 #
1!
#75250
b1000110101101010 #
0!
#75255
b1111001100000 #
1!
#75260
b110011100100111 #
0!
#75265
b10001011111 #
1!
#75270
b1011111110100 #
0!
#75275
b1001110000101011 #
1!
#75280
b1000000110000011 #
0!
#75285
b11000111000000 #
1!
#75290
b110010010010010 #
0!
#75295
b11010001011100 #
1!
#75300
b1100010000110100 #
0!
#75305
b10100110100110 #
1!
#75310
b11011000011101 #
0!
#75315
b111010010111100 #
1!
#75320
b101000100100011 #
0!
#75325
b101001000101011 #
1!
#75330
b10101010011 #
0!
#75335
b1010011111110110 #
1!
#75340
b1111111110101100 #
0!
#75345
b1101111010111110 #
1!
#75350
b110010011011 #
0!
#75355
b1101011110101100 #
1!
#75360
b110111011011000 #
0!
#75365
b1011100100010111 #
1!
#75370
b100101110111101 #
0!
#75375
b1101001010000111 #
1!
#75380
b1111101111011001 #
0!
#75385
b1000100011110000 #
1!
#75390
b111100000010101 #
0!
#75395
b10010000101110 #
1!
#75400
b1011110000001010 #
0!
#75405
b1011111001010111 #
1!
#75410
b1011100110000 #
0!
#75415
b1101011100100 #
1!
#75420
b1001001100100111 #
0!
#75425
b1000011111101101 #
1!
#75430
b101110101000110 #
0!
#75435
b1011111111001001 #
1!
#75440
b1101111110000 #
0!
#75445
b1100101111111001 #
1!
#75450
b100101010011001 #
0!
#75455
b1101110001101000 #
1!
#75460
b1010110011110111 #
0!
#75465
b11011010001110 #
1!
#75470
b1001100000100010 #
0!
#75475
b1110011000 #
1!
#75480
b110011011001110 #
0!
#75485
b11011010111001 #
1!
#75490
b1100010110000111 #
0!
#75495
b111101101100000 #
1!
#75500
b10001001001011 #
0!
#75505
b1111100111110110 #
1!
#75510
b101111011101 #
0!
#75515
b101000011011110 #
1!
#75520
b1000000100011001 #
0!
#75525
b110100011010100 #
1!
#75530
b110011000011110 #
0!
#75535
b101001011010111 #
1!
#75540
b1101101001010111 #
0!
#75545
b10111100011000 #
1!
#75550
b1001010111010100 #
0!
#75555
b101100000111 #
1!
#75560
b100101001101111 #
0!
#75565
b1011110100111011 #
1!
#75570
b111111110011 #
0!
#75575
b1100011110111111 #
1!
#75580
b1010111011101100 #
0!
#75585
b11100010011000 #
1!
#75590
b1010101010011 #
0!
#75595
b1000111011111101 #
1!
#75600
b1010001001111011 #
0!
#75605
b1001001100100111 #
1!
#75610
b1001111111000011 #
0!
#75615
b11010101111100 #
1!
#75620
b1000010011001111 #
0!
#75625
b111010100010001 #
1!
#75630
b110101000111001 #
0!
#75635
b11111111101010 #
1!
#75640
b110101110110001 #
0!
#75645
b100110000001010 #
1!
#75650
b1111011000000101 #
0!
#75655
b1111110111010001 #
1!
#75660
b11011111011110 #
0!
#75665
b100010110110001 #
1!
#75670
b111101010000110 #
0!
#75675
b111101101001101 #
1!
#75680
b1000001111110010 #
0!
#75685
b100100111100011 #
1!
#75690
b1111001001100101 #
0!
#75695
b1000001000101001 #
1!
#75700
b1010101100100110 #
0!
#75705
b11101000101 #
1!
#75710
b1111010111010 #
0!
#75715
b1010000001111000 #
1!
#75720
b1100100100000100 #
0!
#75725
b1110100111110010 #
1!
#75730
b111100000011101 #
0!
#75735
b10000001000100 #
1!
#75740
b1011101011010001 #
0!
#75745
b1101110010101 #
1!
#75750
b11101100100001 #
0!
#75755
b1000101101010 #
1!
#75760
b1110011110101 #
0!
#75765
b1000101111001010 #
1!
#75770
b110010100100101 #
0!
#75775
b11101000111111 #
1!
#75780
b100101111110011 #
0!
#75785
b1110001100101010 #
1!
#75790
b1010111111111010 #
0!
#75795
b10110100001100 #
1!
#75800
b110000001011011 #
0!
#75805
b1001000011000100 #
1!
#75810
b1001011001010010 #
0!
#75815
b11000000000100 #
1!
#75820
b11101000111010 #
0!
#75825
b1011111101110010 #
1!
#75830
b101100001111010 #
0!
#75835
b101001011001000 #
1!
#75840
b111010001110000 #
0!
#75845
b101100111010001 #
1!
#75850
b1111000001000110 #
0!
#75855
b110000000001110 #
1!
#75860
b110100101111100 #
0!
#75865
b110100111111 #
1!
#75870
b1101010111000 #
0!
#75875
b1110010110001000 #
1!
#75880
b11011100010011 #
0!
#75885
b100010110101111 #
1!
#75890
b101000101001101 #
0!
#75895
b10110110011011 #
1!
#75900
b1011011100101000 #
0!
#75905
b10110110110000 #
1!
#75910
b1101001001110001 #
0!
#75915
b100001000001110 #
1!
#75920
b1000011010100111 #
0!
#75925
b1011001101111100 #
1!
#75930
b1001100000001111 #
0!
#75935
b1111001000110010 #
1!
#75940
b1110010101 #
0!
#75945
b1000000101101101 #
1!
#75950
b110000010110000 #
0!
#75955
b1100101010110001 #
1!
#75960
b100011111010001 #
0!
#75965
b10110100110 #
1!
#75970
b1010011100101010 #
0!
#75975
b1010010010000 #
1!
#75980
b10111100101110 #
0!
#75985
b110100001010001 #
1!
#75990
b1010011001010011 #
0!
#75995
b1101110001111001 #
1!
#76000
b101011100010111 #
0!
#76005
b1001100101000010 #
1!
#76010
b101110110101010 #
0!
#76015
b1111000011110100 #
1!
#76020
b1100110000011 #
0!
#76025
b100001101100110 #
1!
#76030
b1000010101110111 #
0!
#76035
b1101101110010101 #
1!
#76040
b1001010001100000 #
0!
#76045
b1101000110111100 #
1!
#76050
b1001101001011011 #
0!
#76055
b1110100011000111 #
1!
#76060
b1010001000111010 #
0!
#76065
b111000101001111 #
1!
#76070
b1101100110111001 #
0!
#76075
b10010100111100 #
1!
#76080
b1110000001010011 #
0!
#76085
b101011101100 #
1!
#76090
b11110000000110 #
0!
#76095
b101101110101011 #
1!
#76100
b1010101111011011 #
0!
#76105
b101000100000101 #
1!
#76110
b1000010101100001 #
0!
#76115
b1011011100101 #
1!
#76120
b1110110010011 #
0!
#76125
b1010100110000110 #
1!
#76130
b10100010000011 #
0!
#76135
b1010011111100010 #
1!
#76140
b1001001111111 #
0!
#76145
b100001011111111 #
1!
#76150
b110011101100110 #
0!
#76155
b1011011100000 #
1!
#76160
b10100111100101 #
0!
#76165
b100111110011 #
1!
#76170
b11101010110100 #
0!
#76175
b11000000011101 #
1!
#76180
b1011100001100000 #
0!
#76185
b1010100010110000 #
1!
#76190
b101111001011010 #
0!
#76195
b1000000001010111 #
1!
#76200
b1110001100100110 #
0!
#76205
b1000110101111011 #
1!
#76210
b101001101011001 #
0!
#76215
b101001010100001 #
1!
#76220
b111111001001010 #
0!
#76225
b1110001001101111 #
1!
#76230
b101000000101010 #
0!
#76235
b1011010010100011 #
1!
#76240
b10101000110000 #
0!
#76245
b1001010111100010 #
1!
#76250
b101001011001001 #
0!
#76255
b111000111011011 #
1!
#76260
b100001111100110 #
0!
#76265
b100111110110101 #
1!
#76270
b1011011001011 #
0!
#76275
b1010000001001 #
1!
#76280
b1110001110011001 #
0!
#76285
b111110101010011 #
1!
#76290
b1100110001000 #
0!
#76295
b1110101001000001 #
1!
#76300
b1110011111101011 #
0!
#76305
b100110111000101 #
1!
#76310
b1001010110111110 #
0!
#76315
b111010111 #
1!
#76320
b1110101001001111 #
0!
#76325
b1010101010110110 #
1!
#76330
b1000011110111110 #
0!
#76335
b1111110100101 #
1!
#76340
b100100000101111 #
0!
#76345
b11111010101101 #
1!
#76350
b1010101001111001 #
0!
#76355
b1101010111011100 #
1!
#76360
b10000000010111 #
0!
#76365
b111100001100110 #
1!
#76370
b111101110001110 #
0!
#76375
b110111111011100 #
1!
#76380
b100101110010001 #
0!
#76385
b1000010010100100 #
1!
#76390
b11011110101010 #
0!
#76395
b1111011101000101 #
1!
#76400
b110010111110001 #
0!
#76405
b100110100111110 #
1!
#76410
b1101011001001110 #
0!
#76415
b11100011001001 #
1!
#76420
b1100101111001101 #
0!
#76425
b111110111011000 #
1!
#76430
b1101101100011 #
0!
#76435
b1100001011011000 #
1!
#76440
b1001100001010001 #
0!
#76445
b1000001000010001 #
1!
#76450
b111101010011101 #
0!
#76455
b1101111111001010 #
1!
#76460
b1010101100101001 #
0!
#76465
b1000011010000110 #
1!
#76470
b11010000011111 #
0!
#76475
b1001100010001101 #
1!
#76480
b1001110101000001 #
0!
#76485
b111101101111010 #
1!
#76490
b100010101011010 #
0!
#76495
b1011111010000001 #
1!
#76500
b1100100000000011 #
0!
#76505
b11110000011 #
1!
#76510
b110010010100110 #
0!
#76515
b1101101010001010 #
1!
#76520
b100111001011111 #
0!
#76525
b1001011000010000 #
1!
#76530
b1010101111011 #
0!
#76535
b11101100000000 #
1!
#76540
b11001000001 #
0!
#76545
b101011100011110 #
1!
#76550
b1000110011011001 #
0!
#76555
b1110100110000001 #
1!
#76560
b1000111010111110 #
0!
#76565
b11010011111010 #
1!
#76570
b1100110011000101 #
0!
#76575
b1011000101010101 #
1!
#76580
b100001010100001 #
0!
#76585
b1101101001100010 #
1!
#76590
b1000110101010111 #
0!
#76595
b10000001100101 #
1!
#76600
b11111010100010 #
0!
#76605
b1011011011100000 #
1!
#76610
b100101101100000 #
0!
#76615
b1000001001110010 #
1!
#76620
b101111111100110 #
0!
#76625
b1111001010111001 #
1!
#76630
b100001000000011 #
0!
#76635
b1110001110001011 #
1!
#76640
b11111100100000 #
0!
#76645
b111101101000001 #
1!
#76650
b111000001010100 #
0!
#76655
b111001111011 #
1!
#76660
b11100111101001 #
0!
#76665
b1111110111110010 #
1!
#76670
b1001000101101010 #
0!
#76675
b1001000100100001 #
1!
#76680
b110110110100000 #
0!
#76685
b1110001000100010 #
1!
#76690
b1110011011001 #
0!
#76695
b1011010001101111 #
1!
#76700
b1011001010000101 #
0!
#76705
b101100010100000 #
1!
#76710
b101010100001111 #
0!
#76715
b1000100100001011 #
1!
#76720
b1010100100110111 #
0!
#76725
b100110000100100 #
1!
#76730
b11000010010011 #
0!
#76735
b1101100100110110 #
1!
#76740
b1010101001101010 #
0!
#76745
b110100011011101 #
1!
#76750
b110111010001101 #
0!
#76755
b10110000011011 #
1!
#76760
b1101010111101010 #
0!
#76765
b1101011110110 #
1!
#76770
b1000110010100101 #
0!
#76775
b1101010000000111 #
1!
#76780
b1111001001 #
0!
#76785
b1000110101110001 #
1!
#76790
b1100001110011110 #
0!
#76795
b1101110010110011 #
1!
#76800
b1101000111001010 #
0!
#76805
b1010101000101000 #
1!
#76810
b110110101101 #
0!
#76815
b110000110111 #
1!
#76820
b1001100011100100 #
0!
#76825
b10001101010010 #
1!
#76830
b10101100001000 #
0!
#76835
b1111011010110111 #
1!
#76840
b111101111110110 #
0!
#76845
b101111001011111 #
1!
#76850
b1001011010011000 #
0!
#76855
b1110000001100100 #
1!
#76860
b100111001111110 #
0!
#76865
b1000101110000111 #
1!
#76870
b1000101001011011 #
0!
#76875
b1101101011101111 #
1!
#76880
b1011001101110111 #
0!
#76885
b1001010011100101 #
1!
#76890
b11001010110 #
0!
#76895
b1010111011111101 #
1!
#76900
b1000100111 #
0!
#76905
b10100101101100 #
1!
#76910
b1100001010100000 #
0!
#76915
b1110101110111101 #
1!
#76920
b101101000000010 #
0!
#76925
b1010111110100000 #
1!
#76930
b11110001111000 #
0!
#76935
b1101100000101111 #
1!
#76940
b1001011001101110 #
0!
#76945
b101011101010110 #
1!
#76950
b1011000111011100 #
0!
#76955
b1000010100111101 #
1!
#76960
b101000010010100 #
0!
#76965
b101101100011 #
1!
#76970
b1101010100001 #
0!
#76975
b1011110100110010 #
1!
#76980
b1110100011110000 #
0!
#76985
b111100110010001 #
1!
#76990
b11011101110111 #
0!
#76995
b101010111011 #
1!
#77000
b111011111110011 #
0!
#77005
b101010100000 #
1!
#77010
b111111011100000 #
0!
#77015
b1011110011101111 #
1!
#77020
b1101101001000101 #
0!
#77025
b1110111111001001 #
1!
#77030
b11001110000100 #
0!
#77035
b1101110110010010 #
1!
#77040
b1010110100001101 #
0!
#77045
b110001111101 #
1!
#77050
b100101011100110 #
0!
#77055
b11011000010000 #
1!
#77060
b100101111010000 #
0!
#77065
b1011011001100 #
1!
#77070
b1000010011101000 #
0!
#77075
b101100101100100 #
1!
#77080
b1101000100110111 #
0!
#77085
b111001001000110 #
1!
#77090
b101110000011101 #
0!
#77095
b1000110001101000 #
1!
#77100
b1101101101101 #
0!
#77105
b101000010101001 #
1!
#77110
b111001100000 #
0!
#77115
b1101111110111001 #
1!
#77120
b1100001001001001 #
0!
#77125
b1001110100111111 #
1!
#77130
b1001011010100001 #
0!
#77135
b1110110111110 #
1!
#77140
b10100100000010 #
0!
#77145
b1111111100110110 #
1!
#77150
b1011000001101010 #
0!
#77155
b1101000011110011 #
1!
#77160
b110010010100010 #
0!
#77165
b1110011011011001 #
1!
#77170
b1101100100010010 #
0!
#77175
b100011111111011 #
1!
#77180
b101011111101110 #
0!
#77185
b1000000011110100 #
1!
#77190
b100100000001010 #
0!
#77195
b1000110010110001 #
1!
#77200
b1001011100000011 #
0!
#77205
b1011011101000101 #
1!
#77210
b101010000 #
0!
#77215
b110111010110000 #
1!
#77220
b1000001001010101 #
0!
#77225
b11010001001111 #
1!
#77230
b1011100001110001 #
0!
#77235
b111010110000101 #
1!
#77240
b11011001010001 #
0!
#77245
b110011001100100 #
1!
#77250
b1110111000010010 #
0!
#77255
b1110111000000111 #
1!
#77260
b1000111001010011 #
0!
#77265
b111101101000100 #
1!
#77270
b1101111110000110 #
0!
#77275
b1110100000010000 #
1!
#77280
b10010100110000 #
0!
#77285
b101110100011111 #
1!
#77290
b1000010101010111 #
0!
#77295
b10101100001000 #
1!
#77300
b101100100000110 #
0!
#77305
b1011010101100001 #
1!
#77310
b1001101101001010 #
0!
#77315
b100011101111110 #
1!
#77320
b100001110000111 #
0!
#77325
b1111010100010011 #
1!
#77330
b1010000111000110 #
0!
#77335
b1000001101001001 #
1!
#77340
b1100001110000010 #
0!
#77345
b100001000101100 #
1!
#77350
b1101000000100100 #
0!
#77355
b1110111101100000 #
1!
#77360
b111000111011010 #
0!
#77365
b1000111010101100 #
1!
#77370
b10010011011100 #
0!
#77375
b101010111110101 #
1!
#77380
b1010101110011111 #
0!
#77385
b1000001111100000 #
1!
#77390
b101101000000001 #
0!
#77395
b100001011101000 #
1!
#77400
b1000110010001110 #
0!
#77405
b1000110110010011 #
1!
#77410
b1110111000001010 #
0!
#77415
b1000111010 #
1!
#77420
b1111001010100101 #
0!
#77425
b1101011010011000 #
1!
#77430
b1110001100000 #
0!
#77435
b1010000110000011 #
1!
#77440
b111011100000101 #
0!
#77445
b100110110000000 #
1!
#77450
b1110000010100111 #
0!
#77455
b1110101100010011 #
1!
#77460
b111100111011110 #
0!
#77465
b1001110111001001 #
1!
#77470
b1111011100111001 #
0!
#77475
b110101011010011 #
1!
#77480
b1000010011011 #
0!
#77485
b11000101110001 #
1!
#77490
b1101101011001101 #
0!
#77495
b110111001110010 #
1!
#77500
b1111100000011 #
0!
#77505
b11010000101110 #
1!
#77510
b1100011011000010 #
0!
#77515
b1101 #
1!
#77520
b11101110001010 #
0!
#77525
b1001011100111100 #
1!
#77530
b1011100100000111 #
0!
#77535
b1110110111001101 #
1!
#77540
b1100001010001101 #
0!
#77545
b11 #
1!
#77550
b110111000010101 #
0!
#77555
b1100000010110010 #
1!
#77560
b1101001110100111 #
0!
#77565
b1110000101111110 #
1!
#77570
b110000011110001 #
0!
#77575
b1100011000000111 #
1!
#77580
b100011111100011 #
0!
#77585
b110000110101110 #
1!
#77590
b1100110010111011 #
0!
#77595
b101010101010 #
1!
#77600
b1011100011111101 #
0!
#77605
b110110111110101 #
1!
#77610
b1010111010101011 #
0!
#77615
b101101010111011 #
1!
#77620
b1000100101100111 #
0!
#77625
b1011001010111101 #
1!
#77630
b1100000100010000 #
0!
#77635
b100000111000000 #
1!
#77640
b1100111001010011 #
0!
#77645
b1001110000101100 #
1!
#77650
b1000001100101111 #
0!
#77655
b101011101010 #
1!
#77660
b110101001101011 #
0!
#77665
b101011101010000 #
1!
#77670
b10110110001010 #
0!
#77675
b1100000001111100 #
1!
#77680
b1111010110000101 #
0!
#77685
b1100111010010011 #
1!
#77690
b1011111110001000 #
0!
#77695
b11010100000001 #
1!
#77700
b1100101011110111 #
0!
#77705
b1010111111010010 #
1!
#77710
b1111000011100011 #
0!
#77715
b1110110001011101 #
1!
#77720
b100111001000 #
0!
#77725
b110010111101110 #
1!
#77730
b100000011101110 #
0!
#77735
b11100001001011 #
1!
#77740
b1000100110000001 #
0!
#77745
b1101100100111 #
1!
#77750
b1110101100011010 #
0!
#77755
b10010101110111 #
1!
#77760
b1110101111000101 #
0!
#77765
b1011110100101100 #
1!
#77770
b1110101110110101 #
0!
#77775
b111101110110011 #
1!
#77780
b1000100001110110 #
0!
#77785
b1111100100100101 #
1!
#77790
b1111110101100000 #
0!
#77795
b1100011101101101 #
1!
#77800
b111110110011000 #
0!
#77805
b11100110011000 #
1!
#77810
b1001101100101100 #
0!
#77815
b101010111111000 #
1!
#77820
b1010010110101011 #
0!
#77825
b1010101101111110 #
1!
#77830
b10011011110 #
0!
#77835
b11001111001001 #
1!
#77840
b1001111010110100 #
0!
#77845
b11011101101010 #
1!
#77850
b11001001001110 #
0!
#77855
b10101100110001 #
1!
#77860
b1100001110101101 #
0!
#77865
b1000111100000010 #
1!
#77870
b1110010001011000 #
0!
#77875
b1100101110111011 #
1!
#77880
b10111110011011 #
0!
#77885
b1100010111111 #
1!
#77890
b1001001101011010 #
0!
#77895
b101110110111100 #
1!
#77900
b1011110011101110 #
0!
#77905
b10100111100 #
1!
#77910
b111101010111000 #
0!
#77915
b1110110100110010 #
1!
#77920
b110110000010 #
0!
#77925
b11111011101000 #
1!
#77930
b1001100001010000 #
0!
#77935
b100100010001000 #
1!
#77940
b111100011010110 #
0!
#77945
b110111001111111 #
1!
#77950
b1010011001110011 #
0!
#77955
b1111101101010111 #
1!
#77960
b1101111001111 #
0!
#77965
b10000011101 #
1!
#77970
b10010000111101 #
0!
#77975
b101000010111111 #
1!
#77980
b1101000010101111 #
0!
#77985
b10110000111111 #
1!
#77990
b100101111010011 #
0!
#77995
b101010001101001 #
1!
#78000
b11100101110111 #
0!
#78005
b1101000110010010 #
1!
#78010
b1100101111110 #
0!
#78015
b1101001011010011 #
1!
#78020
b1010101001110111 #
0!
#78025
b1001110111011100 #
1!
#78030
b100011000011001 #
0!
#78035
b101100011110111 #
1!
#78040
b100010000111100 #
0!
#78045
b1111110111101001 #
1!
#78050
b101001011001101 #
0!
#78055
b11000011101000 #
1!
#78060
b1110000110010000 #
0!
#78065
b1111111000000 #
1!
#78070
b111100110001000 #
0!
#78075
b110011001111011 #
1!
#78080
b1111111010001 #
0!
#78085
b1110111000000101 #
1!
#78090
b1011010100111101 #
0!
#78095
b1100100010011100 #
1!
#78100
b101100101001010 #
0!
#78105
b1010011100010 #
1!
#78110
b1100001001001011 #
0!
#78115
b1110000101010110 #
1!
#78120
b1010100011010001 #
0!
#78125
b1000111110 #
1!
#78130
b1110100010011 #
0!
#78135
b1111110000111001 #
1!
#78140
b1110110101010111 #
0!
#78145
b1101111010101111 #
1!
#78150
b1000111010 #
0!
#78155
b10010000101010 #
1!
#78160
b1100000110100111 #
0!
#78165
b1001100111110010 #
1!
#78170
b110110101110111 #
0!
#78175
b10101100111001 #
1!
#78180
b1000001000010101 #
0!
#78185
b1101101101000101 #
1!
#78190
b1100110000101 #
0!
#78195
b1001010010010100 #
1!
#78200
b100100101000100 #
0!
#78205
b1001101111001 #
1!
#78210
b1000010100010000 #
0!
#78215
b1011001000110100 #
1!
#78220
b1111010011000101 #
0!
#78225
b110101000011010 #
1!
#78230
b1110100000110111 #
0!
#78235
b1001000101001100 #
1!
#78240
b10000111000111 #
0!
#78245
b1100111001111000 #
1!
#78250
b100000101111001 #
0!
#78255
b1111100000101100 #
1!
#78260
b10100110010000 #
0!
#78265
b1110110011111111 #
1!
#78270
b100110010100000 #
0!
#78275
b111011110011000 #
1!
#78280
b10011011110011 #
0!
#78285
b10111010010110 #
1!
#78290
b1000011110010110 #
0!
#78295
b101011100110111 #
1!
#78300
b1111100101111101 #
0!
#78305
b1100000110000100 #
1!
#78310
b10100010011010 #
0!
#78315
b1010011000101111 #
1!
#78320
b11101010010101 #
0!
#78325
b1001000010001011 #
1!
#78330
b11001011010001 #
0!
#78335
b11000010001000 #
1!
#78340
b100100000111111 #
0!
#78345
b100100010110111 #
1!
#78350
b101110110110000 #
0!
#78355
b1000001101101101 #
1!
#78360
b11111011000010 #
0!
#78365
b101011110010101 #
1!
#78370
b10010100101010 #
0!
#78375
b1110011111011110 #
1!
#78380
b1111100111100010 #
0!
#78385
b1110010101001100 #
1!
#78390
b1100011000100111 #
0!
#78395
b110100011110100 #
1!
#78400
b1001111110000 #
0!
#78405
b1101111101001101 #
1!
#78410
b11111000110100 #
0!
#78415
b1101011001001011 #
1!
#78420
b1110011001011010 #
0!
#78425
b1111001000011011 #
1!
#78430
b100100011100100 #
0!
#78435
b1011101010100100 #
1!
#78440
b1001010011111110 #
0!
#78445
b1000101111010111 #
1!
#78450
b101111011100110 #
0!
#78455
b110001001100011 #
1!
#78460
b1111010011110100 #
0!
#78465
b1101001100001001 #
1!
#78470
b1100000000110001 #
0!
#78475
b1101100011110101 #
1!
#78480
b1010010100001011 #
0!
#78485
b1011100001110101 #
1!
#78490
b110011001011000 #
0!
#78495
b1110100111000010 #
1!
#78500
b110100101 #
0!
#78505
b1110011001000101 #
1!
#78510
b111101101000 #
0!
#78515
b10000010110100 #
1!
#78520
b10010100111011 #
0!
#78525
b1100101001111101 #
1!
#78530
b11010101010110 #
0!
#78535
b1100101111111100 #
1!
#78540
b1110110000110110 #
0!
#78545
b1000111111101111 #
1!
#78550
b1010101110101 #
0!
#78555
b1111001000011110 #
1!
#78560
b1111010001010010 #
0!
#78565
b1111010101000 #
1!
#78570
b1010101011011001 #
0!
#78575
b110011011100110 #
1!
#78580
b1001011101010101 #
0!
#78585
b10100000010111 #
1!
#78590
b1011001001000001 #
0!
#78595
b1011000101011001 #
1!
#78600
b1111001000110101 #
0!
#78605
b1011011001010 #
1!
#78610
b1010100101011100 #
0!
#78615
b1111000111110 #
1!
#78620
b1110000110000110 #
0!
#78625
b1011100100110 #
1!
#78630
b1100011011111001 #
0!
#78635
b1011101001010010 #
1!
#78640
b1111111101001001 #
0!
#78645
b1000111100000 #
1!
#78650
b101100010100 #
0!
#78655
b101000010111101 #
1!
#78660
b1010100111101110 #
0!
#78665
b1011011010011100 #
1!
#78670
b11001100110010 #
0!
#78675
b110110111110100 #
1!
#78680
b1111101110110000 #
0!
#78685
b110111010000101 #
1!
#78690
b1011011100001010 #
0!
#78695
b101110001111100 #
1!
#78700
b1101000100000110 #
0!
#78705
b110100000110100 #
1!
#78710
b1101010011110010 #
0!
#78715
b10110011001001 #
1!
#78720
b1100011001101010 #
0!
#78725
b1000111111000110 #
1!
#78730
b1000100100001011 #
0!
#78735
b1010011010111110 #
1!
#78740
b11011100100101 #
0!
#78745
b1000111101101001 #
1!
#78750
b1000110110011000 #
0!
#78755
b101011011101101 #
1!
#78760
b100000001010101 #
0!
#78765
b1101001001010011 #
1!
#78770
b110000010001000 #
0!
#78775
b1000100100100011 #
1!
#78780
b1011110011110100 #
0!
#78785
b1000100101010111 #
1!
#78790
b11111110100000 #
0!
#78795
b100101101110001 #
1!
#78800
b100100100001000 #
0!
#78805
b1001101000010100 #
1!
#78810
b10000001000011 #
0!
#78815
b110011000101010 #
1!
#78820
b100000110111011 #
0!
#78825
b1011010011111110 #
1!
#78830
b1100010101001100 #
0!
#78835
b110101100010000 #
1!
#78840
b1100000110010111 #
0!
#78845
b100001000011100 #
1!
#78850
b1010011011110000 #
0!
#78855
b1010000100100010 #
1!
#78860
b1010010110010000 #
0!
#78865
b111001111100101 #
1!
#78870
b1000101100 #
0!
#78875
b1011001001101 #
1!
#78880
b1000100100101101 #
0!
#78885
b11000011111001 #
1!
#78890
b1101010010100101 #
0!
#78895
b1001010101110001 #
1!
#78900
b1100011101100101 #
0!
#78905
b10010100100001 #
1!
#78910
b1101100110000011 #
0!
#78915
b1010101011101111 #
1!
#78920
b111111110001111 #
0!
#78925
b1011111101101010 #
1!
#78930
b1000100100110010 #
0!
#78935
b1010010101000011 #
1!
#78940
b1000100011111001 #
0!
#78945
b10101010110001 #
1!
#78950
b10010110001101 #
0!
#78955
b1000110011010111 #
1!
#78960
b1000001101111001 #
0!
#78965
b101001101110010 #
1!
#78970
b1010010101011100 #
0!
#78975
b10111110010001 #
1!
#78980
b1100100010100100 #
0!
#78985
b1110001101000101 #
1!
#78990
b1100100110101011 #
0!
#78995
b1100001000010 #
1!
#79000
b111011011011110 #
0!
#79005
b100100111001001 #
1!
#79010
b100011101111 #
0!
#79015
b1001010110001110 #
1!
#79020
b110100100001011 #
0!
#79025
b1010110001100011 #
1!
#79030
b1010001101100101 #
0!
#79035
b1010111101011101 #
1!
#79040
b11101100000111 #
0!
#79045
b110101111 #
1!
#79050
b1001001110111000 #
0!
#79055
b11010101110011 #
1!
#79060
b100011010101010 #
0!
#79065
b1110110011100110 #
1!
#79070
b1001001001010010 #
0!
#79075
b1011000101000101 #
1!
#79080
b1010110010001110 #
0!
#79085
b1101110100100011 #
1!
#79090
b10001101011100 #
0!
#79095
b111000010101000 #
1!
#79100
b100010101000101 #
0!
#79105
b1111110111100001 #
1!
#79110
b111101011100001 #
0!
#79115
b111111001100010 #
1!
#79120
b1010110101000101 #
0!
#79125
b11101101110010 #
1!
#79130
b1001101000001101 #
0!
#79135
b1010011101010000 #
1!
#79140
b100000100111000 #
0!
#79145
b100000111100110 #
1!
#79150
b11101111111101 #
0!
#79155
b111011000011101 #
1!
#79160
b1110111101110 #
0!
#79165
b111110000101001 #
1!
#79170
b1101100000100010 #
0!
#79175
b11100100110100 #
1!
#79180
b1110010100100 #
0!
#79185
b1100010100111 #
1!
#79190
b1011000110011001 #
0!
#79195
b1111100000000000 #
1!
#79200
b1101110111011101 #
0!
#79205
b1101100 #
1!
#79210
b1011111010010000 #
0!
#79215
b1000010000001110 #
1!
#79220
b1011011010000000 #
0!
#79225
b1110001011110110 #
1!
#79230
b1011111000010000 #
0!
#79235
b110011000101111 #
1!
#79240
b1100101001110110 #
0!
#79245
b10100010101000 #
1!
#79250
b10101000111101 #
0!
#79255
b1110101100110011 #
1!
#79260
b1111000110000100 #
0!
#79265
b1111111100101101 #
1!
#79270
b100001001110010 #
0!
#79275
b1111101000101 #
1!
#79280
b1100011010001101 #
0!
#79285
b101001010100011 #
1!
#79290
b1111111000111011 #
0!
#79295
b1100111010011111 #
1!
#79300
b1010100100000000 #
0!
#79305
b1100111111101100 #
1!
#79310
b1110110100111 #
0!
#79315
b1000001110001011 #
1!
#79320
b1011001110100101 #
0!
#79325
b1110000111110010 #
1!
#79330
b1101011011101 #
0!
#79335
b1000101101100010 #
1!
#79340
b1100000110000010 #
0!
#79345
b1011001101000010 #
1!
#79350
b11000001111011 #
0!
#79355
b1111001110010111 #
1!
#79360
b110111100001101 #
0!
#79365
b11000011001100 #
1!
#79370
b101101110101110 #
0!
#79375
b1000001101100110 #
1!
#79380
b1011101101010 #
0!
#79385
b100000101010 #
1!
#79390
b101100001111110 #
0!
#79395
b1100110001000011 #
1!
#79400
b1101100011100001 #
0!
#79405
b1010010100111010 #
1!
#79410
b1010010001000110 #
0!
#79415
b1011010011110 #
1!
#79420
b1000110101011000 #
0!
#79425
b11000001110001 #
1!
#79430
b111100111010000 #
0!
#79435
b111000000001110 #
1!
#79440
b1101000011101010 #
0!
#79445
b1001101010101110 #
1!
#79450
b1101010000000111 #
0!
#79455
b1010010110001111 #
1!
#79460
b1111011 #
0!
#79465
b1000111011111010 #
1!
#79470
b111000111000111 #
0!
#79475
b100000111010000 #
1!
#79480
b11100101011010 #
0!
#79485
b111010111110100 #
1!
#79490
b1100101010101110 #
0!
#79495
b1000111100111110 #
1!
#79500
b101010011000001 #
0!
#79505
b111110001011101 #
1!
#79510
b1111001110111 #
0!
#79515
b1001101011011010 #
1!
#79520
b1110111101101011 #
0!
#79525
b1001000110000011 #
1!
#79530
b110100111001100 #
0!
#79535
b11001001110111 #
1!
#79540
b110011011100100 #
0!
#79545
b101111111110000 #
1!
#79550
b110010100010100 #
0!
#79555
b1110000001110000 #
1!
#79560
b1101010111100011 #
0!
#79565
b101000000110100 #
1!
#79570
b1000110100011111 #
0!
#79575
b1111001001111010 #
1!
#79580
b1100001011001 #
0!
#79585
b1001010100100011 #
1!
#79590
b10000101000010 #
0!
#79595
b111001010100001 #
1!
#79600
b1100101101101101 #
0!
#79605
b1001001010100 #
1!
#79610
b1100111000110 #
0!
#79615
b10110100000111 #
1!
#79620
b100100100100010 #
0!
#79625
b111110101001010 #
1!
#79630
b11001100110010 #
0!
#79635
b1010111010000110 #
1!
#79640
b1010111011011011 #
0!
#79645
b11100100010011 #
1!
#79650
b1110101001011000 #
0!
#79655
b100001111000110 #
1!
#79660
b1101100101111001 #
0!
#79665
b111011110111010 #
1!
#79670
b111110010101111 #
0!
#79675
b1111010111011100 #
1!
#79680
b110000101000101 #
0!
#79685
b10001001011101 #
1!
#79690
b1110010111011111 #
0!
#79695
b1001001100010101 #
1!
#79700
b1010011101100010 #
0!
#79705
b1110010001001111 #
1!
#79710
b1101111100000110 #
0!
#79715
b1010011111111100 #
1!
#79720
b1100001000000110 #
0!
#79725
b10110100001001 #
1!
#79730
b1110011110101010 #
0!
#79735
b111110000110010 #
1!
#79740
b1001010000011010 #
0!
#79745
b10011001010001 #
1!
#79750
b11011111001000 #
0!
#79755
b10001000111011 #
1!
#79760
b1011010010011110 #
0!
#79765
b1011110101101100 #
1!
#79770
b1100111000000110 #
0!
#79775
b110010011000110 #
1!
#79780
b1000000101100011 #
0!
#79785
b1001101110110000 #
1!
#79790
b110011001110101 #
0!
#79795
b1100101110100000 #
1!
#79800
b1010001110000 #
0!
#79805
b10110001001111 #
1!
#79810
b111110111011000 #
0!
#79815
b1010010111001111 #
1!
#79820
b100110010110111 #
0!
#79825
b1010000010110001 #
1!
#79830
b100110100000000 #
0!
#79835
b1111111000000011 #
1!
#79840
b1100001001011110 #
0!
#79845
b1110001000111111 #
1!
#79850
b1101001100001111 #
0!
#79855
b1010000111101100 #
1!
#79860
b1101011001010001 #
0!
#79865
b1001101111101000 #
1!
#79870
b1100100100111100 #
0!
#79875
b1110010000110 #
1!
#79880
b1010000001001101 #
0!
#79885
b11101101000001 #
1!
#79890
b1010111111111101 #
0!
#79895
b1011100100001000 #
1!
#79900
b100110 #
0!
#79905
b1110100010011110 #
1!
#79910
b1011111100011001 #
0!
#79915
b1000010101110000 #
1!
#79920
b1000111001111111 #
0!
#79925
b1001010011100111 #
1!
#79930
b1111001110001111 #
0!
#79935
b100101101100101 #
1!
#79940
b1010100010101000 #
0!
#79945
b1110100110011000 #
1!
#79950
b100111010101 #
0!
#79955
b1001100101101000 #
1!
#79960
b110101011011000 #
0!
#79965
b101001010111101 #
1!
#79970
b111110001100011 #
0!
#79975
b1011100000000111 #
1!
#79980
b1011000110000000 #
0!
#79985
b1111110000110100 #
1!
#79990
b1000101111111110 #
0!
#79995
b1011011000010010 #
1!
#80000
b1010111110101 #
0!
#80005
b1101001100100101 #
1!
#80010
b10111011000000 #
0!
#80015
b110000001111110 #
1!
#80020
b1111011000010101 #
0!
#80025
b1000001111110000 #
1!
#80030
b10010001010111 #
0!
#80035
b100000000000101 #
1!
#80040
b110111000110011 #
0!
#80045
b111011010000001 #
1!
#80050
b1110100101101010 #
0!
#80055
b1010010000010100 #
1!
#80060
b101110111111101 #
0!
#80065
b1101101001001001 #
1!
#80070
b1011010110100101 #
0!
#80075
b1001011000101110 #
1!
#80080
b101100010001001 #
0!
#80085
b1001110011001100 #
1!
#80090
b1000011101011110 #
0!
#80095
b1110001001010011 #
1!
#80100
b1100000101010001 #
0!
#80105
b110011100000101 #
1!
#80110
b1110101010001 #
0!
#80115
b1011010000010 #
1!
#80120
b1011000101001001 #
0!
#80125
b1010011110001100 #
1!
#80130
b1110111001100101 #
0!
#80135
b111110011110100 #
1!
#80140
b10011010100 #
0!
#80145
b1000011011001101 #
1!
#80150
b11101011110010 #
0!
#80155
b10000000100000 #
1!
#80160
b101011010111110 #
0!
#80165
b1111001000100010 #
1!
#80170
b1111110010001011 #
0!
#80175
b1101000100101001 #
1!
#80180
b11000001000 #
0!
#80185
b1001100000110111 #
1!
#80190
b1110111010110001 #
0!
#80195
b1011011001000 #
1!
#80200
b10110110101011 #
0!
#80205
b1110001010000001 #
1!
#80210
b1001000001111001 #
0!
#80215
b100000001001000 #
1!
#80220
b1010100100011010 #
0!
#80225
b1111110100100111 #
1!
#80230
b1101010010011 #
0!
#80235
b101011110111000 #
1!
#80240
b1001110101100 #
0!
#80245
b1101010000111101 #
1!
#80250
b1000110010101010 #
0!
#80255
b10101111010111 #
1!
#80260
b1100100010110100 #
0!
#80265
b1010010010001 #
1!
#80270
b1001111010011110 #
0!
#80275
b100001111100111 #
1!
#80280
b1110011101110011 #
0!
#80285
b10101000000001 #
1!
#80290
b1100111110000010 #
0!
#80295
b1110111011110011 #
1!
#80300
b100011110100111 #
0!
#80305
b100000010011011 #
1!
#80310
b101100111100001 #
0!
#80315
b11101110011110 #
1!
#80320
b1000100011100110 #
0!
#80325
b100001101100100 #
1!
#80330
b11100001000100 #
0!
#80335
b1111000100011111 #
1!
#80340
b11001111111 #
0!
#80345
b1101111100100101 #
1!
#80350
b10101001011100 #
0!
#80355
b1001110101110100 #
1!
#80360
b1101101100100001 #
0!
#80365
b111111100010011 #
1!
#80370
b1010100011101011 #
0!
#80375
b1000101001101111 #
1!
#80380
b1110001011101111 #
0!
#80385
b101000010100101 #
1!
#80390
b1111001111000011 #
0!
#80395
b1100100010101100 #
1!
#80400
b1011110001010010 #
0!
#80405
b11110101110000 #
1!
#80410
b11100010 #
0!
#80415
b10000100010001 #
1!
#80420
b1100000100100010 #
0!
#80425
b1111010101110000 #
1!
#80430
b1001001100101001 #
0!
#80435
b10000011101011 #
1!
#80440
b110101111100 #
0!
#80445
b1101111101111100 #
1!
#80450
b10000010010110 #
0!
#80455
b1001000111010 #
1!
#80460
b111101011101000 #
0!
#80465
b10101101011001 #
1!
#80470
b1110100110000111 #
0!
#80475
b1101010101 #
1!
#80480
b1010101000010010 #
0!
#80485
b1100010000101101 #
1!
#80490
b1110011111110100 #
0!
#80495
b1011111001101100 #
1!
#80500
b1111011011000110 #
0!
#80505
b101010110111000 #
1!
#80510
b1101010100100000 #
0!
#80515
b1101000100001010 #
1!
#80520
b111100101110110 #
0!
#80525
b100101000100011 #
1!
#80530
b11001110111000 #
0!
#80535
b1000011100101010 #
1!
#80540
b111011100110 #
0!
#80545
b1101001111000111 #
1!
#80550
b11100111001011 #
0!
#80555
b1110101011111110 #
1!
#80560
b101011001011011 #
0!
#80565
b1101011110110111 #
1!
#80570
b1110011110101011 #
0!
#80575
b1100100111111010 #
1!
#80580
b1010100111100100 #
0!
#80585
b1101101101 #
1!
#80590
b1111010000011000 #
0!
#80595
b1010111100111000 #
1!
#80600
b10001000000100 #
0!
#80605
b1100001101110010 #
1!
#80610
b1110000110110111 #
0!
#80615
b1110011011010110 #
1!
#80620
b1001111101111101 #
0!
#80625
b100010001011000 #
1!
#80630
b1110011101010110 #
0!
#80635
b111110101100101 #
1!
#80640
b1011110101011110 #
0!
#80645
b111010011011100 #
1!
#80650
b1111011110 #
0!
#80655
b11111111110100 #
1!
#80660
b1101011100100010 #
0!
#80665
b1111101110001000 #
1!
#80670
b1111000010000000 #
0!
#80675
b1011011011011111 #
1!
#80680
b11000000110 #
0!
#80685
b100100110110010 #
1!
#80690
b10101100010000 #
0!
#80695
b11001011110010 #
1!
#80700
b10101001100001 #
0!
#80705
b1000010100101100 #
1!
#80710
b1111000111111100 #
0!
#80715
b1011101111111100 #
1!
#80720
b1101111100100001 #
0!
#80725
b1001111101111010 #
1!
#80730
b11101011100101 #
0!
#80735
b10000101100001 #
1!
#80740
b1000000100111000 #
0!
#80745
b100000011101011 #
1!
#80750
b1100011001000111 #
0!
#80755
b1110101011010000 #
1!
#80760
b10011000100001 #
0!
#80765
b1101100101110001 #
1!
#80770
b1001000110001 #
0!
#80775
b110100010101110 #
1!
#80780
b1011001001000100 #
0!
#80785
b1001000010000000 #
1!
#80790
b101011101111011 #
0!
#80795
b1010011101001000 #
1!
#80800
b1011111101100001 #
0!
#80805
b101010011100010 #
1!
#80810
b1000111001111101 #
0!
#80815
b110111101110011 #
1!
#80820
b1010011011001101 #
0!
#80825
b1101001011000011 #
1!
#80830
b111101110110101 #
0!
#80835
b100110010100010 #
1!
#80840
b1000010010100100 #
0!
#80845
b111010111011011 #
1!
#80850
b1001010001011100 #
0!
#80855
b1000110000011010 #
1!
#80860
b11011010111001 #
0!
#80865
b110011100001001 #
1!
#80870
b1011001011101 #
0!
#80875
b11110001001001 #
1!
#80880
b101100101110100 #
0!
#80885
b1001011000111000 #
1!
#80890
b10100101 #
0!
#80895
b10011011101100 #
1!
#80900
b100011001010111 #
0!
#80905
b1010111011100110 #
1!
#80910
b101001001101 #
0!
#80915
b1101100000010000 #
1!
#80920
b1110101100011 #
0!
#80925
b1110100011111 #
1!
#80930
b1011001010000111 #
0!
#80935
b1001110110000000 #
1!
#80940
b1011011000010010 #
0!
#80945
b101001010100 #
1!
#80950
b11010011011000 #
0!
#80955
b111111111001110 #
1!
#80960
b1011000000100110 #
0!
#80965
b110010011001110 #
1!
#80970
b1000110010000010 #
0!
#80975
b100110101111100 #
1!
#80980
b110010111111100 #
0!
#80985
b1101100000110010 #
1!
#80990
b111011110101111 #
0!
#80995
b1001000001011010 #
1!
#81000
b1111001110011010 #
0!
#81005
b1101000011001111 #
1!
#81010
b110110000111100 #
0!
#81015
b1001100011001010 #
1!
#81020
b11001101000000 #
0!
#81025
b111100100101001 #
1!
#81030
b1010111110101101 #
0!
#81035
b110111111100010 #
1!
#81040
b1100001110011101 #
0!
#81045
b1011111010001010 #
1!
#81050
b11010100111011 #
0!
#81055
b1101111100011101 #
1!
#81060
b1111111101110001 #
0!
#81065
b100110011110000 #
1!
#81070
b1011110001110111 #
0!
#81075
b111011110101000 #
1!
#81080
b1111001111 #
0!
#81085
b1001000000111011 #
1!
#81090
b1100001001111000 #
0!
#81095
b1000000011100000 #
1!
#81100
b1010101110110101 #
0!
#81105
b1011010111101011 #
1!
#81110
b1000001100001001 #
0!
#81115
b100100100000 #
1!
#81120
b1001001100110100 #
0!
#81125
b1010010001000011 #
1!
#81130
b1111100011011001 #
0!
#81135
b1101110101111011 #
1!
#81140
b1010111011011 #
0!
#81145
b111100110011 #
1!
#81150
b1110000100011010 #
0!
#81155
b1000011001100110 #
1!
#81160
b101000110101101 #
0!
#81165
b101110011011001 #
1!
#81170
b1011011010001001 #
0!
#81175
b101010100000101 #
1!
#81180
b1111101000010 #
0!
#81185
b1011110011110100 #
1!
#81190
b1011010101100100 #
0!
#81195
b101000000011100 #
1!
#81200
b1110101011101 #
0!
#81205
b1011000100000 #
1!
#81210
b1101100100101100 #
0!
#81215
b100011101001011 #
1!
#81220
b1010011110101110 #
0!
#81225
b1110100110101 #
1!
#81230
b1110000011001010 #
0!
#81235
b1100001010100101 #
1!
#81240
b1101100111100110 #
0!
#81245
b11010010011100 #
1!
#81250
b100010011110110 #
0!
#81255
b1001000111100 #
1!
#81260
b1000111111110101 #
0!
#81265
b1000111011111000 #
1!
#81270
b100001001100001 #
0!
#81275
b100001010111110 #
1!
#81280
b110010110000101 #
0!
#81285
b1010111111101 #
1!
#81290
b1101011010100100 #
0!
#81295
b1110110110011 #
1!
#81300
b1011010010001101 #
0!
#81305
b111010110111101 #
1!
#81310
b1011101001010101 #
0!
#81315
b10110101111100 #
1!
#81320
b1001111000010110 #
0!
#81325
b1100001011011 #
1!
#81330
b110111001010100 #
0!
#81335
b1011111010100100 #
1!
#81340
b1111101111111110 #
0!
#81345
b10111101100110 #
1!
#81350
b10110110110001 #
0!
#81355
b1110000110100100 #
1!
#81360
b110011111101110 #
0!
#81365
b1010000111000011 #
1!
#81370
b1110111100110111 #
0!
#81375
b101110110100101 #
1!
#81380
b11111100101101 #
0!
#81385
b1101001111000 #
1!
#81390
b111001100000100 #
0!
#81395
b1100000001101000 #
1!
#81400
b1001111010011110 #
0!
#81405
b100000101110 #
1!
#81410
b11010000101110 #
0!
#81415
b101011011011011 #
1!
#81420
b110001110001101 #
0!
#81425
b1001100011000100 #
1!
#81430
b111000111101101 #
0!
#81435
b10110110000001 #
1!
#81440
b10011110010001 #
0!
#81445
b1011011111010000 #
1!
#81450
b10001100111101 #
0!
#81455
b101101000001 #
1!
#81460
b100010100101111 #
0!
#81465
b101001100000 #
1!
#81470
b11101111011 #
0!
#81475
b1000000010101011 #
1!
#81480
b1101110010001000 #
0!
#81485
b10111001111 #
1!
#81490
b1001011111100100 #
0!
#81495
b1101101101011010 #
1!
#81500
b1100011010110000 #
0!
#81505
b1101000100010011 #
1!
#81510
b1001101111011 #
0!
#81515
b10001001111110 #
1!
#81520
b1010000111111111 #
0!
#81525
b101100101010010 #
1!
#81530
b111001001010011 #
0!
#81535
b10010100110100 #
1!
#81540
b1100011100000111 #
0!
#81545
b100100000010101 #
1!
#81550
b111011010011010 #
0!
#81555
b110111010101101 #
1!
#81560
b101010101100110 #
0!
#81565
b111011111000 #
1!
#81570
b1001011110000110 #
0!
#81575
b100101111011001 #
1!
#81580
b10011100110101 #
0!
#81585
b1101001000101111 #
1!
#81590
b1000101101110 #
0!
#81595
b1100010110011010 #
1!
#81600
b1101100101000010 #
0!
#81605
b1000011010101001 #
1!
#81610
b1110000000110111 #
0!
#81615
b1010101000011000 #
1!
#81620
b1100010111010101 #
0!
#81625
b1101001001000011 #
1!
#81630
b1100000001011101 #
0!
#81635
b1000011101011010 #
1!
#81640
b101100101111 #
0!
#81645
b10001111000111 #
1!
#81650
b11000010111001 #
0!
#81655
b1010011010101111 #
1!
#81660
b1000001010001001 #
0!
#81665
b1010001000101010 #
1!
#81670
b110100001100011 #
0!
#81675
b1010000001000 #
1!
#81680
b1100101110111011 #
0!
#81685
b100000111000110 #
1!
#81690
b110100110101101 #
0!
#81695
b1001110111010110 #
1!
#81700
b11111101001011 #
0!
#81705
b1010011111111110 #
1!
#81710
b1110100010111010 #
0!
#81715
b1100110110000101 #
1!
#81720
b1111101000100101 #
0!
#81725
b100001100011001 #
1!
#81730
b110011110011000 #
0!
#81735
b1110111000101101 #
1!
#81740
b1101101110011010 #
0!
#81745
b11111110110011 #
1!
#81750
b1111101100010 #
0!
#81755
b111010010001 #
1!
#81760
b111101000000000 #
0!
#81765
b1000011010001100 #
1!
#81770
b110101011100 #
0!
#81775
b1111101100000100 #
1!
#81780
b11010110001010 #
0!
#81785
b1100100100100100 #
1!
#81790
b1110110010000100 #
0!
#81795
b11110101000111 #
1!
#81800
b10100010101110 #
0!
#81805
b110111011101110 #
1!
#81810
b11100110001110 #
0!
#81815
b10000000000101 #
1!
#81820
b10111010110100 #
0!
#81825
b1010010001110000 #
1!
#81830
b11000010111111 #
0!
#81835
b1011010011110101 #
1!
#81840
b1110010011000001 #
0!
#81845
b101100100101111 #
1!
#81850
b1100110010101101 #
0!
#81855
b1100010001000100 #
1!
#81860
b1010011100000010 #
0!
#81865
b11010010111110 #
1!
#81870
b1100101001001001 #
0!
#81875
b1101100101011100 #
1!
#81880
b1001000100111010 #
0!
#81885
b1010011011000111 #
1!
#81890
b1010100000111010 #
0!
#81895
b100000010100100 #
1!
#81900
b111111101100011 #
0!
#81905
b1101100101100001 #
1!
#81910
b1001111011111011 #
0!
#81915
b100101001000 #
1!
#81920
b110010100101 #
0!
#81925
b1011011010010100 #
1!
#81930
b1010100010101110 #
0!
#81935
b1111100110101000 #
1!
#81940
b1001010001010011 #
0!
#81945
b1110111101011100 #
1!
#81950
b1000011100110010 #
0!
#81955
b1010001010001001 #
1!
#81960
b11011000011111 #
0!
#81965
b1110101000000110 #
1!
#81970
b1011001001010001 #
0!
#81975
b100110010010110 #
1!
#81980
b1100101001010010 #
0!
#81985
b1101011101000001 #
1!
#81990
b110011110011111 #
0!
#81995
b11101010011 #
1!
#82000
b1110111000101011 #
0!
#82005
b1010000010110100 #
1!
#82010
b1010001011110001 #
0!
#82015
b1001101000001101 #
1!
#82020
b1111111000101100 #
0!
#82025
b1111010101111001 #
1!
#82030
b1111111100101 #
0!
#82035
b1001011011110101 #
1!
#82040
b1011101111011 #
0!
#82045
b11101001010000 #
1!
#82050
b101100001111001 #
0!
#82055
b100010111100100 #
1!
#82060
b1001100101100 #
0!
#82065
b1010001011100011 #
1!
#82070
b1000110000100100 #
0!
#82075
b1011000111110110 #
1!
#82080
b1000110110001001 #
0!
#82085
b1011011110111 #
1!
#82090
b1011011001101001 #
0!
#82095
b1010100010000000 #
1!
#82100
b1110010100101011 #
0!
#82105
b100010111011001 #
1!
#82110
b1001001101100001 #
0!
#82115
b1011011110001111 #
1!
#82120
b11001100010101 #
0!
#82125
b1001011111101001 #
1!
#82130
b1001101000101100 #
0!
#82135
b10100101110101 #
1!
#82140
b101011001111100 #
0!
#82145
b11101110010011 #
1!
#82150
b111011001011 #
0!
#82155
b100010000110 #
1!
#82160
b1110100010001010 #
0!
#82165
b1100010010111 #
1!
#82170
b1110011001001111 #
0!
#82175
b10001110011001 #
1!
#82180
b100011110111111 #
0!
#82185
b1110001111101010 #
1!
#82190
b1110000111100010 #
0!
#82195
b10101101010 #
1!
#82200
b1000110000111001 #
0!
#82205
b1111111000011001 #
1!
#82210
b111100010011000 #
0!
#82215
b1111100001101011 #
1!
#82220
b1001011110001101 #
0!
#82225
b1001110101111001 #
1!
#82230
b1110101110000001 #
0!
#82235
b101000101100 #
1!
#82240
b1111111001110110 #
0!
#82245
b1010100100000000 #
1!
#82250
b11001011111110 #
0!
#82255
b100011011111 #
1!
#82260
b10010000000110 #
0!
#82265
b1100101000100011 #
1!
#82270
b110111000001 #
0!
#82275
b111110100011111 #
1!
#82280
b10000110011011 #
0!
#82285
b111001110001001 #
1!
#82290
b1111010101111110 #
0!
#82295
b1011001110001001 #
1!
#82300
b1101001001000110 #
0!
#82305
b1100110111110100 #
1!
#82310
b10010011000001 #
0!
#82315
b1011100101001010 #
1!
#82320
b1101001111100111 #
0!
#82325
b1100001000101111 #
1!
#82330
b1001110011010101 #
0!
#82335
b101101000100111 #
1!
#82340
b111111110101101 #
0!
#82345
b1100100 #
1!
#82350
b1010001001111 #
0!
#82355
b10000000101101 #
1!
#82360
b1111001100111001 #
0!
#82365
b1111001010100010 #
1!
#82370
b101000010100 #
0!
#82375
b101101010001110 #
1!
#82380
b101100010010 #
0!
#82385
b1100011111111101 #
1!
#82390
b1011101001101110 #
0!
#82395
b1010011010100 #
1!
#82400
b110000010110010 #
0!
#82405
b110100100010100 #
1!
#82410
b10000100011000 #
0!
#82415
b1011011110011 #
1!
#82420
b101010111010001 #
0!
#82425
b1000000001011000 #
1!
#82430
b1111011010111100 #
0!
#82435
b1111001001011000 #
1!
#82440
b1111111000110101 #
0!
#82445
b1000000111110000 #
1!
#82450
b1011110111100001 #
0!
#82455
b1110111110010110 #
1!
#82460
b11111010111001 #
0!
#82465
b1000111010000111 #
1!
#82470
b1010110010111001 #
0!
#82475
b1101110110101 #
1!
#82480
b1010110111000011 #
0!
#82485
b1001101111101101 #
1!
#82490
b1100000011001011 #
0!
#82495
b100000111010000 #
1!
#82500
b1010011011011110 #
0!
#82505
b100111111010011 #
1!
#82510
b1011011011110001 #
0!
#82515
b1110111100001010 #
1!
#82520
b100100010111011 #
0!
#82525
b1100010000000 #
1!
#82530
b101110100001 #
0!
#82535
b110111001111011 #
1!
#82540
b110111001000011 #
0!
#82545
b10001011011111 #
1!
#82550
b1111100011111110 #
0!
#82555
b1100110000101110 #
1!
#82560
b1011001011111011 #
0!
#82565
b101100010101110 #
1!
#82570
b111110110011001 #
0!
#82575
b1101011110111101 #
1!
#82580
b111010001101111 #
0!
#82585
b110100100110001 #
1!
#82590
b101001001110011 #
0!
#82595
b1011010110001 #
1!
#82600
b1100110111011101 #
0!
#82605
b1011110001000001 #
1!
#82610
b1111011000100100 #
0!
#82615
b1101101000110101 #
1!
#82620
b1001101011010111 #
0!
#82625
b1000000100001011 #
1!
#82630
b1010001010100011 #
0!
#82635
b10110100110100 #
1!
#82640
b111011100010110 #
0!
#82645
b1010001101011001 #
1!
#82650
b101010010101110 #
0!
#82655
b1101100110000011 #
1!
#82660
b1011111100110000 #
0!
#82665
b1100110110111001 #
1!
#82670
b1100101101000101 #
0!
#82675
b110110000100011 #
1!
#82680
b1000111101110101 #
0!
#82685
b110110001100010 #
1!
#82690
b111110100101101 #
0!
#82695
b11001000111000 #
1!
#82700
b1100001110011101 #
0!
#82705
b1010110000101010 #
1!
#82710
b1010100111111100 #
0!
#82715
b11011111010010 #
1!
#82720
b1111010110000101 #
0!
#82725
b111100001100011 #
1!
#82730
b100101110011100 #
0!
#82735
b100011100011010 #
1!
#82740
b1000010010111100 #
0!
#82745
b111111111111011 #
1!
#82750
b1110011000001 #
0!
#82755
b1110110111111001 #
1!
#82760
b1000101000000110 #
0!
#82765
b10100110110101 #
1!
#82770
b1001111001010001 #
0!
#82775
b111011111010111 #
1!
#82780
b1110011110011010 #
0!
#82785
b1010001011010101 #
1!
#82790
b100100100110 #
0!
#82795
b1110110010001010 #
1!
#82800
b11000001010001 #
0!
#82805
b1101101100010011 #
1!
#82810
b101101100110101 #
0!
#82815
b10000100001000 #
1!
#82820
b1100011101111101 #
0!
#82825
b111101000110001 #
1!
#82830
b100110010000000 #
0!
#82835
b1001100111110011 #
1!
#82840
b1100010010010111 #
0!
#82845
b1111000100001101 #
1!
#82850
b101110111011011 #
0!
#82855
b1010010110100010 #
1!
#82860
b10110010101 #
0!
#82865
b110011101111110 #
1!
#82870
b1100011011101100 #
0!
#82875
b101000010110010 #
1!
#82880
b10011111111101 #
0!
#82885
b1100100111100000 #
1!
#82890
b1000011001110011 #
0!
#82895
b110011110111110 #
1!
#82900
b1000010010001100 #
0!
#82905
b1100010010011111 #
1!
#82910
b101100100110110 #
0!
#82915
b111001001010101 #
1!
#82920
b11100010011011 #
0!
#82925
b1100010110011111 #
1!
#82930
b1011011110100111 #
0!
#82935
b1100000011000110 #
1!
#82940
b10000111110011 #
0!
#82945
b1111011011010001 #
1!
#82950
b1110000110100010 #
0!
#82955
b101111111010101 #
1!
#82960
b1101101101011111 #
0!
#82965
b100001011010011 #
1!
#82970
b1100111101001111 #
0!
#82975
b1011011111110 #
1!
#82980
b1011111110010011 #
0!
#82985
b101101111110000 #
1!
#82990
b100000110010001 #
0!
#82995
b111011101001100 #
1!
#83000
b1110101111001000 #
0!
#83005
b1010010101100001 #
1!
#83010
b1010111000000111 #
0!
#83015
b1100100001101111 #
1!
#83020
b11100010011010 #
0!
#83025
b101000000010100 #
1!
#83030
b101011000001001 #
0!
#83035
b1100100010101 #
1!
#83040
b100100110000111 #
0!
#83045
b100101111100111 #
1!
#83050
b11010110101000 #
0!
#83055
b11010100110100 #
1!
#83060
b111010010101011 #
0!
#83065
b11101110011011 #
1!
#83070
b1100011100 #
0!
#83075
b1010011001000110 #
1!
#83080
b1101011111111110 #
0!
#83085
b1001000101101010 #
1!
#83090
b100000010011111 #
0!
#83095
b1011110100100100 #
1!
#83100
b100110011001110 #
0!
#83105
b111100110000110 #
1!
#83110
b10011000101110 #
0!
#83115
b1000000010001001 #
1!
#83120
b111010110011110 #
0!
#83125
b1101110101101001 #
1!
#83130
b1011010000100001 #
0!
#83135
b1011111011011100 #
1!
#83140
b1010011000111100 #
0!
#83145
b110100001000000 #
1!
#83150
b1010001100011101 #
0!
#83155
b10101011001 #
1!
#83160
b100100110 #
0!
#83165
b1000100001010011 #
1!
#83170
b110111101000111 #
0!
#83175
b1001110000101100 #
1!
#83180
b101110100010010 #
0!
#83185
b110101010111110 #
1!
#83190
b101010001000111 #
0!
#83195
b1001001010011101 #
1!
#83200
b101101011000010 #
0!
#83205
b1111101001010110 #
1!
#83210
b101000011111111 #
0!
#83215
b1011010111100000 #
1!
#83220
b101010011011101 #
0!
#83225
b1110000000000111 #
1!
#83230
b1111101110100 #
0!
#83235
b1000110010100001 #
1!
#83240
b110010100001100 #
0!
#83245
b1000111010010110 #
1!
#83250
b11100011101010 #
0!
#83255
b110100011101011 #
1!
#83260
b110100100001011 #
0!
#83265
b10101100010000 #
1!
#83270
b1101111110011001 #
0!
#83275
b101000101110011 #
1!
#83280
b1111110111101001 #
0!
#83285
b1010010010111110 #
1!
#83290
b100100001011 #
0!
#83295
b1011011110100 #
1!
#83300
b111111100110110 #
0!
#83305
b1010011100000100 #
1!
#83310
b111010110000000 #
0!
#83315
b100000110011110 #
1!
#83320
b10101001000 #
0!
#83325
b1001111011110001 #
1!
#83330
b1010000001100110 #
0!
#83335
b1111001000000 #
1!
#83340
b111000101011011 #
0!
#83345
b1011011111100101 #
1!
#83350
b1100010101010010 #
0!
#83355
b1011110001000010 #
1!
#83360
b101110111000001 #
0!
#83365
b1101101000100001 #
1!
#83370
b1101110001110001 #
0!
#83375
b1110010011111101 #
1!
#83380
b10010111011110 #
0!
#83385
b1011100110010010 #
1!
#83390
b1010100011111000 #
0!
#83395
b10001010010101 #
1!
#83400
b1110001100010111 #
0!
#83405
b1011101010111111 #
1!
#83410
b1010001101101111 #
0!
#83415
b1100001111101100 #
1!
#83420
b111010110000100 #
0!
#83425
b110100100100 #
1!
#83430
b10101101011 #
0!
#83435
b1101001010111000 #
1!
#83440
b111011010010000 #
0!
#83445
b1001110111010001 #
1!
#83450
b1100111110100011 #
0!
#83455
b1110001101100 #
1!
#83460
b100010100111011 #
0!
#83465
b1010010110111 #
1!
#83470
b1011100011010001 #
0!
#83475
b10111111110100 #
1!
#83480
b1111101100111101 #
0!
#83485
b1110001001100001 #
1!
#83490
b100000101101010 #
0!
#83495
b101001111101001 #
1!
#83500
b111010111001010 #
0!
#83505
b11000110001010 #
1!
#83510
b1010001110001011 #
0!
#83515
b1001010001010110 #
1!
#83520
b100111000010011 #
0!
#83525
b1110101101010011 #
1!
#83530
b1101101000110010 #
0!
#83535
b1100001010100000 #
1!
#83540
b1110001101100010 #
0!
#83545
b1011111010000011 #
1!
#83550
b1010010000011010 #
0!
#83555
b110011110101010 #
1!
#83560
b101000111101001 #
0!
#83565
b1011110010111 #
1!
#83570
b111101001010000 #
0!
#83575
b1100111111010001 #
1!
#83580
b111000100001100 #
0!
#83585
b1111100010000 #
1!
#83590
b1001110111100011 #
0!
#83595
b10111010100 #
1!
#83600
b1110000101011101 #
0!
#83605
b1100010010111100 #
1!
#83610
b1110110110 #
0!
#83615
b1101010101000100 #
1!
#83620
b1111110111111001 #
0!
#83625
b1011001001101101 #
1!
#83630
b110101011011101 #
0!
#83635
b1100110010001110 #
1!
#83640
b1110000010001101 #
0!
#83645
b101011111100011 #
1!
#83650
b101000110001110 #
0!
#83655
b11011000111011 #
1!
#83660
b110100010101101 #
0!
#83665
b1101101101000110 #
1!
#83670
b1111000000010000 #
0!
#83675
b1111010000000 #
1!
#83680
b11000010111011 #
0!
#83685
b10101100010010 #
1!
#83690
b100011010101010 #
0!
#83695
b101001110110011 #
1!
#83700
b1001001000010100 #
0!
#83705
b1111010110111001 #
1!
#83710
b111100000001 #
0!
#83715
b101110110111100 #
1!
#83720
b1010111111000110 #
0!
#83725
b1010001011100111 #
1!
#83730
b1100010011100100 #
0!
#83735
b1000101000011011 #
1!
#83740
b101110001101101 #
0!
#83745
b110001110111000 #
1!
#83750
b1010001111111001 #
0!
#83755
b1110011110011100 #
1!
#83760
b11101110001111 #
0!
#83765
b1110010101101 #
1!
#83770
b1010011101001100 #
0!
#83775
b11110001010100 #
1!
#83780
b1010010000011001 #
0!
#83785
b1000001111010001 #
1!
#83790
b1000111100101001 #
0!
#83795
b1100111110111 #
1!
#83800
b1011011100110110 #
0!
#83805
b1111101011001011 #
1!
#83810
b1101001101000110 #
0!
#83815
b1100100000100100 #
1!
#83820
b100110001001011 #
0!
#83825
b1011010001001010 #
1!
#83830
b1011000010110011 #
0!
#83835
b101100111000001 #
1!
#83840
b1000110110 #
0!
#83845
b1001101110011000 #
1!
#83850
b10010001111110 #
0!
#83855
b1001001111111100 #
1!
#83860
b11001110011010 #
0!
#83865
b101101010101011 #
1!
#83870
b1110100110010001 #
0!
#83875
b1100000101 #
1!
#83880
b1111110101101001 #
0!
#83885
b101111010010011 #
1!
#83890
b111110110111100 #
0!
#83895
b1111010000100101 #
1!
#83900
b11100001101000 #
0!
#83905
b1101010110011011 #
1!
#83910
b1101101011100 #
0!
#83915
b111011000111101 #
1!
#83920
b1000010111100001 #
0!
#83925
b1010011111101110 #
1!
#83930
b1011110010100100 #
0!
#83935
b101001101001100 #
1!
#83940
b11110100111010 #
0!
#83945
b1000000100100110 #
1!
#83950
b10000011110011 #
0!
#83955
b1011100010010 #
1!
#83960
b111110110101111 #
0!
#83965
b1100111010001000 #
1!
#83970
b1100001001000001 #
0!
#83975
b110001101011 #
1!
#83980
b10000011100010 #
0!
#83985
b1011111101100000 #
1!
#83990
b1101111000000000 #
0!
#83995
b100001001110011 #
1!
#84000
b1100010001111010 #
0!
#84005
b11110000111100 #
1!
#84010
b111000010000110 #
0!
#84015
b1000000000010100 #
1!
#84020
b1100001010001110 #
0!
#84025
b1111000101101001 #
1!
#84030
b11010101100011 #
0!
#84035
b101011000010001 #
1!
#84040
b11101000000100 #
0!
#84045
b100101010010100 #
1!
#84050
b1010010010100010 #
0!
#84055
b1000100100000 #
1!
#84060
b10110111000 #
0!
#84065
b111011011001100 #
1!
#84070
b1110100 #
0!
#84075
b1011100100111011 #
1!
#84080
b1011111010000011 #
0!
#84085
b101111111011111 #
1!
#84090
b100000000110010 #
0!
#84095
b1101010110010 #
1!
#84100
b1100010111110101 #
0!
#84105
b1010111101000111 #
1!
#84110
b10010100110000 #
0!
#84115
b1100010100011001 #
1!
#84120
b11001011100111 #
0!
#84125
b1101010010100001 #
1!
#84130
b10010101100001 #
0!
#84135
b110101100 #
1!
#84140
b1110010010100111 #
0!
#84145
b1111100011101001 #
1!
#84150
b111111100111011 #
0!
#84155
b1101101001000101 #
1!
#84160
b111011011110100 #
0!
#84165
b110101100111 #
1!
#84170
b10111111010111 #
0!
#84175
b10000101110001 #
1!
#84180
b100001010000100 #
0!
#84185
b1011100010011010 #
1!
#84190
b1110111111000111 #
0!
#84195
b101110111000111 #
1!
#84200
b110100101000010 #
0!
#84205
b110100011111100 #
1!
#84210
b11111010010100 #
0!
#84215
b1101110000010101 #
1!
#84220
b1100000100001101 #
0!
#84225
b100100011111010 #
1!
#84230
b101011001100000 #
0!
#84235
b1010101101110011 #
1!
#84240
b1110100100011110 #
0!
#84245
b100011011110111 #
1!
#84250
b11011010100111 #
0!
#84255
b1001001111101000 #
1!
#84260
b11110111011010 #
0!
#84265
b110110100111 #
1!
#84270
b1001011010001110 #
0!
#84275
b10001110011111 #
1!
#84280
b1101100001000101 #
0!
#84285
b100010110011 #
1!
#84290
b1111010011000011 #
0!
#84295
b1010010001011110 #
1!
#84300
b1001100111001000 #
0!
#84305
b110010011011101 #
1!
#84310
b1000110001011110 #
0!
#84315
b10010001000000 #
1!
#84320
b1100010001000 #
0!
#84325
b110010100000 #
1!
#84330
b101101110111001 #
0!
#84335
b111000001011101 #
1!
#84340
b1011001000001001 #
0!
#84345
b1010111101111101 #
1!
#84350
b1101111001000 #
0!
#84355
b1001101101000 #
1!
#84360
b1000011101001000 #
0!
#84365
b1011010111110101 #
1!
#84370
b100011111001100 #
0!
#84375
b101011111100111 #
1!
#84380
b110110100010011 #
0!
#84385
b100101101101010 #
1!
#84390
b1111011110111 #
0!
#84395
b100101100011010 #
1!
#84400
b1011010011 #
0!
#84405
b101111011000110 #
1!
#84410
b1001101011101000 #
0!
#84415
b1011101100100100 #
1!
#84420
b1010010101110000 #
0!
#84425
b1001101001010010 #
1!
#84430
b111100101110010 #
0!
#84435
b10111010001111 #
1!
#84440
b110111110101000 #
0!
#84445
b110110001110100 #
1!
#84450
b11011110111100 #
0!
#84455
b1111011011001110 #
1!
#84460
b11110001101011 #
0!
#84465
b1111111011001111 #
1!
#84470
b110000011101 #
0!
#84475
b1111011000110 #
1!
#84480
b1010101110010100 #
0!
#84485
b11110010000001 #
1!
#84490
b1111011110110000 #
0!
#84495
b110111111111101 #
1!
#84500
b1001010100000 #
0!
#84505
b1101010111101001 #
1!
#84510
b1011010000100110 #
0!
#84515
b111100010001000 #
1!
#84520
b1001010010101110 #
0!
#84525
b11000111000011 #
1!
#84530
b1100000110111001 #
0!
#84535
b1000001101001111 #
1!
#84540
b100001101100 #
0!
#84545
b111110011111000 #
1!
#84550
b101010011001010 #
0!
#84555
b1001110110111101 #
1!
#84560
b110000111010 #
0!
#84565
b1010011111110110 #
1!
#84570
b111000000010100 #
0!
#84575
b1001000101110110 #
1!
#84580
b1111110000111000 #
0!
#84585
b101101111101011 #
1!
#84590
b1100110111111001 #
0!
#84595
b1110110000101011 #
1!
#84600
b1111010101100111 #
0!
#84605
b110110100 #
1!
#84610
b1110011011011001 #
0!
#84615
b1111101100100010 #
1!
#84620
b1101000010101111 #
0!
#84625
b1100100111100111 #
1!
#84630
b1111101111100100 #
0!
#84635
b1100011110001110 #
1!
#84640
b10101111101100 #
0!
#84645
b1001110011000000 #
1!
#84650
b10101110110 #
0!
#84655
b1111001001011 #
1!
#84660
b110001011000110 #
0!
#84665
b10101001001101 #
1!
#84670
b1100000101011100 #
0!
#84675
b1000110100010111 #
1!
#84680
b1001000010001001 #
0!
#84685
b1101110010111110 #
1!
#84690
b1010100100000101 #
0!
#84695
b101111011011110 #
1!
#84700
b1001010110110000 #
0!
#84705
b1110000000011010 #
1!
#84710
b1111110100011110 #
0!
#84715
b1001111001000000 #
1!
#84720
b11101100110 #
0!
#84725
b1111001000111 #
1!
#84730
b1011010110000001 #
0!
#84735
b1100011000110 #
1!
#84740
b100010010101001 #
0!
#84745
b100100110101101 #
1!
#84750
b1000111111111010 #
0!
#84755
b101101100001110 #
1!
#84760
b110101001010001 #
0!
#84765
b1100010001010111 #
1!
#84770
b11111011101 #
0!
#84775
b1010111101011000 #
1!
#84780
b101010010101000 #
0!
#84785
b1100001011100111 #
1!
#84790
b101100111010110 #
0!
#84795
b10000110101010 #
1!
#84800
b1001110011011101 #
0!
#84805
b10111000100111 #
1!
#84810
b1000000011111110 #
0!
#84815
b111111000011101 #
1!
#84820
b1010001111101110 #
0!
#84825
b1011000110110001 #
1!
#84830
b11101110011010 #
0!
#84835
b101001101011011 #
1!
#84840
b111111001100011 #
0!
#84845
b1011100101011001 #
1!
#84850
b1110010000 #
0!
#84855
b1110100100000000 #
1!
#84860
b1000101110010 #
0!
#84865
b111001011011101 #
1!
#84870
b1001111110101 #
0!
#84875
b100111011011111 #
1!
#84880
b1111000111011110 #
0!
#84885
b1100100010001111 #
1!
#84890
b110101010111101 #
0!
#84895
b101000111010100 #
1!
#84900
b111110000110011 #
0!
#84905
b110011101101010 #
1!
#84910
b1100001100000000 #
0!
#84915
b111011000101011 #
1!
#84920
b1101000110101100 #
0!
#84925
b1011100001011101 #
1!
#84930
b1001100111000100 #
0!
#84935
b1000101000101 #
1!
#84940
b1100100001100110 #
0!
#84945
b1110110000100111 #
1!
#84950
b10100011001111 #
0!
#84955
b10101110000011 #
1!
#84960
b1111111100101100 #
0!
#84965
b1110111010011101 #
1!
#84970
b110111001110001 #
0!
#84975
b1000110100011101 #
1!
#84980
b1101001010000101 #
0!
#84985
b110011110110011 #
1!
#84990
b10010011001011 #
0!
#84995
b1100100111110011 #
1!
#85000
b101110000111111 #
0!
#85005
b1100011000011111 #
1!
#85010
b1100101001110010 #
0!
#85015
b10010111110100 #
1!
#85020
b111110000111101 #
0!
#85025
b11010011100111 #
1!
#85030
b1001101000000100 #
0!
#85035
b1011000100110000 #
1!
#85040
b1100101010100100 #
0!
#85045
b1010000011000000 #
1!
#85050
b1000111110010000 #
0!
#85055
b11011000110111 #
1!
#85060
b1010010100111111 #
0!
#85065
b1011010110010000 #
1!
#85070
b110010001010011 #
0!
#85075
b100010011001101 #
1!
#85080
b10011100111000 #
0!
#85085
b1101111111011011 #
1!
#85090
b1001100011000101 #
0!
#85095
b10010010010111 #
1!
#85100
b10110111101110 #
0!
#85105
b100100110011001 #
1!
#85110
b110011001100001 #
0!
#85115
b1110001011011000 #
1!
#85120
b101000100010111 #
0!
#85125
b1101111100011100 #
1!
#85130
b1100101000110011 #
0!
#85135
b100110111001111 #
1!
#85140
b1111001111101101 #
0!
#85145
b100111010001100 #
1!
#85150
b1000000010001111 #
0!
#85155
b1110110111010110 #
1!
#85160
b10101010011001 #
0!
#85165
b1110110001 #
1!
#85170
b10111111100 #
0!
#85175
b1000111010101 #
1!
#85180
b1101100010010001 #
0!
#85185
b10011101110100 #
1!
#85190
b1001000010111100 #
0!
#85195
b1100001000011111 #
1!
#85200
b1001010000110000 #
0!
#85205
b1010100111100010 #
1!
#85210
b10001111110111 #
0!
#85215
b1100111001011111 #
1!
#85220
b1011110100101011 #
0!
#85225
b11001100011111 #
1!
#85230
b111100011101111 #
0!
#85235
b1100001010010101 #
1!
#85240
b110110100101011 #
0!
#85245
b11001100000000 #
1!
#85250
b101001001010 #
0!
#85255
b1110100011010011 #
1!
#85260
b1000000100111101 #
0!
#85265
b1101001011000110 #
1!
#85270
b1011011011001 #
0!
#85275
b100110011000010 #
1!
#85280
b1001001001010010 #
0!
#85285
b1111111110111001 #
1!
#85290
b1001100011011101 #
0!
#85295
b1011110110001111 #
1!
#85300
b1010000100 #
0!
#85305
b110010100001010 #
1!
#85310
b100101001000000 #
0!
#85315
b1100001001010011 #
1!
#85320
b1110100001100010 #
0!
#85325
b110111011001010 #
1!
#85330
b1010110110110110 #
0!
#85335
b1010110010010100 #
1!
#85340
b10010011101001 #
0!
#85345
b100100101011001 #
1!
#85350
b1111011001000101 #
0!
#85355
b1000001111110001 #
1!
#85360
b100111001110100 #
0!
#85365
b1110000000010101 #
1!
#85370
b10100000101001 #
0!
#85375
b1011110010100 #
1!
#85380
b1100010001010001 #
0!
#85385
b1110000110110101 #
1!
#85390
b1111101110001010 #
0!
#85395
b1110111110000000 #
1!
#85400
b1010001000110110 #
0!
#85405
b1011011000010010 #
1!
#85410
b1110101011111000 #
0!
#85415
b101101101011000 #
1!
#85420
b1100001001001011 #
0!
#85425
b1000110011001111 #
1!
#85430
b11010100111010 #
0!
#85435
b110011110110011 #
1!
#85440
b1100010000001001 #
0!
#85445
b100111110100000 #
1!
#85450
b1101010101000011 #
0!
#85455
b1101110010010000 #
1!
#85460
b1110011101 #
0!
#85465
b1010101010010011 #
1!
#85470
b1000011011101111 #
0!
#85475
b100100100010000 #
1!
#85480
b1001011100000111 #
0!
#85485
b101000111100 #
1!
#85490
b1100010001100000 #
0!
#85495
b1111011111111100 #
1!
#85500
b101111110110111 #
0!
#85505
b1001110100000101 #
1!
#85510
b1100111101111101 #
0!
#85515
b1111010001000011 #
1!
#85520
b1111100011011001 #
0!
#85525
b100100010010010 #
1!
#85530
b1001110010010101 #
0!
#85535
b110111110101 #
1!
#85540
b1011110000000000 #
0!
#85545
b1100000110000011 #
1!
#85550
b1110111010010000 #
0!
#85555
b1100110111011110 #
1!
#85560
b1100100101111101 #
0!
#85565
b110101101101110 #
1!
#85570
b11110010101101 #
0!
#85575
b111111101011011 #
1!
#85580
b1111011100000100 #
0!
#85585
b111011001101110 #
1!
#85590
b1100010100111111 #
0!
#85595
b10111101110011 #
1!
#85600
b1110011011100011 #
0!
#85605
b1101000100010101 #
1!
#85610
b1000001001101110 #
0!
#85615
b1010101111011111 #
1!
#85620
b1111001110000100 #
0!
#85625
b10000100101001 #
1!
#85630
b11000101100111 #
0!
#85635
b111110000001011 #
1!
#85640
b11010001101001 #
0!
#85645
b1101011011110001 #
1!
#85650
b100111111110011 #
0!
#85655
b1111001110101110 #
1!
#85660
b1000101101100101 #
0!
#85665
b1111001111011 #
1!
#85670
b1010111111100 #
0!
#85675
b1011000001001 #
1!
#85680
b1001001000111111 #
0!
#85685
b1110001110100111 #
1!
#85690
b1000001111100000 #
0!
#85695
b1011010001111010 #
1!
#85700
b1010010010000000 #
0!
#85705
b1100111101010101 #
1!
#85710
b101000000101001 #
0!
#85715
b101101001011101 #
1!
#85720
b1101111010100001 #
0!
#85725
b100111110001100 #
1!
#85730
b1111110001111011 #
0!
#85735
b101001111101010 #
1!
#85740
b1101101001111 #
0!
#85745
b1001000111110011 #
1!
#85750
b1100001101011011 #
0!
#85755
b1010100100100010 #
1!
#85760
b1111100011111011 #
0!
#85765
b1000000101110101 #
1!
#85770
b1001111110100001 #
0!
#85775
b10101101011111 #
1!
#85780
b1101001101111100 #
0!
#85785
b1100011101100001 #
1!
#85790
b100110000101000 #
0!
#85795
b110001110011101 #
1!
#85800
b1100001011100100 #
0!
#85805
b1101010111101011 #
1!
#85810
b100011110100000 #
0!
#85815
b1001111100100011 #
1!
#85820
b1010011001010100 #
0!
#85825
b1101000101011010 #
1!
#85830
b1100110000010001 #
0!
#85835
b1110011110010000 #
1!
#85840
b1101011111111 #
0!
#85845
b1010101010111110 #
1!
#85850
b1101011011101010 #
0!
#85855
b110011110011 #
1!
#85860
b111110100010001 #
0!
#85865
b110010001111 #
1!
#85870
b10001000110000 #
0!
#85875
b1001011111111100 #
1!
#85880
b1110001110111001 #
0!
#85885
b110010011111001 #
1!
#85890
b10111010110000 #
0!
#85895
b1101010111101010 #
1!
#85900
b10111100001001 #
0!
#85905
b1101110101001001 #
1!
#85910
b11001010111011 #
0!
#85915
b1101001100111010 #
1!
#85920
b1111101111101000 #
0!
#85925
b110000100110011 #
1!
#85930
b10101001010111 #
0!
#85935
b101101111001011 #
1!
#85940
b1010001111000011 #
0!
#85945
b1001111001101011 #
1!
#85950
b1101011101101011 #
0!
#85955
b1111100001110010 #
1!
#85960
b100000101001011 #
0!
#85965
b1000100 #
1!
#85970
b1011000111001111 #
0!
#85975
b1111100110101101 #
1!
#85980
b1011001011100000 #
0!
#85985
b1011001011010110 #
1!
#85990
b1111001011000100 #
0!
#85995
b110100001111101 #
1!
#86000
b1001010011101011 #
0!
#86005
b1010001001010111 #
1!
#86010
b1001110011001001 #
0!
#86015
b1001000000111 #
1!
#86020
b100001111101010 #
0!
#86025
b111101100101011 #
1!
#86030
b110011000111100 #
0!
#86035
b1000010000011001 #
1!
#86040
b1101100101010010 #
0!
#86045
b1010100001011100 #
1!
#86050
b1100111011010001 #
0!
#86055
b100000011001 #
1!
#86060
b11001000001001 #
0!
#86065
b101011111101111 #
1!
#86070
b1000101000001 #
0!
#86075
b1010101110001011 #
1!
#86080
b1110110010110101 #
0!
#86085
b111000111011101 #
1!
#86090
b10100001000010 #
0!
#86095
b11100010110111 #
1!
#86100
b110000110001100 #
0!
#86105
b1010010000001110 #
1!
#86110
b1101001100100011 #
0!
#86115
b11110110010010 #
1!
#86120
b1010111011101001 #
0!
#86125
b101110100110000 #
1!
#86130
b1000100000100000 #
0!
#86135
b10001110110 #
1!
#86140
b1010111101011000 #
0!
#86145
b1100010110111100 #
1!
#86150
b1000101111010101 #
0!
#86155
b1001101111001011 #
1!
#86160
b1111111101001010 #
0!
#86165
b1100101000001010 #
1!
#86170
b1101000011001010 #
0!
#86175
b1100101100110111 #
1!
#86180
b1111101000111101 #
0!
#86185
b1100110111100 #
1!
#86190
b1100110011010 #
0!
#86195
b10001001100101 #
1!
#86200
b1011111001110101 #
0!
#86205
b1110001110010 #
1!
#86210
b1101111110011000 #
0!
#86215
b1110110100001101 #
1!
#86220
b10011000011101 #
0!
#86225
b11111111 #
1!
#86230
b101111110001010 #
0!
#86235
b11010100111101 #
1!
#86240
b1100111111101000 #
0!
#86245
b1011000000010101 #
1!
#86250
b1001010101001100 #
0!
#86255
b1100100010001111 #
1!
#86260
b1000100000010 #
0!
#86265
b1101101010101001 #
1!
#86270
b11110011111000 #
0!
#86275
b11001001011100 #
1!
#86280
b110110000001 #
0!
#86285
b1110100111110111 #
1!
#86290
b1101001101101011 #
0!
#86295
b1100000010000000 #
1!
#86300
b1001101000001000 #
0!
#86305
b100001110011 #
1!
#86310
b1001000110111010 #
0!
#86315
b111110111010001 #
1!
#86320
b101100011100000 #
0!
#86325
b10001010000111 #
1!
#86330
b111010001110110 #
0!
#86335
b11001011011001 #
1!
#86340
b1010001000110000 #
0!
#86345
b1110100101101111 #
1!
#86350
b11110101001111 #
0!
#86355
b110111011101011 #
1!
#86360
b1001010010100000 #
0!
#86365
b1100000000010010 #
1!
#86370
b110000011111100 #
0!
#86375
b111111100110011 #
1!
#86380
b101100001010 #
0!
#86385
b1101101100101011 #
1!
#86390
b1111011101000 #
0!
#86395
b110111011010010 #
1!
#86400
b1010000101111101 #
0!
#86405
b10000110011000 #
1!
#86410
b111001110011000 #
0!
#86415
b100010010111 #
1!
#86420
b1011000101001010 #
0!
#86425
b100000100110011 #
1!
#86430
b1011001001100 #
0!
#86435
b1101100010000111 #
1!
#86440
b101101101001101 #
0!
#86445
b1010010111111100 #
1!
#86450
b1000101111000010 #
0!
#86455
b10101010100101 #
1!
#86460
b111011100110010 #
0!
#86465
b111101011110110 #
1!
#86470
b100110100011 #
0!
#86475
b110000111011 #
1!
#86480
b1010001111100011 #
0!
#86485
b1010110110010110 #
1!
#86490
b1000101110001001 #
0!
#86495
b100100000011101 #
1!
#86500
b11101011100100 #
0!
#86505
b1110011000000101 #
1!
#86510
b1100111000011001 #
0!
#86515
b110110000001101 #
1!
#86520
b101101111001010 #
0!
#86525
b1001010000101011 #
1!
#86530
b101000000101000 #
0!
#86535
b1100001011010010 #
1!
#86540
b1101111010001111 #
0!
#86545
b1110010010111011 #
1!
#86550
b100110101100110 #
0!
#86555
b101100000100001 #
1!
#86560
b110001011101010 #
0!
#86565
b1100001100111011 #
1!
#86570
b1011111110000000 #
0!
#86575
b1111011011101011 #
1!
#86580
b100000010000000 #
0!
#86585
b1101011100111101 #
1!
#86590
b110001000111001 #
0!
#86595
b10110000100000 #
1!
#86600
b1001100100000001 #
0!
#86605
b1001000010111001 #
1!
#86610
b1011001001101101 #
0!
#86615
b100011110010101 #
1!
#86620
b100001100001111 #
0!
#86625
b1110011011100 #
1!
#86630
b1110111101111000 #
0!
#86635
b100111000001101 #
1!
#86640
b1101110000000101 #
0!
#86645
b110010000010111 #
1!
#86650
b111111111011 #
0!
#86655
b1000100001100 #
1!
#86660
b1100001001110000 #
0!
#86665
b1010111011011 #
1!
#86670
b1101001001101101 #
0!
#86675
b1101010000111 #
1!
#86680
b1000001100010 #
0!
#86685
b1001101111000001 #
1!
#86690
b1011001110000001 #
0!
#86695
b1011011000000110 #
1!
#86700
b1010001001100000 #
0!
#86705
b1111110010001 #
1!
#86710
b1110110111001001 #
0!
#86715
b1111000001011101 #
1!
#86720
b1010100011100 #
0!
#86725
b1001001011101010 #
1!
#86730
b111110110010111 #
0!
#86735
b1001011001111101 #
1!
#86740
b1100000110110111 #
0!
#86745
b1001111011101100 #
1!
#86750
b1110110010000 #
0!
#86755
b11001110001111 #
1!
#86760
b1100011111000111 #
0!
#86765
b1010111111000000 #
1!
#86770
b100110111101011 #
0!
#86775
b1001111011011 #
1!
#86780
b1111111111010001 #
0!
#86785
b1110111101010000 #
1!
#86790
b100010111011000 #
0!
#86795
b100000110100100 #
1!
#86800
b11001101111 #
0!
#86805
b100110000000100 #
1!
#86810
b10111111001 #
0!
#86815
b1000100010000101 #
1!
#86820
b11101111100101 #
0!
#86825
b111001111100011 #
1!
#86830
b100010001111001 #
0!
#86835
b111100101101010 #
1!
#86840
b1011011101010000 #
0!
#86845
b1100111111110100 #
1!
#86850
b1000001010100011 #
0!
#86855
b101101011000110 #
1!
#86860
b101011000101110 #
0!
#86865
b1000101100100110 #
1!
#86870
b1111101110001100 #
0!
#86875
b11101000001101 #
1!
#86880
b1011011001110111 #
0!
#86885
b1001001110101000 #
1!
#86890
b1010100010100111 #
0!
#86895
b1110011100011010 #
1!
#86900
b11000011111011 #
0!
#86905
b1001010100000000 #
1!
#86910
b100100011011010 #
0!
#86915
b1110100110010010 #
1!
#86920
b1110010101000011 #
0!
#86925
b1111101010111100 #
1!
#86930
b101010111110110 #
0!
#86935
b1000110111011000 #
1!
#86940
b1010101110100011 #
0!
#86945
b1111000100011010 #
1!
#86950
b110000011011 #
0!
#86955
b1110000010110101 #
1!
#86960
b10000111000010 #
0!
#86965
b110010001101011 #
1!
#86970
b110100111101011 #
0!
#86975
b1011000000111111 #
1!
#86980
b1010001101001010 #
0!
#86985
b110101001 #
1!
#86990
b10011000100001 #
0!
#86995
b1000010000100011 #
1!
#87000
b100110111110001 #
0!
#87005
b11001111111010 #
1!
#87010
b1100010001100011 #
0!
#87015
b1010110011011111 #
1!
#87020
b1111101110011100 #
0!
#87025
b10010010001011 #
1!
#87030
b111101011100010 #
0!
#87035
b11010100010010 #
1!
#87040
b100100011011000 #
0!
#87045
b1100001110010010 #
1!
#87050
b100010110110011 #
0!
#87055
b1110010101100101 #
1!
#87060
b1001000101010010 #
0!
#87065
b1011101011010000 #
1!
#87070
b1110001001011001 #
0!
#87075
b100111101000000 #
1!
#87080
b1111001110001111 #
0!
#87085
b111011101101111 #
1!
#87090
b1100111101111110 #
0!
#87095
b1011100111000110 #
1!
#87100
b100011010100101 #
0!
#87105
b10001010010101 #
1!
#87110
b100001001001111 #
0!
#87115
b11001001001100 #
1!
#87120
b10101000010111 #
0!
#87125
b1010110101110101 #
1!
#87130
b11111001101111 #
0!
#87135
b1000011011001011 #
1!
#87140
b1111101110100000 #
0!
#87145
b1100000101001111 #
1!
#87150
b111101100000101 #
0!
#87155
b100001001110010 #
1!
#87160
b1101001000011101 #
0!
#87165
b1100011100100001 #
1!
#87170
b111010011001101 #
0!
#87175
b1011000111110111 #
1!
#87180
b1000111001001010 #
0!
#87185
b1110111001101010 #
1!
#87190
b110100010110111 #
0!
#87195
b1101110010100101 #
1!
#87200
b1100100110010101 #
0!
#87205
b10001111011100 #
1!
#87210
b101001111110101 #
0!
#87215
b1001010011011011 #
1!
#87220
b1110000010110101 #
0!
#87225
b1000001001011 #
1!
#87230
b1110111000000110 #
0!
#87235
b110001000001000 #
1!
#87240
b1110111100111111 #
0!
#87245
b10001110110011 #
1!
#87250
b1011011010101011 #
0!
#87255
b1001010110111000 #
1!
#87260
b1101001011110011 #
0!
#87265
b1000011110110111 #
1!
#87270
b1110101100111101 #
0!
#87275
b11010011001111 #
1!
#87280
b10010011111111 #
0!
#87285
b10010001100010 #
1!
#87290
b1000001001011011 #
0!
#87295
b111110001111 #
1!
#87300
b100001011011110 #
0!
#87305
b1010111110010001 #
1!
#87310
b11110001111000 #
0!
#87315
b1011000001110100 #
1!
#87320
b100100000100010 #
0!
#87325
b1000101011001110 #
1!
#87330
b1001010100100110 #
0!
#87335
b110010110001100 #
1!
#87340
b1001111001100 #
0!
#87345
b1110100100000011 #
1!
#87350
b1100011010101110 #
0!
#87355
b11011101010110 #
1!
#87360
b11101101111010 #
0!
#87365
b1011010011010011 #
1!
#87370
b1100111011011111 #
0!
#87375
b1111010111001110 #
1!
#87380
b10000000011010 #
0!
#87385
b1001011111111001 #
1!
#87390
b110100110010011 #
0!
#87395
b10100110110000 #
1!
#87400
b1101110101011100 #
0!
#87405
b1111111101111010 #
1!
#87410
b1000011011110 #
0!
#87415
b1111110010101 #
1!
#87420
b100111010011110 #
0!
#87425
b1100000001101 #
1!
#87430
b1100011 #
0!
#87435
b1110010111111001 #
1!
#87440
b111110000011 #
0!
#87445
b1100111110001011 #
1!
#87450
b11100010111110 #
0!
#87455
b100011011001100 #
1!
#87460
b111101111110101 #
0!
#87465
b1100110111000011 #
1!
#87470
b111000110001001 #
0!
#87475
b1100110010011011 #
1!
#87480
b1010111011001001 #
0!
#87485
b111111010000001 #
1!
#87490
b10011111101010 #
0!
#87495
b1100011011110011 #
1!
#87500
b1000011110110010 #
0!
#87505
b1001000101111 #
1!
#87510
b1001011100100010 #
0!
#87515
b100000100001110 #
1!
#87520
b1001110011001100 #
0!
#87525
b111010111011010 #
1!
#87530
b1011110000011011 #
0!
#87535
b1101101011 #
1!
#87540
b101000101101100 #
0!
#87545
b100110011111001 #
1!
#87550
b101001001101001 #
0!
#87555
b1001111001011000 #
1!
#87560
b1011101101101011 #
0!
#87565
b110011001110 #
1!
#87570
b1101100010110000 #
0!
#87575
b101101100100001 #
1!
#87580
b1011101110110000 #
0!
#87585
b1101101010111100 #
1!
#87590
b1000100111111010 #
0!
#87595
b100011011100000 #
1!
#87600
b1110100000100011 #
0!
#87605
b1010011001100000 #
1!
#87610
b101110011011110 #
0!
#87615
b10110110011001 #
1!
#87620
b1010001011001100 #
0!
#87625
b1101111001111 #
1!
#87630
b1001011111100 #
0!
#87635
b1001101110110001 #
1!
#87640
b10101001111 #
0!
#87645
b1010010111001111 #
1!
#87650
b10011011001101 #
0!
#87655
b1101101101011010 #
1!
#87660
b1110101110000000 #
0!
#87665
b110111101100001 #
1!
#87670
b1101010100100111 #
0!
#87675
b1111100100001111 #
1!
#87680
b1110111101001001 #
0!
#87685
b110010101101110 #
1!
#87690
b1100110001110 #
0!
#87695
b1100001110110100 #
1!
#87700
b111000110001111 #
0!
#87705
b11010100000010 #
1!
#87710
b1010111110101001 #
0!
#87715
b1100001001110101 #
1!
#87720
b1000100101100110 #
0!
#87725
b100100111010010 #
1!
#87730
b1001111110000 #
0!
#87735
b100011111110100 #
1!
#87740
b1011000101011 #
0!
#87745
b1100110010000010 #
1!
#87750
b111111011110000 #
0!
#87755
b101100111110000 #
1!
#87760
b1011001011011001 #
0!
#87765
b1010111101101000 #
1!
#87770
b1111000000111001 #
0!
#87775
b1100010111100110 #
1!
#87780
b1011101001000011 #
0!
#87785
b1001100000111000 #
1!
#87790
b10011101010000 #
0!
#87795
b1100011011001 #
1!
#87800
b100101101101100 #
0!
#87805
b1111100001100111 #
1!
#87810
b1001100010111100 #
0!
#87815
b1001111111000110 #
1!
#87820
b11111010110110 #
0!
#87825
b1111100110100000 #
1!
#87830
b1000010010001001 #
0!
#87835
b110001111110000 #
1!
#87840
b11000000100100 #
0!
#87845
b1000010100100011 #
1!
#87850
b1110011101010000 #
0!
#87855
b11001110000111 #
1!
#87860
b1000000001100000 #
0!
#87865
b100101001100010 #
1!
#87870
b111100000101110 #
0!
#87875
b1001100011010111 #
1!
#87880
b100011111000000 #
0!
#87885
b1011010011000000 #
1!
#87890
b1011101110100111 #
0!
#87895
b1110001110000001 #
1!
#87900
b110001000001000 #
0!
#87905
b1110111110110100 #
1!
#87910
b1110010011101110 #
0!
#87915
b1100011101110 #
1!
#87920
b110110100010101 #
0!
#87925
b1110011001000100 #
1!
#87930
b1111011010000110 #
0!
#87935
b110001111011 #
1!
#87940
b1100001000110010 #
0!
#87945
b100011000011010 #
1!
#87950
b1010100010111010 #
0!
#87955
b100010110001110 #
1!
#87960
b1000000101001110 #
0!
#87965
b111110000001111 #
1!
#87970
b111100111011011 #
0!
#87975
b1000100010110 #
1!
#87980
b1000000011001000 #
0!
#87985
b1011001110001111 #
1!
#87990
b1010001111001010 #
0!
#87995
b111110110100010 #
1!
#88000
b110001000001100 #
0!
#88005
b1101010110100101 #
1!
#88010
b10001110110100 #
0!
#88015
b101001010010110 #
1!
#88020
b1000000010110010 #
0!
#88025
b1001000000000010 #
1!
#88030
b1011010010001000 #
0!
#88035
b1111010100100 #
1!
#88040
b1111010101100100 #
0!
#88045
b101000111101001 #
1!
#88050
b1101001000010110 #
0!
#88055
b10110100010001 #
1!
#88060
b1001110100111011 #
0!
#88065
b100001000111110 #
1!
#88070
b1011110001010010 #
0!
#88075
b1000101011110111 #
1!
#88080
b1011111000001 #
0!
#88085
b100111110101101 #
1!
#88090
b110101110110100 #
0!
#88095
b1011111000 #
1!
#88100
b1011101101101001 #
0!
#88105
b10011100101000 #
1!
#88110
b1001110100100110 #
0!
#88115
b10001110100010 #
1!
#88120
b1010011110011100 #
0!
#88125
b11000010100100 #
1!
#88130
b1100101110000111 #
0!
#88135
b11010111111111 #
1!
#88140
b1011010100100101 #
0!
#88145
b1001110101100110 #
1!
#88150
b11001000100111 #
0!
#88155
b100010101101110 #
1!
#88160
b1000010100100100 #
0!
#88165
b101011010111000 #
1!
#88170
b1101000101000101 #
0!
#88175
b10000101101110 #
1!
#88180
b111000001010000 #
0!
#88185
b11101100001 #
1!
#88190
b101111100000000 #
0!
#88195
b101001101011010 #
1!
#88200
b1001001110110101 #
0!
#88205
b1110110111000 #
1!
#88210
b101110010110100 #
0!
#88215
b10100111000111 #
1!
#88220
b1100100110101100 #
0!
#88225
b1100010110100110 #
1!
#88230
b1000110100 #
0!
#88235
b1010110001111110 #
1!
#88240
b1011000100111101 #
0!
#88245
b1110100101110010 #
1!
#88250
b101000111101000 #
0!
#88255
b1010101111010011 #
1!
#88260
b1010001110110000 #
0!
#88265
b11010110101101 #
1!
#88270
b1111111000111100 #
0!
#88275
b1011000101000001 #
1!
#88280
b1011110101110111 #
0!
#88285
b1010000011110 #
1!
#88290
b1000101001010101 #
0!
#88295
b100100001110 #
1!
#88300
b1101100100110011 #
0!
#88305
b1011011011110111 #
1!
#88310
b11000110010010 #
0!
#88315
b1011111111110101 #
1!
#88320
b1001011100001011 #
0!
#88325
b11100111000 #
1!
#88330
b1110110011000101 #
0!
#88335
b1010000101110001 #
1!
#88340
b101000000000000 #
0!
#88345
b1010110010010101 #
1!
#88350
b111101110011010 #
0!
#88355
b11100011010010 #
1!
#88360
b10000010001110 #
0!
#88365
b1101010110000 #
1!
#88370
b101010000110011 #
0!
#88375
b1101010010011010 #
1!
#88380
b1110010100111110 #
0!
#88385
b111011100001010 #
1!
#88390
b1011101001100100 #
0!
#88395
b111110101010010 #
1!
#88400
b11100101100011 #
0!
#88405
b1011000001111011 #
1!
#88410
b1010010110000010 #
0!
#88415
b1001011101 #
1!
#88420
b111101111000111 #
0!
#88425
b111001010001100 #
1!
#88430
b1101000101010111 #
0!
#88435
b1110110011101101 #
1!
#88440
b1100000001110011 #
0!
#88445
b10101010001010 #
1!
#88450
b1011110000010000 #
0!
#88455
b1000101010101010 #
1!
#88460
b1110110001010000 #
0!
#88465
b1110101010 #
1!
#88470
b1010000010111000 #
0!
#88475
b1110100100101111 #
1!
#88480
b1001100011010100 #
0!
#88485
b1110011100011010 #
1!
#88490
b111100100101110 #
0!
#88495
b1101000011011100 #
1!
#88500
b10000101111100 #
0!
#88505
b1000010001001110 #
1!
#88510
b10000001100 #
0!
#88515
b1100111100111000 #
1!
#88520
b1001111001000010 #
0!
#88525
b100011101101010 #
1!
#88530
b1011111001111011 #
0!
#88535
b10111001011110 #
1!
#88540
b1111000111001011 #
0!
#88545
b101100100011110 #
1!
#88550
b1110000101101000 #
0!
#88555
b1111111010010111 #
1!
#88560
b1011001110000011 #
0!
#88565
b1010100011001001 #
1!
#88570
b110101100011000 #
0!
#88575
b100010111110 #
1!
#88580
b100000101100110 #
0!
#88585
b1110000101000001 #
1!
#88590
b1010110001110 #
0!
#88595
b1101101110000000 #
1!
#88600
b1011011010100001 #
0!
#88605
b110111000001111 #
1!
#88610
b101110110111101 #
0!
#88615
b1011111100010001 #
1!
#88620
b1111000111010001 #
0!
#88625
b111110010000010 #
1!
#88630
b111111011111011 #
0!
#88635
b1100000001101101 #
1!
#88640
b1000101100001101 #
0!
#88645
b1111011101101011 #
1!
#88650
b111011110110011 #
0!
#88655
b1010111011000010 #
1!
#88660
b1101111101111001 #
0!
#88665
b1000101111010011 #
1!
#88670
b111001011 #
0!
#88675
b1001100010101 #
1!
#88680
b110110011100 #
0!
#88685
b1010001010011001 #
1!
#88690
b1001011010101101 #
0!
#88695
b11101110111100 #
1!
#88700
b1110110100100100 #
0!
#88705
b110101000101111 #
1!
#88710
b111100010000001 #
0!
#88715
b11000011001000 #
1!
#88720
b1110001100110 #
0!
#88725
b1101000101110100 #
1!
#88730
b1001111101110111 #
0!
#88735
b1100000111110100 #
1!
#88740
b1111100100111100 #
0!
#88745
b111111111011110 #
1!
#88750
b1100011110101110 #
0!
#88755
b111100000101101 #
1!
#88760
b1001110010000111 #
0!
#88765
b1110001011101010 #
1!
#88770
b110110110011000 #
0!
#88775
b1010001001010110 #
1!
#88780
b1110010100000101 #
0!
#88785
b10011000010111 #
1!
#88790
b1100110001110111 #
0!
#88795
b100101001010111 #
1!
#88800
b110110110111010 #
0!
#88805
b11011001001101 #
1!
#88810
b1110001110111111 #
0!
#88815
b11111100001111 #
1!
#88820
b1000111110100011 #
0!
#88825
b1100000100000100 #
1!
#88830
b110101111111101 #
0!
#88835
b100101000110 #
1!
#88840
b110101111011110 #
0!
#88845
b10111100000110 #
1!
#88850
b1110000100100000 #
0!
#88855
b1111011100110101 #
1!
#88860
b1101100100010011 #
0!
#88865
b1010111000100100 #
1!
#88870
b111111110100101 #
0!
#88875
b1001110111100 #
1!
#88880
b111011001001101 #
0!
#88885
b10100010101100 #
1!
#88890
b100001110101000 #
0!
#88895
b10100111011001 #
1!
#88900
b1010000011110011 #
0!
#88905
b100111100001111 #
1!
#88910
b1110101000111100 #
0!
#88915
b1100010001111111 #
1!
#88920
b111001100100100 #
0!
#88925
b1000011101110010 #
1!
#88930
b1110111100010111 #
0!
#88935
b11010001101010 #
1!
#88940
b1100100100110001 #
0!
#88945
b10011010 #
1!
#88950
b1000110111111111 #
0!
#88955
b1000010011101111 #
1!
#88960
b11111001011010 #
0!
#88965
b1010011011111101 #
1!
#88970
b1100000011110011 #
0!
#88975
b111111010000110 #
1!
#88980
b10111010011110 #
0!
#88985
b10011001010110 #
1!
#88990
b100010110000110 #
0!
#88995
b1010111100000010 #
1!
#89000
b1011100011000100 #
0!
#89005
b1110101110010101 #
1!
#89010
b1001100101100101 #
0!
#89015
b110000100100100 #
1!
#89020
b1011010101011100 #
0!
#89025
b10000001111000 #
1!
#89030
b1111011110000101 #
0!
#89035
b1010001010011111 #
1!
#89040
b1100000011110010 #
0!
#89045
b1011001110111010 #
1!
#89050
b101100011100111 #
0!
#89055
b11111100011010 #
1!
#89060
b11100100101001 #
0!
#89065
b100110000010111 #
1!
#89070
b111110101110101 #
0!
#89075
b1100001001011001 #
1!
#89080
b11100111101111 #
0!
#89085
b101101000010110 #
1!
#89090
b1101111011100101 #
0!
#89095
b111100100010000 #
1!
#89100
b1001110110010011 #
0!
#89105
b101111010101 #
1!
#89110
b1011101100100000 #
0!
#89115
b110111110001101 #
1!
#89120
b111100000 #
0!
#89125
b100100111001111 #
1!
#89130
b110100101011 #
0!
#89135
b110110011000100 #
1!
#89140
b1011111000000101 #
0!
#89145
b1011110011011011 #
1!
#89150
b1001000011111110 #
0!
#89155
b1111011000 #
1!
#89160
b1111011010000000 #
0!
#89165
b1101011100111110 #
1!
#89170
b1100000001000100 #
0!
#89175
b111110110111010 #
1!
#89180
b1000000110110110 #
0!
#89185
b1100001001000001 #
1!
#89190
b1101110110000111 #
0!
#89195
b1110010111110100 #
1!
#89200
b1111101110000101 #
0!
#89205
b110101011111101 #
1!
#89210
b1101110010101100 #
0!
#89215
b11101000001 #
1!
#89220
b1100000101110110 #
0!
#89225
b111101011010010 #
1!
#89230
b1000000101010000 #
0!
#89235
b111000111110110 #
1!
#89240
b1110111011011000 #
0!
#89245
b110000101011010 #
1!
#89250
b100000011100110 #
0!
#89255
b110110111101000 #
1!
#89260
b110000101100010 #
0!
#89265
b100010100101000 #
1!
#89270
b101101000011011 #
0!
#89275
b11011100010 #
1!
#89280
b1011001010111001 #
0!
#89285
b1100000110001 #
1!
#89290
b1100101001111001 #
0!
#89295
b110000111100 #
1!
#89300
b11111001101101 #
0!
#89305
b1000010000111000 #
1!
#89310
b100101010110111 #
0!
#89315
b100110101111 #
1!
#89320
b10010110111110 #
0!
#89325
b1111010100010101 #
1!
#89330
b101101110111111 #
0!
#89335
b100100100000000 #
1!
#89340
b11110111010101 #
0!
#89345
b1001010000101101 #
1!
#89350
b11001111001011 #
0!
#89355
b1101011110011010 #
1!
#89360
b10010010101110 #
0!
#89365
b101001111101101 #
1!
#89370
b1101001010100101 #
0!
#89375
b111111010101101 #
1!
#89380
b11100001101100 #
0!
#89385
b1101100110110001 #
1!
#89390
b1111001101111010 #
0!
#89395
b1100111111100111 #
1!
#89400
b1001010001000100 #
0!
#89405
b1001010111011110 #
1!
#89410
b1000000111000 #
0!
#89415
b1000001100110 #
1!
#89420
b1010111001011 #
0!
#89425
b1011000110001101 #
1!
#89430
b110100111101110 #
0!
#89435
b101000011110110 #
1!
#89440
b101010011001011 #
0!
#89445
b1100010100101 #
1!
#89450
b1111011100100110 #
0!
#89455
b101110000111010 #
1!
#89460
b1010111101100010 #
0!
#89465
b111101010101101 #
1!
#89470
b111011010111011 #
0!
#89475
b1011111011000101 #
1!
#89480
b100001110100000 #
0!
#89485
b100000001000100 #
1!
#89490
b110001100001110 #
0!
#89495
b1100001011011001 #
1!
#89500
b1110100101100010 #
0!
#89505
b1001011010000000 #
1!
#89510
b1111101100101000 #
0!
#89515
b111011011000101 #
1!
#89520
b11111010010000 #
0!
#89525
b110101100011100 #
1!
#89530
b11011010111000 #
0!
#89535
b1010011010010110 #
1!
#89540
b1010000110010000 #
0!
#89545
b110011111000010 #
1!
#89550
b1101010101011000 #
0!
#89555
b1101101100011000 #
1!
#89560
b10101100010011 #
0!
#89565
b1111100001011000 #
1!
#89570
b101001100101111 #
0!
#89575
b110001111011000 #
1!
#89580
b1011100111110100 #
0!
#89585
b100101110010110 #
1!
#89590
b1110100001001011 #
0!
#89595
b100101100101011 #
1!
#89600
b1110011101110010 #
0!
#89605
b100100011001000 #
1!
#89610
b1001001110110110 #
0!
#89615
b101101011100001 #
1!
#89620
b111101100111 #
0!
#89625
b1010000100010001 #
1!
#89630
b1000011001010 #
0!
#89635
b10010110110010 #
1!
#89640
b101000111000010 #
0!
#89645
b1011110000001100 #
1!
#89650
b1101110010100000 #
0!
#89655
b1110111011111110 #
1!
#89660
b1000010111111111 #
0!
#89665
b1100100100011000 #
1!
#89670
b11000100101111 #
0!
#89675
b1100100000000001 #
1!
#89680
b100100011000010 #
0!
#89685
b1011001000110000 #
1!
#89690
b110100000100 #
0!
#89695
b111110100001010 #
1!
#89700
b1111100101100100 #
0!
#89705
b10011010100110 #
1!
#89710
b10100000000111 #
0!
#89715
b1001100011001011 #
1!
#89720
b1011000010011100 #
0!
#89725
b1000110110010110 #
1!
#89730
b1101010111 #
0!
#89735
b110011101100100 #
1!
#89740
b100110011111100 #
0!
#89745
b1010101101011 #
1!
#89750
b1101011110011101 #
0!
#89755
b1111001000111000 #
1!
#89760
b110011110000100 #
0!
#89765
b1010100101001110 #
1!
#89770
b1010000011100100 #
0!
#89775
b101100101101 #
1!
#89780
b101111111111000 #
0!
#89785
b1111011011010100 #
1!
#89790
b1110001011111 #
0!
#89795
b11100101100011 #
1!
#89800
b100110000110110 #
0!
#89805
b110100111001001 #
1!
#89810
b1100010000011110 #
0!
#89815
b1100101100000000 #
1!
#89820
b1000101000110 #
0!
#89825
b10110101101010 #
1!
#89830
b1101100000100110 #
0!
#89835
b1100101100110100 #
1!
#89840
b100001001010110 #
0!
#89845
b10101111101011 #
1!
#89850
b101000111011111 #
0!
#89855
b10011110011 #
1!
#89860
b100000101100000 #
0!
#89865
b1010010011001 #
1!
#89870
b1110101001011101 #
0!
#89875
b11010011100 #
1!
#89880
b10011010101110 #
0!
#89885
b101000001111101 #
1!
#89890
b10001101110100 #
0!
#89895
b1101000000111 #
1!
#89900
b1101000111111000 #
0!
#89905
b111011001101 #
1!
#89910
b11010100001000 #
0!
#89915
b100110000101111 #
1!
#89920
b1101100101001101 #
0!
#89925
b11101000000011 #
1!
#89930
b1110110100000 #
0!
#89935
b110101011110010 #
1!
#89940
b1001111110001010 #
0!
#89945
b111110111111100 #
1!
#89950
b1001011010101010 #
0!
#89955
b1111111100011111 #
1!
#89960
b11101110001000 #
0!
#89965
b100010011101011 #
1!
#89970
b1111001101010 #
0!
#89975
b101010001001010 #
1!
#89980
b1000110011001010 #
0!
#89985
b1011111010000011 #
1!
#89990
b1110111100001101 #
0!
#89995
b111101110011001 #
1!
#90000
b10110111010101 #
0!
#90005
b1101010000100100 #
1!
#90010
b11111010111 #
0!
#90015
b11110000001111 #
1!
#90020
b111100111110011 #
0!
#90025
b11001001101110 #
1!
#90030
b1111011101000 #
0!
#90035
b10001001111100 #
1!
#90040
b1000110110001111 #
0!
#90045
b100010000001101 #
1!
#90050
b1011010110000100 #
0!
#90055
b111110010011000 #
1!
#90060
b100010111110101 #
0!
#90065
b11100100010110 #
1!
#90070
b10001101000 #
0!
#90075
b101011001110111 #
1!
#90080
b11101010010010 #
0!
#90085
b1111101111001100 #
1!
#90090
b101100010111 #
0!
#90095
b111100011011100 #
1!
#90100
b1100111110000111 #
0!
#90105
b11001100101001 #
1!
#90110
b1000000010010101 #
0!
#90115
b111010010000110 #
1!
#90120
b1100010111001 #
0!
#90125
b101001011111110 #
1!
#90130
b1110011110011011 #
0!
#90135
b1001000000011101 #
1!
#90140
b1111100000010011 #
0!
#90145
b1000000100001000 #
1!
#90150
b111011110011011 #
0!
#90155
b1101110111000101 #
1!
#90160
b11101000000 #
0!
#90165
b1010110111001100 #
1!
#90170
b10101110110100 #
0!
#90175
b10001011110111 #
1!
#90180
b1010000010000101 #
0!
#90185
b1000000110010000 #
1!
#90190
b1100000111101100 #
0!
#90195
b1111000010110110 #
1!
#90200
b1110001000000000 #
0!
#90205
b110101101011011 #
1!
#90210
b1011010010111010 #
0!
#90215
b1001000111000100 #
1!
#90220
b1010100111111011 #
0!
#90225
b1001010100110111 #
1!
#90230
b100001001010000 #
0!
#90235
b111111010011 #
1!
#90240
b1000110010010000 #
0!
#90245
b1110101010100101 #
1!
#90250
b110011010101001 #
0!
#90255
b11100001101101 #
1!
#90260
b1110111001010110 #
0!
#90265
b1101110010010 #
1!
#90270
b1101110011000010 #
0!
#90275
b1001100110001101 #
1!
#90280
b1110011101000110 #
0!
#90285
b1000111110100011 #
1!
#90290
b10000100000001 #
0!
#90295
b111110110010011 #
1!
#90300
b101010010100100 #
0!
#90305
b111001100110111 #
1!
#90310
b110110000111111 #
0!
#90315
b1110111110100110 #
1!
#90320
b1101000000001111 #
0!
#90325
b1011010011101010 #
1!
#90330
b1011111001110100 #
0!
#90335
b1011101100011001 #
1!
#90340
b1011100101110110 #
0!
#90345
b1111111000000011 #
1!
#90350
b1101010101101000 #
0!
#90355
b110111111101110 #
1!
#90360
b10100100110101 #
0!
#90365
b1011111110010110 #
1!
#90370
b10011110000011 #
0!
#90375
b101010000010000 #
1!
#90380
b1111110100000110 #
0!
#90385
b1111110111001 #
1!
#90390
b1111001000001011 #
0!
#90395
b111100001011010 #
1!
#90400
b1100111111111101 #
0!
#90405
b101110100001 #
1!
#90410
b11010111110011 #
0!
#90415
b1010100000000011 #
1!
#90420
b1111111101010000 #
0!
#90425
b11000100000101 #
1!
#90430
b1010011110001010 #
0!
#90435
b110111010000100 #
1!
#90440
b1010010100100000 #
0!
#90445
b1111101010010101 #
1!
#90450
b1100100100100101 #
0!
#90455
b1100110011110 #
1!
#90460
b1010000111111000 #
0!
#90465
b1001010011100101 #
1!
#90470
b1101001000100010 #
0!
#90475
b1010111010000000 #
1!
#90480
b1000101100110100 #
0!
#90485
b1110110010100000 #
1!
#90490
b1100010101001100 #
0!
#90495
b1010111110 #
1!
#90500
b1100000000011110 #
0!
#90505
b1010110001100010 #
1!
#90510
b101011100010001 #
0!
#90515
b1001101100011110 #
1!
#90520
b101111011100000 #
0!
#90525
b100001000000100 #
1!
#90530
b11110000011 #
0!
#90535
b1100011111011011 #
1!
#90540
b11111000001110 #
0!
#90545
b1101100010111101 #
1!
#90550
b1000110011101 #
0!
#90555
b1001001101111110 #
1!
#90560
b100000100 #
0!
#90565
b101101011101110 #
1!
#90570
b111000011000110 #
0!
#90575
b1100100011001111 #
1!
#90580
b1111111011001010 #
0!
#90585
b111011111101100 #
1!
#90590
b1110001011111111 #
0!
#90595
b1111010000010001 #
1!
#90600
b101001010110100 #
0!
#90605
b1001011110100110 #
1!
#90610
b1110000111001000 #
0!
#90615
b110001100000110 #
1!
#90620
b1101101101111111 #
0!
#90625
b1110100101111110 #
1!
#90630
b1010101100100010 #
0!
#90635
b10000011110000 #
1!
#90640
b11010100010111 #
0!
#90645
b101010100100100 #
1!
#90650
b11100110101100 #
0!
#90655
b1111100100000110 #
1!
#90660
b1011100011001101 #
0!
#90665
b1000110111011111 #
1!
#90670
b100101001010011 #
0!
#90675
b111100110011000 #
1!
#90680
b1000010100100110 #
0!
#90685
b1111011000000010 #
1!
#90690
b101100110010111 #
0!
#90695
b1110101101011010 #
1!
#90700
b111001111111111 #
0!
#90705
b1100001111111100 #
1!
#90710
b1010000111000010 #
0!
#90715
b101101000000110 #
1!
#90720
b10001101001011 #
0!
#90725
b1101110111001111 #
1!
#90730
b1111100101100 #
0!
#90735
b1001011011011111 #
1!
#90740
b1110111000010000 #
0!
#90745
b1110110101000011 #
1!
#90750
b1000110011101001 #
0!
#90755
b10100100110011 #
1!
#90760
b1111000011100100 #
0!
#90765
b110001011000000 #
1!
#90770
b110101111100010 #
0!
#90775
b101111001101111 #
1!
#90780
b11010100011 #
0!
#90785
b110101000001000 #
1!
#90790
b1111000111011000 #
0!
#90795
b100001011101001 #
1!
#90800
b1100111110011001 #
0!
#90805
b1110111111001001 #
1!
#90810
b1111100111001 #
0!
#90815
b1010000111100111 #
1!
#90820
b1010000011001100 #
0!
#90825
b1001101001000111 #
1!
#90830
b1010110001010110 #
0!
#90835
b11100000111 #
1!
#90840
b1001101010100110 #
0!
#90845
b1101101100001000 #
1!
#90850
b1100111010011 #
0!
#90855
b1011111010011011 #
1!
#90860
b1001011111000000 #
0!
#90865
b1101110011001001 #
1!
#90870
b1001111111101100 #
0!
#90875
b1101010000010100 #
1!
#90880
b11010111110000 #
0!
#90885
b1000110010100000 #
1!
#90890
b11101101101001 #
0!
#90895
b1011100010110 #
1!
#90900
b1100111101100111 #
0!
#90905
b1001001010100100 #
1!
#90910
b1010100011001011 #
0!
#90915
b111101000000 #
1!
#90920
b111111100001010 #
0!
#90925
b110000111100101 #
1!
#90930
b110001110100100 #
0!
#90935
b101001010001 #
1!
#90940
b10001011001000 #
0!
#90945
b1110100100000 #
1!
#90950
b1010100110010001 #
0!
#90955
b1001110111010 #
1!
#90960
b101011000010101 #
0!
#90965
b1011011011110100 #
1!
#90970
b111001111010011 #
0!
#90975
b1111100000110011 #
1!
#90980
b111100001011001 #
0!
#90985
b1101100111111100 #
1!
#90990
b111111111110101 #
0!
#90995
b100001101101110 #
1!
#91000
b1001111001110111 #
0!
#91005
b1111000010100011 #
1!
#91010
b100101110000100 #
0!
#91015
b100000110000011 #
1!
#91020
b1010101000101110 #
0!
#91025
b10100000001011 #
1!
#91030
b111001000111 #
0!
#91035
b1111111100100001 #
1!
#91040
b11011110000110 #
0!
#91045
b110110011010110 #
1!
#91050
b1100011111110101 #
0!
#91055
b100011100110000 #
1!
#91060
b1001111000001001 #
0!
#91065
b110101000111100 #
1!
#91070
b11001111011101 #
0!
#91075
b1010010111101000 #
1!
#91080
b1111110011111011 #
0!
#91085
b1000110100110000 #
1!
#91090
b1100110001110101 #
0!
#91095
b110010011111110 #
1!
#91100
b10111101000110 #
0!
#91105
b1111111011111100 #
1!
#91110
b1100111001010111 #
0!
#91115
b1001010000000110 #
1!
#91120
b1101000101011001 #
0!
#91125
b1010111000101000 #
1!
#91130
b11100110010000 #
0!
#91135
b1111111110001111 #
1!
#91140
b11111010101101 #
0!
#91145
b100011111111001 #
1!
#91150
b1100001111000111 #
0!
#91155
b11000100101000 #
1!
#91160
b1001010000101001 #
0!
#91165
b11010001111010 #
1!
#91170
b1110101100101101 #
0!
#91175
b111010111010000 #
1!
#91180
b1010111000100000 #
0!
#91185
b1010001001000100 #
1!
#91190
b1110110110110111 #
0!
#91195
b1101011111111100 #
1!
#91200
b10100000011011 #
0!
#91205
b111110011111101 #
1!
#91210
b1100010110000101 #
0!
#91215
b10010111000000 #
1!
#91220
b101110000101011 #
0!
#91225
b111000011010011 #
1!
#91230
b10111100010001 #
0!
#91235
b1110100100110000 #
1!
#91240
b110101100000000 #
0!
#91245
b1110100011010010 #
1!
#91250
b1010010011110110 #
0!
#91255
b111000010100000 #
1!
#91260
b10101101101111 #
0!
#91265
b1000101101001 #
1!
#91270
b110011011101000 #
0!
#91275
b1100011111001011 #
1!
#91280
b11101110101111 #
0!
#91285
b1101011111111011 #
1!
#91290
b110110010111101 #
0!
#91295
b1011011001111101 #
1!
#91300
b1111011111111000 #
0!
#91305
b1110010111010010 #
1!
#91310
b111010000011000 #
0!
#91315
b1100111011100111 #
1!
#91320
b111101111000010 #
0!
#91325
b1010100001001010 #
1!
#91330
b1111101010001101 #
0!
#91335
b101100100010111 #
1!
#91340
b1010001001100100 #
0!
#91345
b100110110001101 #
1!
#91350
b11101111010110 #
0!
#91355
b110000011001111 #
1!
#91360
b101100110011 #
0!
#91365
b1011110010111001 #
1!
#91370
b11000100000011 #
0!
#91375
b1011010000110001 #
1!
#91380
b110011111001 #
0!
#91385
b1010011111001001 #
1!
#91390
b1001100100010001 #
0!
#91395
b1101111101111000 #
1!
#91400
b1100100111011101 #
0!
#91405
b111010100010110 #
1!
#91410
b1110111100000001 #
0!
#91415
b10110100111001 #
1!
#91420
b1011010001111 #
0!
#91425
b101010111001011 #
1!
#91430
b110110010111011 #
0!
#91435
b1010100001011100 #
1!
#91440
b1001010011011001 #
0!
#91445
b10111000011110 #
1!
#91450
b1000111100011 #
0!
#91455
b1111001010100 #
1!
#91460
b1001111101100001 #
0!
#91465
b1011010110110010 #
1!
#91470
b1001100011101111 #
0!
#91475
b1101110110110 #
1!
#91480
b101000111000010 #
0!
#91485
b100110111101010 #
1!
#91490
b111110010010110 #
0!
#91495
b1110101011001000 #
1!
#91500
b1000011110111111 #
0!
#91505
b10011110010111 #
1!
#91510
b1111101011111010 #
0!
#91515
b1001101100011010 #
1!
#91520
b1101110111001100 #
0!
#91525
b10110011000110 #
1!
#91530
b111110010000 #
0!
#91535
b1111010011001001 #
1!
#91540
b1010110010010110 #
0!
#91545
b110100010011 #
1!
#91550
b111001000111111 #
0!
#91555
b1000010101110111 #
1!
#91560
b1011011001100 #
0!
#91565
b11000001011110 #
1!
#91570
b1010011110100100 #
0!
#91575
b1001011010100010 #
1!
#91580
b1111001111100101 #
0!
#91585
b1100011100100000 #
1!
#91590
b1110010000000001 #
0!
#91595
b11100001101000 #
1!
#91600
b1101111000001111 #
0!
#91605
b1011100101011010 #
1!
#91610
b10011110111110 #
0!
#91615
b11010101000011 #
1!
#91620
b11011100001010 #
0!
#91625
b1011001001011100 #
1!
#91630
b10101000001001 #
0!
#91635
b1100011110111 #
1!
#91640
b1011100011110 #
0!
#91645
b10000101001001 #
1!
#91650
b110110101110110 #
0!
#91655
b10111000100110 #
1!
#91660
b101101011110000 #
0!
#91665
b11000110101100 #
1!
#91670
b10100000101100 #
0!
#91675
b1000010110110111 #
1!
#91680
b1001111001011011 #
0!
#91685
b1100111011111000 #
1!
#91690
b101101010000111 #
0!
#91695
b1110001010100010 #
1!
#91700
b11110000011111 #
0!
#91705
b1010001101000011 #
1!
#91710
b1011111010110010 #
0!
#91715
b1101100000111010 #
1!
#91720
b101010110000001 #
0!
#91725
b1110100100100 #
1!
#91730
b1100111100101001 #
0!
#91735
b1011001010001110 #
1!
#91740
b1011111010101101 #
0!
#91745
b110100111111101 #
1!
#91750
b1100101110100000 #
0!
#91755
b111101111110001 #
1!
#91760
b1100000000010 #
0!
#91765
b111000110001110 #
1!
#91770
b1010101101000110 #
0!
#91775
b1111110001010010 #
1!
#91780
b1011111000001001 #
0!
#91785
b1110000100101011 #
1!
#91790
b10111011011011 #
0!
#91795
b1100011001100110 #
1!
#91800
b1100110101000110 #
0!
#91805
b10011001101011 #
1!
#91810
b1100111010010000 #
0!
#91815
b10001001010001 #
1!
#91820
b1111010101011 #
0!
#91825
b110101010101101 #
1!
#91830
b1100100100110000 #
0!
#91835
b1110011010101 #
1!
#91840
b101000011001101 #
0!
#91845
b1001111000111100 #
1!
#91850
b1100101111011 #
0!
#91855
b1000001110101111 #
1!
#91860
b1011110110101000 #
0!
#91865
b110101101111110 #
1!
#91870
b111100000111110 #
0!
#91875
b1101111100101001 #
1!
#91880
b1000001000100111 #
0!
#91885
b11101111111011 #
1!
#91890
b110100100010000 #
0!
#91895
b111111010000100 #
1!
#91900
b111101000011000 #
0!
#91905
b11101010010000 #
1!
#91910
b10000100111001 #
0!
#91915
b110110001010110 #
1!
#91920
b100001011011011 #
0!
#91925
b101100110110011 #
1!
#91930
b1010000110101001 #
0!
#91935
b111010101100001 #
1!
#91940
b11011001101110 #
0!
#91945
b11111000010010 #
1!
#91950
b1010000010010010 #
0!
#91955
b10010000010101 #
1!
#91960
b111001000100010 #
0!
#91965
b101101101110001 #
1!
#91970
b1001111010000010 #
0!
#91975
b1100011000111100 #
1!
#91980
b1101001110100001 #
0!
#91985
b1101011100010011 #
1!
#91990
b1101011010000010 #
0!
#91995
b110011111111110 #
1!
#92000
b1111001010000101 #
0!
#92005
b1001111010010110 #
1!
#92010
b100010000110110 #
0!
#92015
b1101001010111110 #
1!
#92020
b10110000111100 #
0!
#92025
b110000110000100 #
1!
#92030
b1010010001101011 #
0!
#92035
b1001010000000010 #
1!
#92040
b1010000101100000 #
0!
#92045
b1000011110001100 #
1!
#92050
b111000000010010 #
0!
#92055
b1111100111101001 #
1!
#92060
b10011101010001 #
0!
#92065
b11110010011101 #
1!
#92070
b1110100100100001 #
0!
#92075
b110001001011 #
1!
#92080
b101110000111011 #
0!
#92085
b111000111011001 #
1!
#92090
b10001001101 #
0!
#92095
b1001110100101000 #
1!
#92100
b1001111101000010 #
0!
#92105
b1100110110011101 #
1!
#92110
b1000001000010101 #
0!
#92115
b11000001101110 #
1!
#92120
b100000001111 #
0!
#92125
b1011111010001110 #
1!
#92130
b1110000100100000 #
0!
#92135
b1100010110111 #
1!
#92140
b111011001110101 #
0!
#92145
b111000011101111 #
1!
#92150
b101011101010110 #
0!
#92155
b110000000010001 #
1!
#92160
b1000010001100010 #
0!
#92165
b1100111100100001 #
1!
#92170
b1110000010111011 #
0!
#92175
b1101000101110000 #
1!
#92180
b1000110111100000 #
0!
#92185
b1000011110101101 #
1!
#92190
b11111001111011 #
0!
#92195
b1111101011011101 #
1!
#92200
b1010111001000111 #
0!
#92205
b1010011010 #
1!
#92210
b1110101000011111 #
0!
#92215
b10010111110100 #
1!
#92220
b1100001101111000 #
0!
#92225
b110111110000010 #
1!
#92230
b1111001101010 #
0!
#92235
b101111111011100 #
1!
#92240
b110011100111011 #
0!
#92245
b1011100100100111 #
1!
#92250
b1101101011010001 #
0!
#92255
b111001100110110 #
1!
#92260
b1111011010000100 #
0!
#92265
b1000110011101111 #
1!
#92270
b1101011000000000 #
0!
#92275
b1110111000110101 #
1!
#92280
b1000111111100101 #
0!
#92285
b101001000010011 #
1!
#92290
b1001000101110101 #
0!
#92295
b1110001100111 #
1!
#92300
b101111000110 #
0!
#92305
b11101111101010 #
1!
#92310
b100010110010110 #
0!
#92315
b100101001001 #
1!
#92320
b10010111001 #
0!
#92325
b10111000010011 #
1!
#92330
b1110111101000100 #
0!
#92335
b1000000001000011 #
1!
#92340
b1101110110001111 #
0!
#92345
b1101110011100111 #
1!
#92350
b100101101100111 #
0!
#92355
b111000100111 #
1!
#92360
b1010101001110000 #
0!
#92365
b1010111111111111 #
1!
#92370
b1101001001011110 #
0!
#92375
b110111000 #
1!
#92380
b100111110101001 #
0!
#92385
b1101001000110100 #
1!
#92390
b1100011011011010 #
0!
#92395
b110000001101110 #
1!
#92400
b110000001101011 #
0!
#92405
b11000111011111 #
1!
#92410
b1111100001011 #
0!
#92415
b1111101111110011 #
1!
#92420
b11111100101101 #
0!
#92425
b111101111000010 #
1!
#92430
b1001100010101001 #
0!
#92435
b101110010000100 #
1!
#92440
b10011110011 #
0!
#92445
b1011001100101 #
1!
#92450
b1011000111001000 #
0!
#92455
b1101000111001010 #
1!
#92460
b1000111000101011 #
0!
#92465
b11010101000110 #
1!
#92470
b1010001111100110 #
0!
#92475
b110001100110101 #
1!
#92480
b111011101010110 #
0!
#92485
b1100000010110111 #
1!
#92490
b110101001000011 #
0!
#92495
b1110000010001010 #
1!
#92500
b1110100111101 #
0!
#92505
b110001010111001 #
1!
#92510
b1100010111100000 #
0!
#92515
b1101010010100111 #
1!
#92520
b1001100111100101 #
0!
#92525
b1000101010101101 #
1!
#92530
b10110100110010 #
0!
#92535
b1000101000011111 #
1!
#92540
b1100101011110101 #
0!
#92545
b110010101000000 #
1!
#92550
b1101110011110001 #
0!
#92555
b1000010111110 #
1!
#92560
b100101111010101 #
0!
#92565
b1101101101011001 #
1!
#92570
b1101010100001010 #
0!
#92575
b11001010011110 #
1!
#92580
b111011100101100 #
0!
#92585
b1001100001101011 #
1!
#92590
b1100110000011110 #
0!
#92595
b111100011001110 #
1!
#92600
b110101100000000 #
0!
#92605
b101000000001 #
1!
#92610
b100001110010011 #
0!
#92615
b11001100110101 #
1!
#92620
b1000110001 #
0!
#92625
b101111111011011 #
1!
#92630
b111001110100001 #
0!
#92635
b110110010111110 #
1!
#92640
b1101100101111110 #
0!
#92645
b1000000101110010 #
1!
#92650
b101100001100011 #
0!
#92655
b1110111001110000 #
1!
#92660
b100110111010111 #
0!
#92665
b1100101000011 #
1!
#92670
b1010111001010001 #
0!
#92675
b100101101111101 #
1!
#92680
b111011100101001 #
0!
#92685
b1001100110101110 #
1!
#92690
b1111010000110010 #
0!
#92695
b1100011111101001 #
1!
#92700
b11011001100110 #
0!
#92705
b10011011001011 #
1!
#92710
b110010111100110 #
0!
#92715
b111001011100000 #
1!
#92720
b10010011111010 #
0!
#92725
b1011001000000100 #
1!
#92730
b1111100100010100 #
0!
#92735
b1100101010000 #
1!
#92740
b1001111101101001 #
0!
#92745
b1110011111010100 #
1!
#92750
b110111000100011 #
0!
#92755
b100011011011101 #
1!
#92760
b1100000001001010 #
0!
#92765
b11000110000000 #
1!
#92770
b100001110001100 #
0!
#92775
b100011011010110 #
1!
#92780
b110011001011101 #
0!
#92785
b1011101000011011 #
1!
#92790
b1011000011011100 #
0!
#92795
b10010000100101 #
1!
#92800
b10101111101110 #
0!
#92805
b111000111000000 #
1!
#92810
b1011010010000110 #
0!
#92815
b1010111011111001 #
1!
#92820
b110110101000000 #
0!
#92825
b100111100 #
1!
#92830
b101011011010 #
0!
#92835
b110111000011110 #
1!
#92840
b100010100110111 #
0!
#92845
b1101010000100101 #
1!
#92850
b10111000101111 #
0!
#92855
b1011001110110010 #
1!
#92860
b1001001011111110 #
0!
#92865
b1100010010011 #
1!
#92870
b101101110101001 #
0!
#92875
b1000010001000010 #
1!
#92880
b1110111011010011 #
0!
#92885
b1011101101101001 #
1!
#92890
b1000110110100111 #
0!
#92895
b1011000011110111 #
1!
#92900
b1011011111000101 #
0!
#92905
b110010110000001 #
1!
#92910
b1000001000110111 #
0!
#92915
b1100010011010101 #
1!
#92920
b11110001001 #
0!
#92925
b1000010110001110 #
1!
#92930
b1011010110011110 #
0!
#92935
b101010110010 #
1!
#92940
b1011101100101111 #
0!
#92945
b100010000010000 #
1!
#92950
b110000001100001 #
0!
#92955
b1000111100000011 #
1!
#92960
b110110011011011 #
0!
#92965
b1001000000110100 #
1!
#92970
b1000001111000111 #
0!
#92975
b1111000000001 #
1!
#92980
b111110001010011 #
0!
#92985
b1011111110011 #
1!
#92990
b1101010101010110 #
0!
#92995
b100010001011010 #
1!
#93000
b1110000010 #
0!
#93005
b100000101001011 #
1!
#93010
b1101011100110000 #
0!
#93015
b100111111101001 #
1!
#93020
b1101111110110110 #
0!
#93025
b11101111101100 #
1!
#93030
b1100000011100001 #
0!
#93035
b100010110101000 #
1!
#93040
b1010100111010000 #
0!
#93045
b1111001000100111 #
1!
#93050
b1001001101111010 #
0!
#93055
b1111100101011101 #
1!
#93060
b1011111100010110 #
0!
#93065
b1001110001100 #
1!
#93070
b10110001111 #
0!
#93075
b1111000100101111 #
1!
#93080
b11110111101100 #
0!
#93085
b100011110001 #
1!
#93090
b1001010011101111 #
0!
#93095
b111110010101000 #
1!
#93100
b1111110100011011 #
0!
#93105
b1111111101011001 #
1!
#93110
b111111110110100 #
0!
#93115
b1010100001000111 #
1!
#93120
b1001111111110010 #
0!
#93125
b1110000001111011 #
1!
#93130
b1011111101111000 #
0!
#93135
b11111000111100 #
1!
#93140
b111110011100111 #
0!
#93145
b101110101001111 #
1!
#93150
b1000101010101 #
0!
#93155
b1100101001010111 #
1!
#93160
b1011000111110110 #
0!
#93165
b1101110001110100 #
1!
#93170
b1110111001111000 #
0!
#93175
b1001100011011010 #
1!
#93180
b1100110000010 #
0!
#93185
b1000111111000100 #
1!
#93190
b1001100011101101 #
0!
#93195
b1011011100101110 #
1!
#93200
b101001111011011 #
0!
#93205
b101101111111000 #
1!
#93210
b11101111100 #
0!
#93215
b1110111100011111 #
1!
#93220
b1011011100101110 #
0!
#93225
b1111001010101001 #
1!
#93230
b1111100100010111 #
0!
#93235
b1100111010111110 #
1!
#93240
b110001100011001 #
0!
#93245
b1011110010001001 #
1!
#93250
b1110011111011011 #
0!
#93255
b1010000001101101 #
1!
#93260
b11000010010000 #
0!
#93265
b1110100100110001 #
1!
#93270
b111100010000 #
0!
#93275
b111000000111100 #
1!
#93280
b1100000001011001 #
0!
#93285
b110001101011010 #
1!
#93290
b110110100100100 #
0!
#93295
b110100110101 #
1!
#93300
b110110111000101 #
0!
#93305
b1101001111010000 #
1!
#93310
b1011101000100000 #
0!
#93315
b1111111010010100 #
1!
#93320
b100111011110100 #
0!
#93325
b1010100100001000 #
1!
#93330
b111100001111101 #
0!
#93335
b1001010010100110 #
1!
#93340
b100010101001010 #
0!
#93345
b1000010100000 #
1!
#93350
b1101111111100110 #
0!
#93355
b1101100001001001 #
1!
#93360
b1110110001010100 #
0!
#93365
b1111010110101100 #
1!
#93370
b1110110011010011 #
0!
#93375
b1001011110110111 #
1!
#93380
b1001111011010011 #
0!
#93385
b100100 #
1!
#93390
b101101101110110 #
0!
#93395
b101110010101110 #
1!
#93400
b111100100101111 #
0!
#93405
b1010000101001011 #
1!
#93410
b1010011111110110 #
0!
#93415
b111010110001110 #
1!
#93420
b101010111110100 #
0!
#93425
b1001101001 #
1!
#93430
b110101101000 #
0!
#93435
b1110101010000010 #
1!
#93440
b1101001010101011 #
0!
#93445
b1001010101100 #
1!
#93450
b1000100010001101 #
0!
#93455
b1000110101001111 #
1!
#93460
b100110010110010 #
0!
#93465
b111100010001101 #
1!
#93470
b1101011010111010 #
0!
#93475
b1110010111101000 #
1!
#93480
b1101110101011000 #
0!
#93485
b1010011010001011 #
1!
#93490
b111000011110001 #
0!
#93495
b100000101000111 #
1!
#93500
b110000111110001 #
0!
#93505
b1100001010011101 #
1!
#93510
b1001011010011010 #
0!
#93515
b1010100111000111 #
1!
#93520
b111010000010100 #
0!
#93525
b1011110100101010 #
1!
#93530
b100000011011101 #
0!
#93535
b1110111101110100 #
1!
#93540
b111011111000111 #
0!
#93545
b11111111011110 #
1!
#93550
b10110100001001 #
0!
#93555
b1001100010000001 #
1!
#93560
b111110011000110 #
0!
#93565
b1011011001000101 #
1!
#93570
b1101100000001100 #
0!
#93575
b1111011101110010 #
1!
#93580
b110100110100101 #
0!
#93585
b100111101101001 #
1!
#93590
b111110001101001 #
0!
#93595
b1010000010000 #
1!
#93600
b1101010011111110 #
0!
#93605
b1111001101100110 #
1!
#93610
b1010110101110 #
0!
#93615
b1011110111001000 #
1!
#93620
b1110001101010 #
0!
#93625
b101000100110100 #
1!
#93630
b110000111011100 #
0!
#93635
b111101110000000 #
1!
#93640
b101101001110101 #
0!
#93645
b1101001010010110 #
1!
#93650
b1101101010111011 #
0!
#93655
b1001101010001110 #
1!
#93660
b110110001010001 #
0!
#93665
b1010010101110001 #
1!
#93670
b1011110010010000 #
0!
#93675
b10101111001011 #
1!
#93680
b1110111101101101 #
0!
#93685
b1011010101110010 #
1!
#93690
b11100110001 #
0!
#93695
b1111010101111101 #
1!
#93700
b11110011000000 #
0!
#93705
b1010110001010100 #
1!
#93710
b111000111100110 #
0!
#93715
b1000011000010001 #
1!
#93720
b111001011101100 #
0!
#93725
b1111101010011101 #
1!
#93730
b111100000100011 #
0!
#93735
b10101101010110 #
1!
#93740
b110110111111000 #
0!
#93745
b1100100000110100 #
1!
#93750
b101101001110110 #
0!
#93755
b1110110100111001 #
1!
#93760
b1100011011011110 #
0!
#93765
b1110010011 #
1!
#93770
b1001010111000 #
0!
#93775
b1001101010110001 #
1!
#93780
b1101101010100000 #
0!
#93785
b101011000001101 #
1!
#93790
b101110111110111 #
0!
#93795
b1011111011100101 #
1!
#93800
b1100100000010110 #
0!
#93805
b10111011011100 #
1!
#93810
b1011001111111101 #
0!
#93815
b1010011000100100 #
1!
#93820
b110100100111011 #
0!
#93825
b1011011001101000 #
1!
#93830
b101010000001001 #
0!
#93835
b101110111010010 #
1!
#93840
b101100000100111 #
0!
#93845
b1101110010011110 #
1!
#93850
b11101110011100 #
0!
#93855
b1010110111010010 #
1!
#93860
b1111010101101111 #
0!
#93865
b100101010011001 #
1!
#93870
b10001111011010 #
0!
#93875
b10010110010010 #
1!
#93880
b101100100101000 #
0!
#93885
b110111110010011 #
1!
#93890
b1000100101110110 #
0!
#93895
b111001010000 #
1!
#93900
b110000100111011 #
0!
#93905
b111001001100001 #
1!
#93910
b1010100010101001 #
0!
#93915
b111011110100100 #
1!
#93920
b1010100101010010 #
0!
#93925
b100001001011001 #
1!
#93930
b111111000010111 #
0!
#93935
b10101011111000 #
1!
#93940
b1000101000000010 #
0!
#93945
b1000110111111000 #
1!
#93950
b1100011100110100 #
0!
#93955
b1011010111110100 #
1!
#93960
b10011001111101 #
0!
#93965
b1011101100100110 #
1!
#93970
b1111110000001111 #
0!
#93975
b110001110001101 #
1!
#93980
b101010101111001 #
0!
#93985
b1111101001101001 #
1!
#93990
b101101111111100 #
0!
#93995
b11111010110010 #
1!
#94000
b1011001110000011 #
0!
#94005
b11010111011101 #
1!
#94010
b1101111000100111 #
0!
#94015
b1010101001010 #
1!
#94020
b1001110001111100 #
0!
#94025
b1101001010111 #
1!
#94030
b100011001101010 #
0!
#94035
b111000110001101 #
1!
#94040
b10111101111001 #
0!
#94045
b1001001111011 #
1!
#94050
b101001111010 #
0!
#94055
b1010000101001101 #
1!
#94060
b100010110110101 #
0!
#94065
b100110100100011 #
1!
#94070
b110100011010111 #
0!
#94075
b1011000001010011 #
1!
#94080
b111101011010101 #
0!
#94085
b1011001111110011 #
1!
#94090
b101110001101101 #
0!
#94095
b110101001011111 #
1!
#94100
b10101000110010 #
0!
#94105
b1111001001101011 #
1!
#94110
b1010000101110110 #
0!
#94115
b101101011100101 #
1!
#94120
b111010001100110 #
0!
#94125
b111011101011000 #
1!
#94130
b1011010110000000 #
0!
#94135
b1100110000100000 #
1!
#94140
b11000111001110 #
0!
#94145
b110110111101111 #
1!
#94150
b1101001000011000 #
0!
#94155
b1100111010010110 #
1!
#94160
b1111110000111010 #
0!
#94165
b1011111101110111 #
1!
#94170
b1111010100001110 #
0!
#94175
b10101110010111 #
1!
#94180
b11010110000111 #
0!
#94185
b1100111010010 #
1!
#94190
b1101100011010011 #
0!
#94195
b110111011100110 #
1!
#94200
b1111010001010111 #
0!
#94205
b1110011011000101 #
1!
#94210
b1111101011011100 #
0!
#94215
b1110010100010100 #
1!
#94220
b1100110100100 #
0!
#94225
b101011101000011 #
1!
#94230
b1001011110001011 #
0!
#94235
b1001101110011110 #
1!
#94240
b11110101011101 #
0!
#94245
b101010110110101 #
1!
#94250
b1010100010010100 #
0!
#94255
b101100110000010 #
1!
#94260
b1011101111001101 #
0!
#94265
b1000100101110110 #
1!
#94270
b1110110001010101 #
0!
#94275
b1010111001000101 #
1!
#94280
b1011001100000100 #
0!
#94285
b110001101101011 #
1!
#94290
b1101110000011011 #
0!
#94295
b1110100100010001 #
1!
#94300
b1111110011110100 #
0!
#94305
b111100010000 #
1!
#94310
b1011100011000101 #
0!
#94315
b1000100000011 #
1!
#94320
b11011001111101 #
0!
#94325
b111011011001100 #
1!
#94330
b111100011001001 #
0!
#94335
b1111001100111110 #
1!
#94340
b1011110100100111 #
0!
#94345
b100011111100110 #
1!
#94350
b1101110000001100 #
0!
#94355
b1110011011000 #
1!
#94360
b1010101010101111 #
0!
#94365
b1110110111110101 #
1!
#94370
b101110101111111 #
0!
#94375
b1101100001000001 #
1!
#94380
b1101110100111101 #
0!
#94385
b1001000100100001 #
1!
#94390
b11011000001000 #
0!
#94395
b11001100110101 #
1!
#94400
b1110111001010110 #
0!
#94405
b10010000001100 #
1!
#94410
b110011110011110 #
0!
#94415
b1111100111010110 #
1!
#94420
b11101001100110 #
0!
#94425
b101000110111111 #
1!
#94430
b1010011100100011 #
0!
#94435
b1011010011111100 #
1!
#94440
b1110000000000001 #
0!
#94445
b1000000101110001 #
1!
#94450
b111011011011110 #
0!
#94455
b1011010101101000 #
1!
#94460
b1011100110011100 #
0!
#94465
b1110000101111001 #
1!
#94470
b111100100001 #
0!
#94475
b1011010111 #
1!
#94480
b110000111110110 #
0!
#94485
b101111001010101 #
1!
#94490
b110111000000110 #
0!
#94495
b110101110100000 #
1!
#94500
b11010011101100 #
0!
#94505
b1010010000000101 #
1!
#94510
b100111011000010 #
0!
#94515
b111101011110100 #
1!
#94520
b101000111101010 #
0!
#94525
b10000110101011 #
1!
#94530
b10110010000001 #
0!
#94535
b111110101001011 #
1!
#94540
b1001000010101110 #
0!
#94545
b1111110010110111 #
1!
#94550
b100010001001010 #
0!
#94555
b111110000100010 #
1!
#94560
b1001000010100101 #
0!
#94565
b10010001111011 #
1!
#94570
b1001001011010111 #
0!
#94575
b100100110100101 #
1!
#94580
b1010101010001010 #
0!
#94585
b100011010000110 #
1!
#94590
b1101001011101010 #
0!
#94595
b110101001001001 #
1!
#94600
b1111111110000001 #
0!
#94605
b1100110110010100 #
1!
#94610
b111111000000011 #
0!
#94615
b10111000001000 #
1!
#94620
b110010001110000 #
0!
#94625
b1110001001110000 #
1!
#94630
b1101011100000101 #
0!
#94635
b1010001001000101 #
1!
#94640
b111101111000100 #
0!
#94645
b111011110100010 #
1!
#94650
b1101001110101011 #
0!
#94655
b1001001011110101 #
1!
#94660
b1001110101100000 #
0!
#94665
b11001000111011 #
1!
#94670
b11000101011001 #
0!
#94675
b1000011100100110 #
1!
#94680
b1110011111100101 #
0!
#94685
b1000010110011101 #
1!
#94690
b110111100110101 #
0!
#94695
b1100111001111111 #
1!
#94700
b11010000011101 #
0!
#94705
b1001011110010110 #
1!
#94710
b1100010100000100 #
0!
#94715
b111011011000101 #
1!
#94720
b10001010101000 #
0!
#94725
b101010110100000 #
1!
#94730
b10111111000000 #
0!
#94735
b100011000010011 #
1!
#94740
b101110111101 #
0!
#94745
b110110110100011 #
1!
#94750
b110110001101010 #
0!
#94755
b1101000111000001 #
1!
#94760
b110000011110 #
0!
#94765
b100100000011000 #
1!
#94770
b1111100011111010 #
0!
#94775
b101101110101010 #
1!
#94780
b10010 #
0!
#94785
b1010011010010 #
1!
#94790
b110100000000 #
0!
#94795
b1111010011011011 #
1!
#94800
b1000010010000001 #
0!
#94805
b1011111101011011 #
1!
#94810
b1010100011010111 #
0!
#94815
b110100001001100 #
1!
#94820
b1111010000000000 #
0!
#94825
b1111001100101010 #
1!
#94830
b1000010111110000 #
0!
#94835
b100010110110001 #
1!
#94840
b110110011111001 #
0!
#94845
b1100110011001 #
1!
#94850
b1111000101001 #
0!
#94855
b1101001000000011 #
1!
#94860
b1100100110101001 #
0!
#94865
b110000011101000 #
1!
#94870
b1011001110100001 #
0!
#94875
b1111011010111 #
1!
#94880
b1010001000110100 #
0!
#94885
b1011010100101101 #
1!
#94890
b11110000010100 #
0!
#94895
b1111011100011101 #
1!
#94900
b101101001111001 #
0!
#94905
b1100001110000100 #
1!
#94910
b111100000011101 #
0!
#94915
b1110010101010100 #
1!
#94920
b100011101011 #
0!
#94925
b1111010101010101 #
1!
#94930
0"
1$
1%
b1110000001101011 #
0!
#94935
0"
0$
0%
b11011011011111 #
1!
#94940
b1000110100011100 #
0!
#94945
b111100100010100 #
1!
#94950
b1011010001011001 #
0!
#94955
b1111011101111101 #
1!
#94960
b111111000111110 #
0!
#94965
b11011101000000 #
1!
#94970
b1110110011100000 #
0!
#94975
b1111000110001101 #
1!
#94980
b11110101000110 #
0!
#94985
b1110000000001110 #
1!
#94990
b100011001011100 #
0!
#94995
b1011001100101111 #
1!
#95000
b1110001111110011 #
0!
#95005
b1101110110000100 #
1!
#95010
b11111100100000 #
0!
#95015
b1000011111010100 #
1!
#95020
b100110101100110 #
0!
#95025
b101101101101101 #
1!
#95030
b1000001000110 #
0!
#95035
b111100101101000 #
1!
#95040
b1010010010100 #
0!
#95045
b100011111110000 #
1!
#95050
b1011100111000110 #
0!
#95055
b101011110010101 #
1!
#95060
b1001101000110100 #
0!
#95065
b100100100110000 #
1!
#95070
b1111001000110101 #
0!
#95075
b1010101101001001 #
1!
#95080
b1111011101110100 #
0!
#95085
b1101000110111111 #
1!
#95090
b11101000110111 #
0!
#95095
b1100000000010010 #
1!
#95100
b100000100000 #
0!
#95105
b101101000011 #
1!
#95110
b1100101100010000 #
0!
#95115
b1010011001101000 #
1!
#95120
b110100010000100 #
0!
#95125
b1110000000101010 #
1!
#95130
b1010001101010101 #
0!
#95135
b10100101111000 #
1!
#95140
b111010010100001 #
0!
#95145
b1111111010111011 #
1!
#95150
b111101000101011 #
0!
#95155
b1100111010010010 #
1!
#95160
b100100000011010 #
0!
#95165
b1101000101011110 #
1!
#95170
b1101000100010111 #
0!
#95175
b1110100111001001 #
1!
#95180
b1100000101100100 #
0!
#95185
b1000010101111111 #
1!
#95190
b1110000111001101 #
0!
#95195
b1000001011100010 #
1!
#95200
b111011010001111 #
0!
#95205
b11111001101 #
1!
#95210
b1010011100000000 #
0!
#95215
b110010100101000 #
1!
#95220
b1100101101011010 #
0!
#95225
b1111111001001000 #
1!
#95230
b1101110010011100 #
0!
#95235
b10000000111110 #
1!
#95240
b1101010110111010 #
0!
#95245
b1101111111011111 #
1!
#95250
b1101110111 #
0!
#95255
b1111110110000100 #
1!
#95260
b111010110101001 #
0!
#95265
b1100110100000100 #
1!
#95270
b101001111011101 #
0!
#95275
b100100110000 #
1!
#95280
b100001001010011 #
0!
#95285
b1011100000001000 #
1!
#95290
b1100011111111100 #
0!
#95295
b111110100100 #
1!
#95300
b1001110001111010 #
0!
#95305
b100110110011010 #
1!
#95310
b1110010100001 #
0!
#95315
b1001110100100110 #
1!
#95320
b1001111100101111 #
0!
#95325
b1111011100111101 #
1!
#95330
b1101000001000010 #
0!
#95335
b1111110110001111 #
1!
#95340
b10010110100111 #
0!
#95345
b1110000100001110 #
1!
#95350
b1111111001011 #
0!
#95355
b11101100000100 #
1!
#95360
b1100100001100001 #
0!
#95365
b1111011110111111 #
1!
#95370
b1000100100 #
0!
#95375
b10010001011001 #
1!
#95380
b1110101101001101 #
0!
#95385
b1110011100000001 #
1!
#95390
b11100011110001 #
0!
#95395
b100010100101001 #
1!
#95400
b1010001000111010 #
0!
#95405
b1101001010111 #
1!
#95410
b11110001111001 #
0!
#95415
b1110100101001111 #
1!
#95420
b1101000000110111 #
0!
#95425
b1011111110010100 #
1!
#95430
b100100000101110 #
0!
#95435
b1101011000011 #
1!
#95440
b110000100101 #
0!
#95445
b1100000111100011 #
1!
#95450
b101101011010100 #
0!
#95455
b1010011010000001 #
1!
#95460
b1011010000101111 #
0!
#95465
b1100101110110001 #
1!
#95470
b11000010111101 #
0!
#95475
b1101010001101 #
1!
#95480
b1110010101100111 #
0!
#95485
b100101101001110 #
1!
#95490
b100001000001111 #
0!
#95495
b1100000010101011 #
1!
#95500
b111100000101111 #
0!
#95505
b110101110100101 #
1!
#95510
b1100111010001001 #
0!
#95515
b1010010011101000 #
1!
#95520
b101110111111 #
0!
#95525
b1011111011011 #
1!
#95530
b1101000111001100 #
0!
#95535
b1001010010000100 #
1!
#95540
b1111101001101011 #
0!
#95545
b1111110000101011 #
1!
#95550
b1010010000 #
0!
#95555
b1101101011010 #
1!
#95560
b110000111100110 #
0!
#95565
b1000011111100010 #
1!
#95570
b1110010011001000 #
0!
#95575
b1000010101100101 #
1!
#95580
b1110001000101 #
0!
#95585
b1110000111001001 #
1!
#95590
b1010111000101011 #
0!
#95595
b1101101101100100 #
1!
#95600
b1100011111101010 #
0!
#95605
b1111100111011100 #
1!
#95610
b110000000010010 #
0!
#95615
b1110111101010110 #
1!
#95620
b1011110000011010 #
0!
#95625
b111100010011001 #
1!
#95630
b1011001100110011 #
0!
#95635
b100011011000001 #
1!
#95640
b1101101110001 #
0!
#95645
b1100111111010111 #
1!
#95650
b10001100100000 #
0!
#95655
b11001001111100 #
1!
#95660
b1011101011110000 #
0!
#95665
b10010001100100 #
1!
#95670
b1110110100001101 #
0!
#95675
b1011111011111110 #
1!
#95680
b11110111010111 #
0!
#95685
b110011101001101 #
1!
#95690
b110011001100 #
0!
#95695
b1011010111011100 #
1!
#95700
b1111101000000111 #
0!
#95705
b100001100101101 #
1!
#95710
b11111010001001 #
0!
#95715
b1010000001110111 #
1!
#95720
b111000101001 #
0!
#95725
b10001101010010 #
1!
#95730
b1111110100100100 #
0!
#95735
b1100111110001110 #
1!
#95740
b101011001000101 #
0!
#95745
b11010000010000 #
1!
#95750
b1000011010110011 #
0!
#95755
b100110010110001 #
1!
#95760
b111000100001100 #
0!
#95765
b110000100101001 #
1!
#95770
b1101010000100110 #
0!
#95775
b1110010001000100 #
1!
#95780
b1011010110001010 #
0!
#95785
b101100010000110 #
1!
#95790
b1010011001110010 #
0!
#95795
b10010000010111 #
1!
#95800
b100000001110110 #
0!
#95805
b1000001100111000 #
1!
#95810
b111010101010100 #
0!
#95815
b101011000110111 #
1!
#95820
b1110111111011001 #
0!
#95825
b111000000100 #
1!
#95830
b111110100010000 #
0!
#95835
b1000011100001111 #
1!
#95840
b101111101001100 #
0!
#95845
b1110100001011010 #
1!
#95850
b1011101000101110 #
0!
#95855
b1000001101101101 #
1!
#95860
b1110101001101101 #
0!
#95865
b1011100000000111 #
1!
#95870
b1110100110100111 #
0!
#95875
b1101010001111111 #
1!
#95880
b1010110011100110 #
0!
#95885
b1110111110010001 #
1!
#95890
b1000011110000101 #
0!
#95895
b1100101101101101 #
1!
#95900
b1000001010100001 #
0!
#95905
b1011011001101111 #
1!
#95910
b1100110101011111 #
0!
#95915
b110111110011111 #
1!
#95920
b101001101100 #
0!
#95925
b1111101000011011 #
1!
#95930
b1011101110110110 #
0!
#95935
b1000110001000010 #
1!
#95940
b1001110011000111 #
0!
#95945
b110011001000010 #
1!
#95950
b100010011110 #
0!
#95955
b1011001100110111 #
1!
#95960
b101011000010010 #
0!
#95965
b110011111100110 #
1!
#95970
b11010110111110 #
0!
#95975
b10101011101001 #
1!
#95980
b1001011010000 #
0!
#95985
b10100011010111 #
1!
#95990
b111101100001000 #
0!
#95995
b111100 #
1!
#96000
b111000000111100 #
0!
#96005
b1001100001011100 #
1!
#96010
b1101011100110011 #
0!
#96015
b1100011100 #
1!
#96020
b1100101011100000 #
0!
#96025
b101111101010000 #
1!
#96030
b10001101001 #
0!
#96035
b1011101111001001 #
1!
#96040
b11101001111000 #
0!
#96045
b1110110110100001 #
1!
#96050
b111111100011011 #
0!
#96055
b111011001111100 #
1!
#96060
b1001111110111010 #
0!
#96065
b110100010000001 #
1!
#96070
b1000010001111101 #
0!
#96075
b11111001111001 #
1!
#96080
b1001001001100010 #
0!
#96085
b1100001000011100 #
1!
#96090
b111110011111 #
0!
#96095
b1110010100100000 #
1!
#96100
b111010100010001 #
0!
#96105
b1010010100110011 #
1!
#96110
b1101101110010101 #
0!
#96115
b1110111100100101 #
1!
#96120
b101101001011110 #
0!
#96125
b111110001101111 #
1!
#96130
b110011010101010 #
0!
#96135
b1010110101111001 #
1!
#96140
b10011110110011 #
0!
#96145
b111010011000110 #
1!
#96150
b1110101000011110 #
0!
#96155
b10101011111101 #
1!
#96160
b111001000111011 #
0!
#96165
b111100111001010 #
1!
#96170
b110001101010111 #
0!
#96175
b11001110100011 #
1!
#96180
b1001101110011110 #
0!
#96185
b11011000110110 #
1!
#96190
b1000111100001010 #
0!
#96195
b101000100000011 #
1!
#96200
b1011100110110001 #
0!
#96205
b1100010011101 #
1!
#96210
b1110100001001110 #
0!
#96215
b1101000000001101 #
1!
#96220
b1010101111101100 #
0!
#96225
b100101101111100 #
1!
#96230
b1010101100010101 #
0!
#96235
b1100000011100101 #
1!
#96240
b110010111111 #
0!
#96245
b1011101110101010 #
1!
#96250
b1101010011111010 #
0!
#96255
b1110101110000101 #
1!
#96260
b11101010011111 #
0!
#96265
b1001101010001 #
1!
#96270
b1111011101101 #
0!
#96275
b1101110100111100 #
1!
#96280
b101000111101000 #
0!
#96285
b1100000101111001 #
1!
#96290
b11110011110 #
0!
#96295
b1110000010100100 #
1!
#96300
b10101001010111 #
0!
#96305
b1110111101010010 #
1!
#96310
b1100100000110111 #
0!
#96315
b1100100011 #
1!
#96320
b110010001011000 #
0!
#96325
b1000100000101110 #
1!
#96330
b110000001001100 #
0!
#96335
b1000010010110 #
1!
#96340
b101100111011010 #
0!
#96345
b11110010000010 #
1!
#96350
b1000101101111011 #
0!
#96355
b1001010100110011 #
1!
#96360
b10011111011110 #
0!
#96365
b111010110110110 #
1!
#96370
b1100000011000001 #
0!
#96375
b1101110101001000 #
1!
#96380
b1010011110000110 #
0!
#96385
b101110000101111 #
1!
#96390
b100001011100110 #
0!
#96395
b1111001111011111 #
1!
#96400
b111011011001100 #
0!
#96405
b1110001001011101 #
1!
#96410
b100100010100 #
0!
#96415
b1010001011110001 #
1!
#96420
b1111001010100010 #
0!
#96425
b1011000100110001 #
1!
#96430
b1101000111110010 #
0!
#96435
b111101100101110 #
1!
#96440
b11011110110111 #
0!
#96445
b11010111000100 #
1!
#96450
b1011101010101 #
0!
#96455
b1100010100000000 #
1!
#96460
b1111010001010 #
0!
#96465
b1001100110010100 #
1!
#96470
b1011111101110 #
0!
#96475
b1000110111010111 #
1!
#96480
b100011100010110 #
0!
#96485
b1100100000101110 #
1!
#96490
b1100110111111101 #
0!
#96495
b1010000001100001 #
1!
#96500
b100110111111 #
0!
#96505
b111001010010010 #
1!
#96510
b1111010101100110 #
0!
#96515
b1000101110111001 #
1!
#96520
b1000010011000000 #
0!
#96525
b110111 #
1!
#96530
b101101001010 #
0!
#96535
b1001100100110000 #
1!
#96540
b1001001011010100 #
0!
#96545
b1010000011111101 #
1!
#96550
b100100001101000 #
0!
#96555
b1101010110111101 #
1!
#96560
b1101000101001010 #
0!
#96565
b11101011100111 #
1!
#96570
b1010110101110100 #
0!
#96575
b101110111100 #
1!
#96580
b1001101101000011 #
0!
#96585
b1000000111111111 #
1!
#96590
b1111010110101011 #
0!
#96595
b1100011100000110 #
1!
#96600
b110101001011 #
0!
#96605
b1101100000100100 #
1!
#96610
b1001100111000011 #
0!
#96615
b101011011111010 #
1!
#96620
b1000010100 #
0!
#96625
b111001000111101 #
1!
#96630
b1101011010010111 #
0!
#96635
b1100011110011001 #
1!
#96640
b1100001110011 #
0!
#96645
b11100110000100 #
1!
#96650
b1010101010001011 #
0!
#96655
b1110000001001000 #
1!
#96660
b1010100001110010 #
0!
#96665
b1101100101011101 #
1!
#96670
b1100111000101100 #
0!
#96675
b11000001001100 #
1!
#96680
b1101001010010011 #
0!
#96685
b1011110110000010 #
1!
#96690
b1100001111111010 #
0!
#96695
b1010011110 #
1!
#96700
b110111000011000 #
0!
#96705
b1001111100100 #
1!
#96710
b1100000011001010 #
0!
#96715
b110010000101010 #
1!
#96720
b1101001110011 #
0!
#96725
b1100010100010000 #
1!
#96730
b1100001111010111 #
0!
#96735
b10000100010110 #
1!
#96740
b11001110011111 #
0!
#96745
b111111101111100 #
1!
#96750
b1000011011010100 #
0!
#96755
b1100010100100111 #
1!
#96760
b1101001010011001 #
0!
#96765
b1010110110001001 #
1!
#96770
b1000100000010111 #
0!
#96775
b1001101011011000 #
1!
#96780
b1101011010110000 #
0!
#96785
b111110110010111 #
1!
#96790
b10000111100 #
0!
#96795
b1011000001000010 #
1!
#96800
b1101101111100100 #
0!
#96805
b1101101100000110 #
1!
#96810
b1111011001010001 #
0!
#96815
b1100111001100110 #
1!
#96820
b11100000001110 #
0!
#96825
b110111001110011 #
1!
#96830
b1101011100111 #
0!
#96835
b1000010011111010 #
1!
#96840
b1000000001001 #
0!
#96845
b1010100100010001 #
1!
#96850
b1110101000011001 #
0!
#96855
b1111001000100 #
1!
#96860
b11101110001011 #
0!
#96865
b1011010001111001 #
1!
#96870
b1010011111110100 #
0!
#96875
b1010011000101011 #
1!
#96880
b101010111110111 #
0!
#96885
b111110110110110 #
1!
#96890
b100011000110101 #
0!
#96895
b1110100100000110 #
1!
#96900
b1011101111010001 #
0!
#96905
b1010110000000100 #
1!
#96910
b1000101111100100 #
0!
#96915
b111001001001011 #
1!
#96920
b1000100000010010 #
0!
#96925
b1011001011110111 #
1!
#96930
b1110101010110011 #
0!
#96935
b1000111010111000 #
1!
#96940
b1001101000010110 #
0!
#96945
b1011011110000011 #
1!
#96950
b1010010110100010 #
0!
#96955
b100100100000011 #
1!
#96960
b1000110001010101 #
0!
#96965
b1010101010100000 #
1!
#96970
b1011010111100010 #
0!
#96975
b110111110101111 #
1!
#96980
b1011100110101000 #
0!
#96985
b11011111111010 #
1!
#96990
b1101010001100111 #
0!
#96995
b1000101000101001 #
1!
#97000
b11111001001110 #
0!
#97005
b1100011001110111 #
1!
#97010
b1000010000101001 #
0!
#97015
b1110101010101100 #
1!
#97020
b1111011101011111 #
0!
#97025
b1000011111101001 #
1!
#97030
b1111110010000101 #
0!
#97035
b1001100000011101 #
1!
#97040
b111111011111110 #
0!
#97045
b110010011010100 #
1!
#97050
b11110010111100 #
0!
#97055
b110000001101011 #
1!
#97060
b11001011100111 #
0!
#97065
b101010001011 #
1!
#97070
b1111110100001000 #
0!
#97075
b1101000110000101 #
1!
#97080
b10111010011100 #
0!
#97085
b1110011110001110 #
1!
#97090
b1011101100110100 #
0!
#97095
b11001010010000 #
1!
#97100
b100111111110011 #
0!
#97105
b10001101111001 #
1!
#97110
b1011001001000100 #
0!
#97115
b1001001001100100 #
1!
#97120
b10111000101011 #
0!
#97125
b1010101101010101 #
1!
#97130
b1110000000001000 #
0!
#97135
b1011111111101111 #
1!
#97140
b10100101001100 #
0!
#97145
b10110010110011 #
1!
#97150
b100110111 #
0!
#97155
b100000010011000 #
1!
#97160
b101110100000100 #
0!
#97165
b1001101011101 #
1!
#97170
b1000110111100001 #
0!
#97175
b110010000110111 #
1!
#97180
b1010001110111110 #
0!
#97185
b1000100011111010 #
1!
#97190
b1100010111010100 #
0!
#97195
b11100110110110 #
1!
#97200
b1001100000101011 #
0!
#97205
b111110101111000 #
1!
#97210
b1010000111010010 #
0!
#97215
b1000100011111110 #
1!
#97220
b1001101011101001 #
0!
#97225
b1001100010011011 #
1!
#97230
b1101111000100100 #
0!
#97235
b1101110001000000 #
1!
#97240
b1100010110010101 #
0!
#97245
b100101010000100 #
1!
#97250
b1111110001110000 #
0!
#97255
b1000010000101101 #
1!
#97260
b1111001111101101 #
0!
#97265
b1011110010001100 #
1!
#97270
b11001001010100 #
0!
#97275
b1000110001000110 #
1!
#97280
b1100000101000100 #
0!
#97285
b1101101101000010 #
1!
#97290
b111110111000110 #
0!
#97295
b1011110111001001 #
1!
#97300
b1000100111111101 #
0!
#97305
b101001111110100 #
1!
#97310
b1001101110011000 #
0!
#97315
b1010011101011111 #
1!
#97320
b110101001000110 #
0!
#97325
b1000111110000110 #
1!
#97330
b11000110010 #
0!
#97335
b1001000100011111 #
1!
#97340
b11111011001011 #
0!
#97345
b1011101000001001 #
1!
#97350
b1111101111110001 #
0!
#97355
b1000101000000000 #
1!
#97360
b1010001110010101 #
0!
#97365
b1100010111001011 #
1!
#97370
b111011000010110 #
0!
#97375
b101111101001110 #
1!
#97380
b1111001011011000 #
0!
#97385
b101100001011000 #
1!
#97390
b11001011010111 #
0!
#97395
b1001101000111110 #
1!
#97400
b100101011010110 #
0!
#97405
b1101111100100111 #
1!
#97410
b1010110001110001 #
0!
#97415
b1000100100110101 #
1!
#97420
b1000011110100011 #
0!
#97425
b1000011101100100 #
1!
#97430
b10000011000000 #
0!
#97435
b11010111100011 #
1!
#97440
b100000011110100 #
0!
#97445
b11101110011100 #
1!
#97450
b1000101001010110 #
0!
#97455
b110110010111001 #
1!
#97460
b1101100110111000 #
0!
#97465
b1010100110101100 #
1!
#97470
b1010011110000011 #
0!
#97475
b1011101111101011 #
1!
#97480
b110011010101000 #
0!
#97485
b11101011001100 #
1!
#97490
b1110111101000101 #
0!
#97495
b110110101110110 #
1!
#97500
b1100101010011111 #
0!
#97505
b1111100001010 #
1!
#97510
b1010001110100011 #
0!
#97515
b1000110101100010 #
1!
#97520
b1001110011001111 #
0!
#97525
b11110100001110 #
1!
#97530
b1011101001011110 #
0!
#97535
b1110011011000100 #
1!
#97540
b11101010101011 #
0!
#97545
b100011001111101 #
1!
#97550
b1111010001110110 #
0!
#97555
b100110011010 #
1!
#97560
b1100000010101100 #
0!
#97565
b1010001011011101 #
1!
#97570
b1100110001111101 #
0!
#97575
b11110100100110 #
1!
#97580
b101010101001 #
0!
#97585
b1000000001000010 #
1!
#97590
b111111100101001 #
0!
#97595
b1000111111001001 #
1!
#97600
b1011001000001001 #
0!
#97605
b1100110010101101 #
1!
#97610
b11100101010 #
0!
#97615
b1100110100010100 #
1!
#97620
b1100101110000 #
0!
#97625
b10111001100010 #
1!
#97630
b10000010101001 #
0!
#97635
b1000000000000100 #
1!
#97640
b101010100110101 #
0!
#97645
b1011100100001 #
1!
#97650
b100100001111001 #
0!
#97655
b1111011100100101 #
1!
#97660
b100011101001100 #
0!
#97665
b1011000110001100 #
1!
#97670
b1011100001101011 #
0!
#97675
b11110110011000 #
1!
#97680
b1000011011100000 #
0!
#97685
b1110011110011000 #
1!
#97690
b111000110111001 #
0!
#97695
b1111110011101 #
1!
#97700
b111001101010011 #
0!
#97705
b110010001011101 #
1!
#97710
b10100000001111 #
0!
#97715
b10010011000111 #
1!
#97720
b10011111011111 #
0!
#97725
b1001011100100100 #
1!
#97730
b101111100010000 #
0!
#97735
b1001111101010100 #
1!
#97740
b111111010001111 #
0!
#97745
b1010101100000001 #
1!
#97750
b100111111101100 #
0!
#97755
b1001100111100011 #
1!
#97760
b1010011000111 #
0!
#97765
b1000110111011100 #
1!
#97770
b1111010111101110 #
0!
#97775
b1101101000000011 #
1!
#97780
b100100100010001 #
0!
#97785
b1110010100110111 #
1!
#97790
b101001110101 #
0!
#97795
b1111011111001000 #
1!
#97800
b11001101101110 #
0!
#97805
b10010010001111 #
1!
#97810
b1000001101000 #
0!
#97815
b11001111101111 #
1!
#97820
b1011001011011100 #
0!
#97825
b111001010110011 #
1!
#97830
b100000001111110 #
0!
#97835
b1001111110110110 #
1!
#97840
b110000001001001 #
0!
#97845
b1011111011011001 #
1!
#97850
b1001010101101101 #
0!
#97855
b10011110100 #
1!
#97860
b1001101010110110 #
0!
#97865
b1011001111100011 #
1!
#97870
b1100101001100110 #
0!
#97875
b1111001010001111 #
1!
#97880
b111110110101101 #
0!
#97885
b1011110110010010 #
1!
#97890
b101111111011110 #
0!
#97895
b1011001011101111 #
1!
#97900
b1110001011011010 #
0!
#97905
b11100010000 #
1!
#97910
b1000110000011100 #
0!
#97915
b101000101110001 #
1!
#97920
b110011011101011 #
0!
#97925
b111110110100011 #
1!
#97930
b101000010000010 #
0!
#97935
b1001101110001100 #
1!
#97940
b110100101111111 #
0!
#97945
b1100110111100000 #
1!
#97950
b110011000000111 #
0!
#97955
b1101110101101 #
1!
#97960
b101001111 #
0!
#97965
b110000100111001 #
1!
#97970
b100101011100001 #
0!
#97975
b1111101101100 #
1!
#97980
b111101010000 #
0!
#97985
b110010100111100 #
1!
#97990
b11011011001101 #
0!
#97995
b1011000000101001 #
1!
#98000
b10101100000101 #
0!
#98005
b1100011101011011 #
1!
#98010
b10100011111001 #
0!
#98015
b1001110010110110 #
1!
#98020
b1011001110110110 #
0!
#98025
b11000110010011 #
1!
#98030
b1101111111111010 #
0!
#98035
b111000000010110 #
1!
#98040
b1100001111001110 #
0!
#98045
b1000111010110 #
1!
#98050
b1101000111010100 #
0!
#98055
b111011011111011 #
1!
#98060
b11011100000111 #
0!
#98065
b1001000101111001 #
1!
#98070
b11110110000100 #
0!
#98075
b1011101100001011 #
1!
#98080
b1010100110101010 #
0!
#98085
b1001110110010110 #
1!
#98090
b1111100000010 #
0!
#98095
b101010001001 #
1!
#98100
b111100010010110 #
0!
#98105
b1110001010101101 #
1!
#98110
b11000000111001 #
0!
#98115
b1111000010000011 #
1!
#98120
b1011111101001100 #
0!
#98125
b1100110101011001 #
1!
#98130
b1111001011101101 #
0!
#98135
b1011101100001111 #
1!
#98140
b101101010100100 #
0!
#98145
b1000011101111110 #
1!
#98150
b1001110100000000 #
0!
#98155
b111000010110111 #
1!
#98160
b1110010010000011 #
0!
#98165
b1111111010111100 #
1!
#98170
b10111000010010 #
0!
#98175
b1110010110101011 #
1!
#98180
b1011101000101010 #
0!
#98185
b1101111010001000 #
1!
#98190
b110000011111111 #
0!
#98195
b1001110011010101 #
1!
#98200
b1111100001110001 #
0!
#98205
b1001010110110101 #
1!
#98210
b1011000100010111 #
0!
#98215
b1110100001010111 #
1!
#98220
b111100010001101 #
0!
#98225
b100101011011101 #
1!
#98230
b101101010101000 #
0!
#98235
b1101010010100011 #
1!
#98240
b1101101110110001 #
0!
#98245
b1110110001100011 #
1!
#98250
b101101111000001 #
0!
#98255
b10101010101111 #
1!
#98260
b111100100101011 #
0!
#98265
b10100010000110 #
1!
#98270
b110110110011101 #
0!
#98275
b111011101110001 #
1!
#98280
b110110001001111 #
0!
#98285
b110100101000000 #
1!
#98290
b101011001101 #
0!
#98295
b10000100001 #
1!
#98300
b1001010011001001 #
0!
#98305
b1101101101100011 #
1!
#98310
b111010101110100 #
0!
#98315
b1110001001111011 #
1!
#98320
b1000111110101100 #
0!
#98325
b110011110110110 #
1!
#98330
b1010001010101000 #
0!
#98335
b1101101101110101 #
1!
#98340
b1011001011100010 #
0!
#98345
b1011111001110100 #
1!
#98350
b101010101100011 #
0!
#98355
b111101010100000 #
1!
#98360
b1111000111100 #
0!
#98365
b100100100001111 #
1!
#98370
b1100000010 #
0!
#98375
b110110111000 #
1!
#98380
b1010110011011010 #
0!
#98385
b11010101110110 #
1!
#98390
b1110101011000100 #
0!
#98395
b1001110110000000 #
1!
#98400
b1111110100100101 #
0!
#98405
b110111111001110 #
1!
#98410
b100101001000 #
0!
#98415
b1111100010001001 #
1!
#98420
b110100100001001 #
0!
#98425
b1001111011101001 #
1!
#98430
b1011001111100 #
0!
#98435
b1010101111110100 #
1!
#98440
b101110111010 #
0!
#98445
b11010101011010 #
1!
#98450
b1001010111111001 #
0!
#98455
b111000100 #
1!
#98460
b1100000110101000 #
0!
#98465
b101110001110011 #
1!
#98470
b1011101101000011 #
0!
#98475
b10111101010 #
1!
#98480
b10100011100010 #
0!
#98485
b10111 #
1!
#98490
b1000100011100001 #
0!
#98495
b1000001010001001 #
1!
#98500
b1001101110100110 #
0!
#98505
b1100110110100100 #
1!
#98510
b1011011011001100 #
0!
#98515
b100110100001 #
1!
#98520
b11010001001111 #
0!
#98525
b10110111011001 #
1!
#98530
b1100001000101011 #
0!
#98535
b1110000110101011 #
1!
#98540
b1101000101010100 #
0!
#98545
b100111100010100 #
1!
#98550
b1110100111001010 #
0!
#98555
b1011001000100 #
1!
#98560
b111110100010 #
0!
#98565
b1111010110001 #
1!
#98570
b10010001011010 #
0!
#98575
b111100101111011 #
1!
#98580
b100100011110011 #
0!
#98585
b100010111101110 #
1!
#98590
b11001011010111 #
0!
#98595
b1001000111100011 #
1!
#98600
b1001100101101001 #
0!
#98605
b11001000100111 #
1!
#98610
b1000110100100001 #
0!
#98615
b1010110011110001 #
1!
#98620
b1101110100100100 #
0!
#98625
b111111001010 #
1!
#98630
b111001000111011 #
0!
#98635
b1101010011010001 #
1!
#98640
b1011000111111101 #
0!
#98645
b1100100011001010 #
1!
#98650
b1101110100011011 #
0!
#98655
b1101101000111000 #
1!
#98660
b111001100110110 #
0!
#98665
b101011111010 #
1!
#98670
b1000100010010111 #
0!
#98675
b100010001011011 #
1!
#98680
b11100001000000 #
0!
#98685
b100001000100001 #
1!
#98690
b1111010001011101 #
0!
#98695
b110001010010111 #
1!
#98700
b1110010101011001 #
0!
#98705
b1001101100100001 #
1!
#98710
b101100001100110 #
0!
#98715
b100000011100111 #
1!
#98720
b1000000111111 #
0!
#98725
b1111111100000010 #
1!
#98730
b1011000111110001 #
0!
#98735
b1010100111000001 #
1!
#98740
b1100010100110 #
0!
#98745
b1110001000011 #
1!
#98750
b1011110001100111 #
0!
#98755
b10011101101110 #
1!
#98760
b1011110110000 #
0!
#98765
b101111001000100 #
1!
#98770
b1111011000101111 #
0!
#98775
b11001111011 #
1!
#98780
b1110100100010110 #
0!
#98785
b1111000000011110 #
1!
#98790
b1001100011100100 #
0!
#98795
b101011001010101 #
1!
#98800
b10101001001110 #
0!
#98805
b1100000111001101 #
1!
#98810
b1010001111101101 #
0!
#98815
b1110000010101001 #
1!
#98820
b11100101001010 #
0!
#98825
b111100111110001 #
1!
#98830
b1100110111011010 #
0!
#98835
b11001110101000 #
1!
#98840
b10111000011110 #
0!
#98845
b1000011000001110 #
1!
#98850
b1001010010011101 #
0!
#98855
b1001011010111001 #
1!
#98860
b1110100000111110 #
0!
#98865
b1010010011111 #
1!
#98870
b11011111111100 #
0!
#98875
b1100010111011 #
1!
#98880
b1110000111 #
0!
#98885
b111111001110 #
1!
#98890
b1010111101000001 #
0!
#98895
b1000011001101110 #
1!
#98900
b1101011011010111 #
0!
#98905
b10001100110001 #
1!
#98910
b1011100010011111 #
0!
#98915
b110101100011011 #
1!
#98920
b1000010101011000 #
0!
#98925
b1011101001100000 #
1!
#98930
b1100111001000001 #
0!
#98935
b1001100001011 #
1!
#98940
b1110010101010001 #
0!
#98945
b1110111011 #
1!
#98950
b11000001111110 #
0!
#98955
b1000100011110010 #
1!
#98960
b1001010010011111 #
0!
#98965
b1110100000111001 #
1!
#98970
b1101011000100101 #
0!
#98975
b1001100011011100 #
1!
#98980
b1111000010010010 #
0!
#98985
b1011010011101 #
1!
#98990
b111111101100001 #
0!
#98995
b1101000010111100 #
1!
#99000
b1010001110001 #
0!
#99005
b1111101111011101 #
1!
#99010
b1010010100101000 #
0!
#99015
b111101000100111 #
1!
#99020
b1101110101010001 #
0!
#99025
b1011111000100101 #
1!
#99030
b1000010010100111 #
0!
#99035
b1010001001100111 #
1!
#99040
b1110010110000001 #
0!
#99045
b100111100110111 #
1!
#99050
b1101110110011 #
0!
#99055
b1011101101110 #
1!
#99060
b1000011100110000 #
0!
#99065
b101100010010110 #
1!
#99070
b10001010100111 #
0!
#99075
b110000111001000 #
1!
#99080
b1110001110100100 #
0!
#99085
b100011101001000 #
1!
#99090
b1100110110001 #
0!
#99095
b1100111100100010 #
1!
#99100
b1101000110011111 #
0!
#99105
b100011010000111 #
1!
#99110
b11011011111111 #
0!
#99115
b110101001111101 #
1!
#99120
b1110111100110000 #
0!
#99125
b100000000111110 #
1!
#99130
b111101011001001 #
0!
#99135
b10101010 #
1!
#99140
b1001100010110101 #
0!
#99145
b1110011110101000 #
1!
#99150
b1010001110110011 #
0!
#99155
b1110100100001 #
1!
#99160
b1110101000110110 #
0!
#99165
b1001111111100110 #
1!
#99170
b10011101110010 #
0!
#99175
b110011001110 #
1!
#99180
b1100000111011010 #
0!
#99185
b1001100111100110 #
1!
#99190
b100010100111010 #
0!
#99195
b1101110111101100 #
1!
#99200
b1011011110100111 #
0!
#99205
b1011111001111010 #
1!
#99210
b1111100011101010 #
0!
#99215
b101011110000100 #
1!
#99220
b10011001010101 #
0!
#99225
b1011111011101001 #
1!
#99230
b1111110101100010 #
0!
#99235
b11010101101 #
1!
#99240
b11000001010001 #
0!
#99245
b1111011101 #
1!
#99250
b1101000000010000 #
0!
#99255
b11100100011010 #
1!
#99260
b1010110111000001 #
0!
#99265
b1011100111111111 #
1!
#99270
b1010111100010111 #
0!
#99275
b1111101000100011 #
1!
#99280
b11100110111010 #
0!
#99285
b1100101100100101 #
1!
#99290
b1001000100011001 #
0!
#99295
b1011011000000 #
1!
#99300
b11000001010100 #
0!
#99305
b1110010001010111 #
1!
#99310
b11010100001100 #
0!
#99315
b1101010111001 #
1!
#99320
b1011000011100110 #
0!
#99325
b111001010010101 #
1!
#99330
b1011000100111 #
0!
#99335
b101000001110100 #
1!
#99340
b1001010100010100 #
0!
#99345
b1010001110101010 #
1!
#99350
b111001101000001 #
0!
#99355
b1100011010100100 #
1!
#99360
b111100011110001 #
0!
#99365
b110000111101100 #
1!
#99370
b100010011000000 #
0!
#99375
b100010001001101 #
1!
#99380
b1011011111100100 #
0!
#99385
b101010100111010 #
1!
#99390
b100100101101000 #
0!
#99395
b101101101010111 #
1!
#99400
b110111110001111 #
0!
#99405
b1110111100011000 #
1!
#99410
b1111100000100101 #
0!
#99415
b101010100100110 #
1!
#99420
b111100101110001 #
0!
#99425
b101101100111000 #
1!
#99430
b1001010000101110 #
0!
#99435
b11110001101000 #
1!
#99440
b111001101101110 #
0!
#99445
b1000001101001101 #
1!
#99450
b1010010001010 #
0!
#99455
b1101111010101000 #
1!
#99460
b1011100100000111 #
0!
#99465
b1001010000100 #
1!
#99470
b11100101100011 #
0!
#99475
b1100100111000000 #
1!
#99480
b110011001101111 #
0!
#99485
b111100001110010 #
1!
#99490
b111100100101100 #
0!
#99495
b100010010111000 #
1!
#99500
b101100000110111 #
0!
#99505
b1101110011010011 #
1!
#99510
b1001100000000 #
0!
#99515
b101111100111110 #
1!
#99520
b10101111001010 #
0!
#99525
b11000011111000 #
1!
#99530
b1101000111 #
0!
#99535
b1110010000111100 #
1!
#99540
b11011001101111 #
0!
#99545
b1110100110000 #
1!
#99550
b1100001011 #
0!
#99555
b110000110101111 #
1!
#99560
b1001110000001100 #
0!
#99565
b110000001110 #
1!
#99570
b1001001111110001 #
0!
#99575
b10000101001110 #
1!
#99580
b11010001100010 #
0!
#99585
b10110011011111 #
1!
#99590
b1110101001100011 #
0!
#99595
b10111100101001 #
1!
#99600
b1001110011110101 #
0!
#99605
b110101000101111 #
1!
#99610
b101011001011 #
0!
#99615
b101011011000001 #
1!
#99620
b11000101011101 #
0!
#99625
b111000010100010 #
1!
#99630
b1010101001100101 #
0!
#99635
b10011011000111 #
1!
#99640
b110100110111 #
0!
#99645
b1010110000011010 #
1!
#99650
b100100110011101 #
0!
#99655
b1110100100001101 #
1!
#99660
b110001110000 #
0!
#99665
b100100001011010 #
1!
#99670
b10000101110001 #
0!
#99675
b1010100111000011 #
1!
#99680
b1100110000010111 #
0!
#99685
b11000000100011 #
1!
#99690
b10111011001011 #
0!
#99695
b11010010011101 #
1!
#99700
b1010011110000010 #
0!
#99705
b1001100001010 #
1!
#99710
b10111001010100 #
0!
#99715
b1011111110001 #
1!
#99720
b1011101011101001 #
0!
#99725
b101100111100110 #
1!
#99730
b1001101010101100 #
0!
#99735
b1001101101110101 #
1!
#99740
b1110000000111101 #
0!
#99745
b10111100111010 #
1!
#99750
b1011001010001101 #
0!
#99755
b1100111110011011 #
1!
#99760
b1011011001110000 #
0!
#99765
b1000001001011010 #
1!
#99770
b110111111000010 #
0!
#99775
b111111001000010 #
1!
#99780
b1001100011011110 #
0!
#99785
b1111111110111101 #
1!
#99790
b1000110101110110 #
0!
#99795
b11001010111011 #
1!
#99800
b1010001000011111 #
0!
#99805
b1000001000100 #
1!
#99810
b1000101111001111 #
0!
#99815
b11101011000011 #
1!
#99820
b1011000011100101 #
0!
#99825
b1110001011010000 #
1!
#99830
b1010000001001000 #
0!
#99835
b1010001110010101 #
1!
#99840
b101111100110110 #
0!
#99845
b110000100001001 #
1!
#99850
b1100101111001101 #
0!
#99855
b11001110010011 #
1!
#99860
b11110100010 #
0!
#99865
b11100110011110 #
1!
#99870
b1100100100000101 #
0!
#99875
b111110010110110 #
1!
#99880
b1100100111000001 #
0!
#99885
b1101010111100101 #
1!
#99890
b1010011001000 #
0!
#99895
b1100011101010100 #
1!
#99900
b111110010100100 #
0!
#99905
b110000000100110 #
1!
#99910
b1110100000111101 #
0!
#99915
b10000001001011 #
1!
#99920
b1100000101111000 #
0!
#99925
b1100101101111000 #
1!
#99930
b100010110001110 #
0!
#99935
b101010100111100 #
1!
#99940
b1111000000001011 #
0!
#99945
b1011111101111000 #
1!
#99950
b1110000110110101 #
0!
#99955
b1111000011011100 #
1!
#99960
b10100001111101 #
0!
#99965
b1010010110111101 #
1!
#99970
b11101101001110 #
0!
#99975
b11111011111111 #
1!
#99980
b100010010110101 #
0!
#99985
b1010110001011110 #
1!
#99990
b1000111111110001 #
0!
#99995
b100101101101011 #
1!
#100000
b1101111111111011 #
0!
#100005
b1100000001011110 #
1!
#100010
b1101100100001001 #
0!
#100015
b1110001000011010 #
1!
#100020
b101011001001010 #
0!
#100025
b1000111001011110 #
1!
#100030
b1101010010010111 #
0!
#100035
b1001000011101011 #
1!
#100040
b1100010010100111 #
0!
#100045
b1000000101100011 #
1!
#100050
b1111110111101100 #
0!
#100055
b1010001001111100 #
1!
#100060
b100100110010 #
0!
#100065
b1100010100010111 #
1!
#100070
b1001000110111000 #
0!
#100075
b10001100011100 #
1!
#100080
b1011101100011101 #
0!
#100085
b100001001001000 #
1!
#100090
b1000100010000101 #
0!
#100095
b1101110010010101 #
1!
#100100
b11100001011100 #
0!
#100105
b1010110000001101 #
1!
#100110
b1010001111110111 #
0!
#100115
b101111011000111 #
1!
#100120
b1001111000011111 #
0!
#100125
b110100101101101 #
1!
#100130
b101101011011111 #
0!
#100135
b1111001010111110 #
1!
#100140
b1100100011110100 #
0!
#100145
b1010011011000110 #
1!
#100150
b1110110110001111 #
0!
#100155
b1010010101010111 #
1!
#100160
b101000010110011 #
0!
#100165
b101001111101111 #
1!
#100170
b101010101110000 #
0!
#100175
b100001000000101 #
1!
#100180
b1001011111101111 #
0!
#100185
b1010101001110 #
1!
#100190
b100111000111100 #
0!
#100195
b101011111011000 #
1!
#100200
b1011001000100111 #
0!
#100205
b101110111010100 #
1!
#100210
b101011011111000 #
0!
#100215
b10110001011000 #
1!
#100220
b1000010101110111 #
0!
#100225
b101011100011100 #
1!
#100230
b1010011000000000 #
0!
#100235
b1101001101001101 #
1!
#100240
b1010010111101010 #
0!
#100245
b1110110010100010 #
1!
#100250
b11111100110110 #
0!
#100255
b1010000001110 #
1!
#100260
b111000001000000 #
0!
#100265
b1100101001010001 #
1!
#100270
b1101011011001001 #
0!
#100275
b111101001101110 #
1!
#100280
b10101001101 #
0!
#100285
b101110001010001 #
1!
#100290
b1110110001111101 #
0!
#100295
b101010011010111 #
1!
#100300
b11110010110010 #
0!
#100305
b1101000101100001 #
1!
#100310
b1011110011111110 #
0!
#100315
b1010111011000010 #
1!
#100320
b1011001100100100 #
0!
#100325
b1001010011111 #
1!
#100330
b100001000101100 #
0!
#100335
b101000000000010 #
1!
#100340
b1100011111111100 #
0!
#100345
b1100101100010000 #
1!
#100350
b11100011011101 #
0!
#100355
b1100110100011011 #
1!
#100360
b1001000101000011 #
0!
#100365
b110101011000001 #
1!
#100370
b1111000000110 #
0!
#100375
b110100000101001 #
1!
#100380
b1111000011111110 #
0!
#100385
b1100011011001 #
1!
#100390
b10111011001010 #
0!
#100395
b11010101110001 #
1!
#100400
b111111111011110 #
0!
#100405
b1100010101110111 #
1!
#100410
b110001001100111 #
0!
#100415
b1111101000111111 #
1!
#100420
b1001100100011111 #
0!
#100425
b1100110101110 #
1!
#100430
b111100001110010 #
0!
#100435
b100100000011010 #
1!
#100440
b101101011000110 #
0!
#100445
b1000001101111111 #
1!
#100450
b1110110101011110 #
0!
#100455
b110100111110111 #
1!
#100460
b1010000011110100 #
0!
#100465
b10110100011111 #
1!
#100470
b1111101011010001 #
0!
#100475
b110011001101011 #
1!
#100480
b10010001010 #
0!
#100485
b1001101011 #
1!
#100490
b1001111010100001 #
0!
#100495
b1000110010010 #
1!
#100500
b1110011011010101 #
0!
#100505
b1011001011011001 #
1!
#100510
b1001010100011100 #
0!
#100515
b1111000010101011 #
1!
#100520
b101111101110110 #
0!
#100525
b1010011111001100 #
1!
#100530
b101100001100110 #
0!
#100535
b101010100001001 #
1!
#100540
b100110101001001 #
0!
#100545
b101010001011 #
1!
#100550
b10010010001000 #
0!
#100555
b100011101110101 #
1!
#100560
b100100001110010 #
0!
#100565
b1100110011001110 #
1!
#100570
b1111011100010111 #
0!
#100575
b1001001010010110 #
1!
#100580
b1011000101011001 #
0!
#100585
b1001011000101000 #
1!
#100590
b1000110011101101 #
0!
#100595
b1100011001110001 #
1!
#100600
b1010000111000000 #
0!
#100605
b1101011000100110 #
1!
#100610
b101111111101110 #
0!
#100615
b10110010100011 #
1!
#100620
b1111010010110111 #
0!
#100625
b1011011010001011 #
1!
#100630
b1010101001010010 #
0!
#100635
b1101000001101011 #
1!
#100640
b100011110011010 #
0!
#100645
b10001001100110 #
1!
#100650
b110110001101001 #
0!
#100655
b1000000100010010 #
1!
#100660
b1111011111010110 #
0!
#100665
b1100100001111010 #
1!
#100670
b101111101010010 #
0!
#100675
b1100011011010110 #
1!
#100680
b1110010110100 #
0!
#100685
b1001010110000 #
1!
#100690
b10011111 #
0!
#100695
b1111000111101001 #
1!
#100700
b1001100111010011 #
0!
#100705
b10110000001000 #
1!
#100710
b1000101001011111 #
0!
#100715
b11010011110 #
1!
#100720
b1010011001 #
0!
#100725
b10111001001 #
1!
#100730
b1111110001111100 #
0!
#100735
b1101101101011100 #
1!
#100740
b1011100001000110 #
0!
#100745
b100010001011001 #
1!
#100750
b111111110001 #
0!
#100755
b1111001001101010 #
1!
#100760
b1101011111101011 #
0!
#100765
b101101110001100 #
1!
#100770
b11111111010010 #
0!
#100775
b1001111100111010 #
1!
#100780
b11011011110010 #
0!
#100785
b111000111000101 #
1!
#100790
b1100100110000111 #
0!
#100795
b1110101000110100 #
1!
#100800
b111100010000000 #
0!
#100805
b111001010111110 #
1!
#100810
b1010100101010110 #
0!
#100815
b1010000110110110 #
1!
#100820
b1111011101010011 #
0!
#100825
b111001011001 #
1!
#100830
b1001101110010000 #
0!
#100835
b100110001000011 #
1!
#100840
b1100101101100110 #
0!
#100845
b1010111100111111 #
1!
#100850
b1100001110011 #
0!
#100855
b11101110010011 #
1!
#100860
b1101001000001100 #
0!
#100865
b1000000010111101 #
1!
#100870
b110001000110000 #
0!
#100875
b111100110001001 #
1!
#100880
b1010110010111001 #
0!
#100885
b110110010011111 #
1!
#100890
b111000000000011 #
0!
#100895
b1101000110110000 #
1!
#100900
b1011000000110110 #
0!
#100905
b10010101110101 #
1!
#100910
b1011101100 #
0!
#100915
b1101000101011011 #
1!
#100920
b1111110101101101 #
0!
#100925
b111100001111 #
1!
#100930
b1001000111100101 #
0!
#100935
b1100001111110001 #
1!
#100940
b110101010010011 #
0!
#100945
b101101010000110 #
1!
#100950
b101100100101010 #
0!
#100955
b1011001010001110 #
1!
#100960
b1001101011100011 #
0!
#100965
b1111010010110110 #
1!
#100970
b101011101110011 #
0!
#100975
b110111110001001 #
1!
#100980
b1110011010011000 #
0!
#100985
b1000010101110101 #
1!
#100990
b100010110100000 #
0!
#100995
b1000000111110001 #
1!
#101000
b110100001110000 #
0!
#101005
b111101101100011 #
1!
#101010
b1010001011011011 #
0!
#101015
b11011010101010 #
1!
#101020
b1111111101011110 #
0!
#101025
b1110101111 #
1!
#101030
b1010100010010010 #
0!
#101035
b1001101000101010 #
1!
#101040
b100011010110110 #
0!
#101045
b11010100000 #
1!
#101050
b101011101010101 #
0!
#101055
b111100110001011 #
1!
#101060
b1001100001110010 #
0!
#101065
b11001101000111 #
1!
#101070
b110010100000010 #
0!
#101075
b101111011101100 #
1!
#101080
b1001011100110 #
0!
#101085
b1111001000100101 #
1!
#101090
b101000000111100 #
0!
#101095
b1001011011010101 #
1!
#101100
b1000111010000000 #
0!
#101105
b111010000100000 #
1!
#101110
b101011010101111 #
0!
#101115
b10110110011001 #
1!
#101120
b1010110111011111 #
0!
#101125
b1010010010101010 #
1!
#101130
b111001100000001 #
0!
#101135
b1110111101101111 #
1!
#101140
b1100011111101010 #
0!
#101145
b10101101100110 #
1!
#101150
b110000100000011 #
0!
#101155
b110011100110111 #
1!
#101160
b1111011100101101 #
0!
#101165
b111100100011110 #
1!
#101170
b1001101000000101 #
0!
#101175
b1110001110100110 #
1!
#101180
b1101100101101 #
0!
#101185
b1011010101111011 #
1!
#101190
b110000011010100 #
0!
#101195
b110101111001110 #
1!
#101200
b1100111111100110 #
0!
#101205
b1100111000110101 #
1!
#101210
b1010101001001111 #
0!
#101215
b1101000110111011 #
1!
#101220
b111000100111000 #
0!
#101225
b111000000110011 #
1!
#101230
b11011100010001 #
0!
#101235
b1001101100100010 #
1!
#101240
b1011101101100 #
0!
#101245
b100001011100 #
1!
#101250
b1000001000100100 #
0!
#101255
b1100111001101 #
1!
#101260
b1010001110010111 #
0!
#101265
b1100000101111011 #
1!
#101270
b1100011001000001 #
0!
#101275
b101011011001111 #
1!
#101280
b1010111000001001 #
0!
#101285
b1000010000001111 #
1!
#101290
b1111111001111100 #
0!
#101295
b1111100100011 #
1!
#101300
b1001011010000011 #
0!
#101305
b1001011011 #
1!
#101310
b1110101011110011 #
0!
#101315
b1111110111000011 #
1!
#101320
b111010101110000 #
0!
#101325
b1010010010001011 #
1!
#101330
b10101011100 #
0!
#101335
b11110011011001 #
1!
#101340
b10011011010001 #
0!
#101345
b1001011001010110 #
1!
#101350
b1000011011111111 #
0!
#101355
b1110110100011001 #
1!
#101360
b100100100011100 #
0!
#101365
b1100011011011101 #
1!
#101370
b111000100001000 #
0!
#101375
b1101011111101000 #
1!
#101380
b11011111000001 #
0!
#101385
b1101111100110011 #
1!
#101390
b111101110101110 #
0!
#101395
b1000100001010110 #
1!
#101400
b110010001110 #
0!
#101405
b100110101011011 #
1!
#101410
b10001000100001 #
0!
#101415
b100110010010110 #
1!
#101420
b1010011010101101 #
0!
#101425
b11101100011010 #
1!
#101430
b1010010011000011 #
0!
#101435
b10111100000000 #
1!
#101440
b1010000101101101 #
0!
#101445
b1001010101110001 #
1!
#101450
b1111110010010110 #
0!
#101455
b1111110100111010 #
1!
#101460
b101010010011000 #
0!
#101465
b100100011010 #
1!
#101470
b1110011001100001 #
0!
#101475
b100000110011100 #
1!
#101480
b1110001110000011 #
0!
#101485
b111011011 #
1!
#101490
b1101110101111110 #
0!
#101495
b100100001101101 #
1!
#101500
b10001110011100 #
0!
#101505
b1010100000001110 #
1!
#101510
b1111111010000 #
0!
#101515
b1111000001001 #
1!
#101520
b1011001010100000 #
0!
#101525
b1110111100110001 #
1!
#101530
b1010010111001110 #
0!
#101535
b1000111010010011 #
1!
#101540
b1110111000111101 #
0!
#101545
b111110111011010 #
1!
#101550
b10110100100111 #
0!
#101555
b10011100111011 #
1!
#101560
b1111001001010100 #
0!
#101565
b1100000011011111 #
1!
#101570
b11001111110000 #
0!
#101575
b11000011000101 #
1!
#101580
b1001101010010000 #
0!
#101585
b1110010100010100 #
1!
#101590
b1111001111010010 #
0!
#101595
b1011100001010100 #
1!
#101600
b1000001110010001 #
0!
#101605
b1101010001110100 #
1!
#101610
b110100000111010 #
0!
#101615
b1000110100011110 #
1!
#101620
b10101010100 #
0!
#101625
b11111100000100 #
1!
#101630
b101000111110111 #
0!
#101635
b11011100100000 #
1!
#101640
b100000000101011 #
0!
#101645
b1000110101011001 #
1!
#101650
b10011001000110 #
0!
#101655
b10001100100 #
1!
#101660
b111011011001 #
0!
#101665
b1110110000001000 #
1!
#101670
b10010011000001 #
0!
#101675
b111110010 #
1!
#101680
b110000110011 #
0!
#101685
b100011011100010 #
1!
#101690
b100100100101000 #
0!
#101695
b1111011100010010 #
1!
#101700
b1001011111010011 #
0!
#101705
b100110001010101 #
1!
#101710
b101000110000010 #
0!
#101715
b111001011011101 #
1!
#101720
b1100100100111011 #
0!
#101725
b110010010111111 #
1!
#101730
b1011010010000100 #
0!
#101735
b1100001111001001 #
1!
#101740
b111111000000111 #
0!
#101745
b1011111100011101 #
1!
#101750
b1011001111000000 #
0!
#101755
b1111001001001101 #
1!
#101760
b101010101110010 #
0!
#101765
b100010111010100 #
1!
#101770
b100011010001001 #
0!
#101775
b1100110100010100 #
1!
#101780
b1010010011011101 #
0!
#101785
b1010010000010000 #
1!
#101790
b10101000010110 #
0!
#101795
b1101110100000111 #
1!
#101800
b1000111010100001 #
0!
#101805
b100100101100111 #
1!
#101810
b1101111011000011 #
0!
#101815
b110111010010111 #
1!
#101820
b1110101111001010 #
0!
#101825
b101111101000001 #
1!
#101830
b1001110111111111 #
0!
#101835
b1001000110000001 #
1!
#101840
b101011100001111 #
0!
#101845
b1101000010110111 #
1!
#101850
b101111111010011 #
0!
#101855
b110110010110 #
1!
#101860
b10111010100100 #
0!
#101865
b100101101100101 #
1!
#101870
b1110001001111011 #
0!
#101875
b111000010011100 #
1!
#101880
b1000111000111100 #
0!
#101885
b11100011101010 #
1!
#101890
b1010010000001011 #
0!
#101895
b11011101000 #
1!
#101900
b101001111010000 #
0!
#101905
b1100100001111011 #
1!
#101910
b1110000110011001 #
0!
#101915
b1101110111000010 #
1!
#101920
b1011110000100 #
0!
#101925
b1110011101100110 #
1!
#101930
b1001001011011111 #
0!
#101935
b1011101000111000 #
1!
#101940
b11010001001101 #
0!
#101945
b11101011001100 #
1!
#101950
b111011011010111 #
0!
#101955
b11000001011111 #
1!
#101960
b1100110010011000 #
0!
#101965
b11010010000000 #
1!
#101970
b11100111101 #
0!
#101975
b1000101010111000 #
1!
#101980
b1011011110101000 #
0!
#101985
b1001101 #
1!
#101990
b1000001001110011 #
0!
#101995
b1101001010111010 #
1!
#102000
b1001000111100011 #
0!
#102005
b1000100010010000 #
1!
#102010
b1110001011000111 #
0!
#102015
b1101010100100110 #
1!
#102020
b1011011111001000 #
0!
#102025
b111100001100111 #
1!
#102030
b1110011110001001 #
0!
#102035
b1111000110110 #
1!
#102040
b100010011000101 #
0!
#102045
b11111101100101 #
1!
#102050
b11111101001 #
0!
#102055
b1111101100111110 #
1!
#102060
b1011010100000 #
0!
#102065
b1000010010 #
1!
#102070
b1000000100100000 #
0!
#102075
b111010011100110 #
1!
#102080
b1100100110110101 #
0!
#102085
b1011011000010101 #
1!
#102090
b101000011001101 #
0!
#102095
b101101001111100 #
1!
#102100
b1011010110111001 #
0!
#102105
b1001100000 #
1!
#102110
b11000000001101 #
0!
#102115
b11011010001110 #
1!
#102120
b1111101000111100 #
0!
#102125
b101001100110101 #
1!
#102130
b1010000100110101 #
0!
#102135
b101011001010000 #
1!
#102140
b111001110100101 #
0!
#102145
b1101001101011100 #
1!
#102150
b1101100110111100 #
0!
#102155
b1100010011111010 #
1!
#102160
b1011101011011001 #
0!
#102165
b111000101100110 #
1!
#102170
b1101100100110010 #
0!
#102175
b100110110100010 #
1!
#102180
b10111101001111 #
0!
#102185
b1101011101001101 #
1!
#102190
b101100111011000 #
0!
#102195
b111110110111011 #
1!
#102200
b1110101010111101 #
0!
#102205
b111001001001110 #
1!
#102210
b1101011010111010 #
0!
#102215
b1001111111000010 #
1!
#102220
b1100101100100101 #
0!
#102225
b110111001011001 #
1!
#102230
b1000111011010001 #
0!
#102235
b1011111101000000 #
1!
#102240
b110101101101001 #
0!
#102245
b1011011111100110 #
1!
#102250
b111110000011110 #
0!
#102255
b1010101010101110 #
1!
#102260
b10010000101100 #
0!
#102265
b1111100010001011 #
1!
#102270
b101110100111111 #
0!
#102275
b1110110101010100 #
1!
#102280
b1100000101111 #
0!
#102285
b1001111000110000 #
1!
#102290
b1010100101100100 #
0!
#102295
b1101000011000010 #
1!
#102300
b1111011101100 #
0!
#102305
b1101010000110001 #
1!
#102310
b1010000000110010 #
0!
#102315
b110010011110110 #
1!
#102320
b1101010110010011 #
0!
#102325
b1000100101001001 #
1!
#102330
b11110001111011 #
0!
#102335
b111010111000010 #
1!
#102340
b1001011001000000 #
0!
#102345
b110010010100010 #
1!
#102350
b11101001001111 #
0!
#102355
b1000100110010111 #
1!
#102360
b1000000010000011 #
0!
#102365
b1101011111011100 #
1!
#102370
b1100001010011 #
0!
#102375
b1111000101000001 #
1!
#102380
b110111000000101 #
0!
#102385
b100101100011 #
1!
#102390
b111111011111 #
0!
#102395
b1011100110110001 #
1!
#102400
b1111110101111110 #
0!
#102405
b1110011111110101 #
1!
#102410
b1100011010101 #
0!
#102415
b1010100001101111 #
1!
#102420
b1000010110101010 #
0!
#102425
b1111110100100 #
1!
#102430
b1111011110110001 #
0!
#102435
b101001011000111 #
1!
#102440
b10011110001101 #
0!
#102445
b1101000110100 #
1!
#102450
b10001110111010 #
0!
#102455
b1111110101000111 #
1!
#102460
b1011101010011101 #
0!
#102465
b11000101001 #
1!
#102470
b1101011011100011 #
0!
#102475
b1011011010111010 #
1!
#102480
b1101111100101000 #
0!
#102485
b1101000101100001 #
1!
#102490
b1001000111111 #
0!
#102495
b100101100010101 #
1!
#102500
b1110111010011011 #
0!
#102505
b10010110001010 #
1!
#102510
b1000111110001010 #
0!
#102515
b100011010001100 #
1!
#102520
b11011101101 #
0!
#102525
b110101001011100 #
1!
#102530
b1100100111000000 #
0!
#102535
b1111010001100000 #
1!
#102540
b1111011111 #
0!
#102545
b1101001011010111 #
1!
#102550
b1111110000110101 #
0!
#102555
b110000001110010 #
1!
#102560
b111110001000111 #
0!
#102565
b100011001110110 #
1!
#102570
b10011100101100 #
0!
#102575
b101100000111101 #
1!
#102580
b1101010100110000 #
0!
#102585
b111010010011010 #
1!
#102590
b1001011010 #
0!
#102595
b110011101010101 #
1!
#102600
b10001111101000 #
0!
#102605
b1100011000011011 #
1!
#102610
b101101011111 #
0!
#102615
b1101100011110001 #
1!
#102620
b100011111010100 #
0!
#102625
b110101000111010 #
1!
#102630
b111111110011000 #
0!
#102635
b1011100110101100 #
1!
#102640
b1101100000101010 #
0!
#102645
b100100111101110 #
1!
#102650
b101011001010101 #
0!
#102655
b1101001000000010 #
1!
#102660
b11011101011001 #
0!
#102665
b1001111000001 #
1!
#102670
b101000111011111 #
0!
#102675
b1011010110110101 #
1!
#102680
b111110101001100 #
0!
#102685
b10111000110110 #
1!
#102690
b1110100101000101 #
0!
#102695
b1010100110011111 #
1!
#102700
b1000011101000111 #
0!
#102705
b1100110111111001 #
1!
#102710
b101101001111000 #
0!
#102715
b1011101100010011 #
1!
#102720
b1110111110010100 #
0!
#102725
b1101100010110101 #
1!
#102730
b1010001110010110 #
0!
#102735
b1011100101101011 #
1!
#102740
b1010010110010 #
0!
#102745
b1111101011110101 #
1!
#102750
b111110111101110 #
0!
#102755
b10110111000110 #
1!
#102760
b1000101001100 #
0!
#102765
b1010001011010111 #
1!
#102770
b110010010110100 #
0!
#102775
b110001010101010 #
1!
#102780
b1100001110100010 #
0!
#102785
b1111110011110010 #
1!
#102790
b1001010011010000 #
0!
#102795
b110100010000111 #
1!
#102800
b1100001010100010 #
0!
#102805
b1111001001001000 #
1!
#102810
b110011001100 #
0!
#102815
b101111001010 #
1!
#102820
b110111001101001 #
0!
#102825
b11000110011000 #
1!
#102830
b1000010101011011 #
0!
#102835
b1101000010000101 #
1!
#102840
b1110001101100101 #
0!
#102845
b10001111100111 #
1!
#102850
b111101001100000 #
0!
#102855
b101101010001 #
1!
#102860
b1111101011001101 #
0!
#102865
b1111011110100000 #
1!
#102870
b10101000000011 #
0!
#102875
b1100010001111110 #
1!
#102880
b101000010100111 #
0!
#102885
b1001100100010111 #
1!
#102890
b1001000010111100 #
0!
#102895
b1100011000100100 #
1!
#102900
b100010100011010 #
0!
#102905
b1011000011010100 #
1!
#102910
b110011011010100 #
0!
#102915
b1010001100111000 #
1!
#102920
b1110111000111010 #
0!
#102925
b1011000101110010 #
1!
#102930
b10110101010001 #
0!
#102935
b1001111100110010 #
1!
#102940
b10111100010001 #
0!
#102945
b1011111001110101 #
1!
#102950
b1110111000001 #
0!
#102955
b1100101101100001 #
1!
#102960
b1001110000010000 #
0!
#102965
b1100101011100000 #
1!
#102970
b11000111101010 #
0!
#102975
b1111000010000101 #
1!
#102980
b1001011010110011 #
0!
#102985
b111111111111100 #
1!
#102990
b10011111000100 #
0!
#102995
b1001111011000111 #
1!
#103000
b11100101111000 #
0!
#103005
b100100000000101 #
1!
#103010
b111101111000100 #
0!
#103015
b1111110100110 #
1!
#103020
b101111011110101 #
0!
#103025
b101001000111101 #
1!
#103030
b110100011101000 #
0!
#103035
b111110011110010 #
1!
#103040
b1010001000111111 #
0!
#103045
b1000100100010111 #
1!
#103050
b1110110110000001 #
0!
#103055
b1000011101101100 #
1!
#103060
b110010001001110 #
0!
#103065
b1001100011101101 #
1!
#103070
b1100001100110000 #
0!
#103075
b1100011100100010 #
1!
#103080
b1011110110101111 #
0!
#103085
b1110110100001111 #
1!
#103090
b110011000000111 #
0!
#103095
b1000101100100100 #
1!
#103100
b1000101100100010 #
0!
#103105
b1011000010000000 #
1!
#103110
b1001001011101 #
0!
#103115
b1101110110100110 #
1!
#103120
b110011101101110 #
0!
#103125
b1101001100111110 #
1!
#103130
b1100010000101110 #
0!
#103135
b1000100100100010 #
1!
#103140
b1010111000010111 #
0!
#103145
b1111110001101111 #
1!
#103150
b11101010011000 #
0!
#103155
b1110010011101 #
1!
#103160
b111111000111011 #
0!
#103165
b1001110100111111 #
1!
#103170
b1110110101011110 #
0!
#103175
b1110001010100010 #
1!
#103180
b1011001000111111 #
0!
#103185
b1101110111011011 #
1!
#103190
b1100111110011 #
0!
#103195
b1110011000001001 #
1!
#103200
b1110010010010000 #
0!
#103205
b1010100101001010 #
1!
#103210
b1011101100000001 #
0!
#103215
b1111011100011111 #
1!
#103220
b111010100101001 #
0!
#103225
b1010111010010001 #
1!
#103230
b1000110011011001 #
0!
#103235
b1001110101010010 #
1!
#103240
b111101100011101 #
0!
#103245
b101100011101000 #
1!
#103250
b111011011110 #
0!
#103255
b10011011110010 #
1!
#103260
b1101011011010001 #
0!
#103265
b1101001001101001 #
1!
#103270
b111100101001010 #
0!
#103275
b1001110000011011 #
1!
#103280
b10000100101101 #
0!
#103285
b101000000010 #
1!
#103290
b1100101001001110 #
0!
#103295
b1101000101101000 #
1!
#103300
b1011011101101110 #
0!
#103305
b1010101100001101 #
1!
#103310
b1011110100001011 #
0!
#103315
b100100010000001 #
1!
#103320
b1011010011011110 #
0!
#103325
b10000001011011 #
1!
#103330
b1100110001010010 #
0!
#103335
b101010000100100 #
1!
#103340
b1111010100011111 #
0!
#103345
b1001011000011010 #
1!
#103350
b11011010101001 #
0!
#103355
b10110011 #
1!
#103360
b1011101000110 #
0!
#103365
b1111100101011101 #
1!
#103370
b1111011010001100 #
0!
#103375
b1011111110000 #
1!
#103380
b111010101111111 #
0!
#103385
b1111010110100110 #
1!
#103390
b1100100101100001 #
0!
#103395
b10001111101111 #
1!
#103400
b10100001101111 #
0!
#103405
b1111010001001110 #
1!
#103410
b10011100010110 #
0!
#103415
b111000011100101 #
1!
#103420
b1000100001111 #
0!
#103425
b10011100011100 #
1!
#103430
b101000111100111 #
0!
#103435
b111011011101 #
1!
#103440
b1100101100110101 #
0!
#103445
b111001011100100 #
1!
#103450
b11111100111000 #
0!
#103455
b1100011111110111 #
1!
#103460
b1010111010000110 #
0!
#103465
b1000101010001001 #
1!
#103470
b1011000000001011 #
0!
#103475
b10011101000111 #
1!
#103480
b1101101100000111 #
0!
#103485
b1101010000110111 #
1!
#103490
b1111011111101 #
0!
#103495
b111100111100001 #
1!
#103500
b10100000000100 #
0!
#103505
b1000000000110100 #
1!
#103510
b1100011101000100 #
0!
#103515
b1100100100111001 #
1!
#103520
b11100110001000 #
0!
#103525
b111101000010011 #
1!
#103530
b1010010110101110 #
0!
#103535
b1110010101101100 #
1!
#103540
b110010000011100 #
0!
#103545
b110101010101011 #
1!
#103550
b111001000010011 #
0!
#103555
b101011101111001 #
1!
#103560
b1100011000001000 #
0!
#103565
b1100000010101101 #
1!
#103570
b1011000100101001 #
0!
#103575
b110110100011111 #
1!
#103580
b11110011000101 #
0!
#103585
b1010100100100000 #
1!
#103590
b1001011001001100 #
0!
#103595
b11000101100000 #
1!
#103600
b110010011100111 #
0!
#103605
b110010110101 #
1!
#103610
b10010000010010 #
0!
#103615
b110111001001000 #
1!
#103620
b1001011000101001 #
0!
#103625
b1001100000101101 #
1!
#103630
b1001000111110 #
0!
#103635
b1011010000011001 #
1!
#103640
b1111000011010110 #
0!
#103645
b1011100111001001 #
1!
#103650
b1101111011110011 #
0!
#103655
b100110101100110 #
1!
#103660
b100110101010100 #
0!
#103665
b1001101011111001 #
1!
#103670
b1100010010110111 #
0!
#103675
b100001100111100 #
1!
#103680
b100101111110001 #
0!
#103685
b10101101001000 #
1!
#103690
b1100000000101010 #
0!
#103695
b110010111110101 #
1!
#103700
b100010011000100 #
0!
#103705
b1000010111000 #
1!
#103710
b1000111111101110 #
0!
#103715
b11110011000100 #
1!
#103720
b101010011000010 #
0!
#103725
b1011111110000101 #
1!
#103730
b1010100011000110 #
0!
#103735
b1100110011001 #
1!
#103740
b101100011010110 #
0!
#103745
b101101010010001 #
1!
#103750
b100111101001000 #
0!
#103755
b1110000 #
1!
#103760
b1110110100011101 #
0!
#103765
b1101010101011100 #
1!
#103770
b111100000111101 #
0!
#103775
b1100011010101001 #
1!
#103780
b110111000010101 #
0!
#103785
b1101011111011110 #
1!
#103790
b1110010000000001 #
0!
#103795
b1111000001111010 #
1!
#103800
b1111010011100001 #
0!
#103805
b1100111000011111 #
1!
#103810
b1000100000001 #
0!
#103815
b1100111000011010 #
1!
#103820
b110000101101101 #
0!
#103825
b1110011011010011 #
1!
#103830
b11010010101111 #
0!
#103835
b110110110110100 #
1!
#103840
b100110010011000 #
0!
#103845
b101111110001 #
1!
#103850
b100110111111000 #
0!
#103855
b1001010011001000 #
1!
#103860
b1010000110011 #
0!
#103865
b1110100101111100 #
1!
#103870
b1100110101110 #
0!
#103875
b1101001100000001 #
1!
#103880
b1101001111110010 #
0!
#103885
b1110101001110011 #
1!
#103890
b1001011010110 #
0!
#103895
b111001000100110 #
1!
#103900
b110010000011011 #
0!
#103905
b11110100100100 #
1!
#103910
b111010001100100 #
0!
#103915
b1000001000110100 #
1!
#103920
b110011000100111 #
0!
#103925
b1100110111011001 #
1!
#103930
b11111101001101 #
0!
#103935
b1100110001000011 #
1!
#103940
b11010100000011 #
0!
#103945
b100010000010111 #
1!
#103950
b10100101101001 #
0!
#103955
b1101111001000101 #
1!
#103960
b1110101000111000 #
0!
#103965
b1001001100000 #
1!
#103970
b1011000100101010 #
0!
#103975
b1100111010 #
1!
#103980
b110010010100100 #
0!
#103985
b110000111000011 #
1!
#103990
b1001110001110 #
0!
#103995
b100010011110010 #
1!
#104000
b11111100001000 #
0!
#104005
b1101000011001 #
1!
#104010
b100101101001101 #
0!
#104015
b111001111111000 #
1!
#104020
b1101001000011101 #
0!
#104025
b1110111100111110 #
1!
#104030
b1010111000010 #
0!
#104035
b1011110110110 #
1!
#104040
b100000101100001 #
0!
#104045
b100011100100110 #
1!
#104050
b1110101101111001 #
0!
#104055
b111111001101110 #
1!
#104060
b110000101100111 #
0!
#104065
b100111000100111 #
1!
#104070
b110111011110 #
0!
#104075
b1011010000100111 #
1!
#104080
b1101000111001111 #
0!
#104085
b1111010001000110 #
1!
#104090
b111001100010001 #
0!
#104095
b1000010100010101 #
1!
#104100
b1110110010100100 #
0!
#104105
b1110001111101010 #
1!
#104110
b1101101001000100 #
0!
#104115
b111110110101100 #
1!
#104120
b1101000001100001 #
0!
#104125
b1000011111001001 #
1!
#104130
b1100000010101101 #
0!
#104135
b1110011111011011 #
1!
#104140
b101100101000111 #
0!
#104145
b101101100010 #
1!
#104150
b110000001110000 #
0!
#104155
b1100111010011111 #
1!
#104160
b10000001000111 #
0!
#104165
b101101011100110 #
1!
#104170
b1011011010010010 #
0!
#104175
b1001110010 #
1!
#104180
b1000001100101101 #
0!
#104185
b10010011011101 #
1!
#104190
b111111001010110 #
0!
#104195
b110011000010 #
1!
#104200
b1001111101010011 #
0!
#104205
b1101001101101011 #
1!
#104210
b11010000000111 #
0!
#104215
b11101111110101 #
1!
#104220
b100110110000100 #
0!
#104225
b1001001001111111 #
1!
#104230
b1001010101101 #
0!
#104235
b1001011100011101 #
1!
#104240
b10101101010100 #
0!
#104245
b100110111010010 #
1!
#104250
b1011110001111 #
0!
#104255
b1110110111110110 #
1!
#104260
b1001010110011101 #
0!
#104265
b1011001100000011 #
1!
#104270
b1111111000011000 #
0!
#104275
b1100100100111010 #
1!
#104280
b1010011101011010 #
0!
#104285
b10101110110010 #
1!
#104290
b100001111111100 #
0!
#104295
b111100011101100 #
1!
#104300
b11110110011101 #
0!
#104305
b1110010011100010 #
1!
#104310
b10000100101001 #
0!
#104315
b100110111011 #
1!
#104320
b1111001011010010 #
0!
#104325
b1100101010010011 #
1!
#104330
b1001010001101010 #
0!
#104335
b100001111111000 #
1!
#104340
b10001100001000 #
0!
#104345
b1000101111010001 #
1!
#104350
b101100101001001 #
0!
#104355
b1011001001011011 #
1!
#104360
b1110110010000010 #
0!
#104365
b1000111100100011 #
1!
#104370
b1110110100010010 #
0!
#104375
b1010010000010010 #
1!
#104380
b10100100110011 #
0!
#104385
b10010101001 #
1!
#104390
b1000101010000010 #
0!
#104395
b10011101000101 #
1!
#104400
b111010101110001 #
0!
#104405
b1101011011000101 #
1!
#104410
b10110100000111 #
0!
#104415
b1010011000 #
1!
#104420
b10110110010001 #
0!
#104425
b1011000110100101 #
1!
#104430
b1001000000100001 #
0!
#104435
b1100011111010001 #
1!
#104440
b110110110011100 #
0!
#104445
b1111111110000111 #
1!
#104450
b11001011000101 #
0!
#104455
b1011110100110011 #
1!
#104460
b1000111100100 #
0!
#104465
b1110111100001011 #
1!
#104470
b100111001000011 #
0!
#104475
b1111001010011111 #
1!
#104480
b1011010010011101 #
0!
#104485
b110110001110100 #
1!
#104490
b1110000110101111 #
0!
#104495
b11000100100110 #
1!
#104500
b1011001001001010 #
0!
#104505
b10000000101000 #
1!
#104510
b1010010000110110 #
0!
#104515
b11100001111 #
1!
#104520
b10101000100010 #
0!
#104525
b111101001001000 #
1!
#104530
b1010001100010 #
0!
#104535
b1100000111111001 #
1!
#104540
b1111010100101110 #
0!
#104545
b1010011010111001 #
1!
#104550
b111000111000011 #
0!
#104555
b110100000100010 #
1!
#104560
b1010111001010110 #
0!
#104565
b1000111001111111 #
1!
#104570
b1011000111101110 #
0!
#104575
b1100101110000000 #
1!
#104580
b1011010100010110 #
0!
#104585
b1101111010101011 #
1!
#104590
b1001010101010110 #
0!
#104595
b111010010101101 #
1!
#104600
b10001000010101 #
0!
#104605
b10011010000 #
1!
#104610
b1001010111101100 #
0!
#104615
b1011000101001100 #
1!
#104620
b1101010001010001 #
0!
#104625
b10100000111111 #
1!
#104630
b1110111100000011 #
0!
#104635
b1000101011111100 #
1!
#104640
b110011100010101 #
0!
#104645
b11110011110110 #
1!
#104650
b1001111101110100 #
0!
#104655
b1101000101110000 #
1!
#104660
b11001010000110 #
0!
#104665
b1110100010001010 #
1!
#104670
b101111001101101 #
0!
#104675
b110111000111 #
1!
#104680
b101100111011110 #
0!
#104685
b1001100011101100 #
1!
#104690
b1010111011110111 #
0!
#104695
b1000110010110010 #
1!
#104700
b1011000000101000 #
0!
#104705
b111100001011111 #
1!
#104710
b1100011110010000 #
0!
#104715
b101101010010001 #
1!
#104720
b1101100110101100 #
0!
#104725
b111011101111010 #
1!
#104730
b1010011011110011 #
0!
#104735
b100001000001111 #
1!
#104740
b10110110111101 #
0!
#104745
b11110110001001 #
1!
#104750
b11001100011 #
0!
#104755
b1101001101100000 #
1!
#104760
b1100100000101100 #
0!
#104765
b11100100101010 #
1!
#104770
b110010110001100 #
0!
#104775
b101010110101101 #
1!
#104780
b1000100100010010 #
0!
#104785
b1001010001110110 #
1!
#104790
b1111110101100011 #
0!
#104795
b1101010111011010 #
1!
#104800
b100100100000 #
0!
#104805
b11110110011101 #
1!
#104810
b1100101100000011 #
0!
#104815
b10000100100010 #
1!
#104820
b1010001001001001 #
0!
#104825
b1101111000110110 #
1!
#104830
b1000101011111010 #
0!
#104835
b1100001111000000 #
1!
#104840
b111011111011000 #
0!
#104845
b1110010100111010 #
1!
#104850
b1011011100001001 #
0!
#104855
b11100011111 #
1!
#104860
b101110011001010 #
0!
#104865
b111101011011101 #
1!
#104870
b1000111111000001 #
0!
#104875
b1111101011000110 #
1!
#104880
b1111001010010011 #
0!
#104885
b1000111101000100 #
1!
#104890
b101011111100 #
0!
#104895
b110101001111101 #
1!
#104900
b1001010000001101 #
0!
#104905
b1100101001001001 #
1!
#104910
b1110100110101110 #
0!
#104915
b1101111111010100 #
1!
#104920
b101111111000000 #
0!
#104925
b1001110001001100 #
1!
#104930
b1010011011111100 #
0!
#104935
b1010011010100101 #
1!
#104940
b10110001001101 #
0!
#104945
b10111101000011 #
1!
#104950
b111110000011000 #
0!
#104955
b1100111110011010 #
1!
#104960
b1001101100011011 #
0!
#104965
b110110100000100 #
1!
#104970
b110011111011110 #
0!
#104975
b1111101100000 #
1!
#104980
b1100010111 #
0!
#104985
b10100000011 #
1!
#104990
b10010010011011 #
0!
#104995
b10100010010000 #
1!
#105000
b1000010010101100 #
0!
#105005
b110000101110011 #
1!
#105010
b11000000001001 #
0!
#105015
b11001111111011 #
1!
#105020
b1111100110110110 #
0!
#105025
b1010110100010011 #
1!
#105030
b1100010011100101 #
0!
#105035
b100110001010000 #
1!
#105040
b1111110110100110 #
0!
#105045
b1101011010000110 #
1!
#105050
b1110000100101001 #
0!
#105055
b100000111011001 #
1!
#105060
b1110110110000110 #
0!
#105065
b1000101110001111 #
1!
#105070
b11110101010101 #
0!
#105075
b1001110001001101 #
1!
#105080
b1110010100101000 #
0!
#105085
b11000000000100 #
1!
#105090
b101011011000111 #
0!
#105095
b1010101001011001 #
1!
#105100
b1100000000100000 #
0!
#105105
b1111100111001111 #
1!
#105110
b110101010001101 #
0!
#105115
b111011111110101 #
1!
#105120
b1101011011010 #
0!
#105125
b1100110011100001 #
1!
#105130
b111010111000001 #
0!
#105135
b1100111000100100 #
1!
#105140
b101001101101010 #
0!
#105145
b101101101100001 #
1!
#105150
b11000111001101 #
0!
#105155
b11110000101000 #
1!
#105160
b1000000101101011 #
0!
#105165
b110111110011 #
1!
#105170
b1100010011111 #
0!
#105175
b111111010110 #
1!
#105180
b1000010110000110 #
0!
#105185
b1000101110100 #
1!
#105190
b110110001000011 #
0!
#105195
b100111000010001 #
1!
#105200
b1111011011110100 #
0!
#105205
b100111100000000 #
1!
#105210
b10010011001110 #
0!
#105215
b1100100000001011 #
1!
#105220
b11010010100001 #
0!
#105225
b111100010010110 #
1!
#105230
b1111111100101101 #
0!
#105235
b101101100101 #
1!
#105240
b101101100110011 #
0!
#105245
b1111010000110111 #
1!
#105250
b111011010110001 #
0!
#105255
b101111011000110 #
1!
#105260
b100010010100010 #
0!
#105265
b1111001011011001 #
1!
#105270
b1100100011100100 #
0!
#105275
b1101000111111100 #
1!
#105280
b1000110110101010 #
0!
#105285
b101111111111111 #
1!
#105290
b1111000010011100 #
0!
#105295
b10111001000011 #
1!
#105300
b1001001010111001 #
0!
#105305
b1110000001010110 #
1!
#105310
b1010101010111110 #
0!
#105315
b1011001101 #
1!
#105320
b110111110100010 #
0!
#105325
b1110100100101010 #
1!
#105330
b111001010101101 #
0!
#105335
b1001100100011011 #
1!
#105340
b11001101 #
0!
#105345
b1010001000001110 #
1!
#105350
b1000001111011010 #
0!
#105355
b1111111001000111 #
1!
#105360
b1110000000000111 #
0!
#105365
b1111100110001011 #
1!
#105370
b1101101101111011 #
0!
#105375
b111010010 #
1!
#105380
b110110011001101 #
0!
#105385
b1001011100110001 #
1!
#105390
b11001011000011 #
0!
#105395
b10011000001111 #
1!
#105400
b1100000100100111 #
0!
#105405
b1110100011100101 #
1!
#105410
b100110110111 #
0!
#105415
b1100000111000011 #
1!
#105420
b1011100111100000 #
0!
#105425
b1110010111101 #
1!
#105430
b1001100111111010 #
0!
#105435
b1101101000010111 #
1!
#105440
b1110111001010000 #
0!
#105445
b1111001000011 #
1!
#105450
b1101111010011100 #
0!
#105455
b11110101101001 #
1!
#105460
b1100001101101101 #
0!
#105465
b1001011110000010 #
1!
#105470
b1001010101011010 #
0!
#105475
b111100100011110 #
1!
#105480
b100110101010100 #
0!
#105485
b1111011110100100 #
1!
#105490
b11101101001001 #
0!
#105495
b1101010000001011 #
1!
#105500
b110110000010011 #
0!
#105505
b110010010000111 #
1!
#105510
b101001100011 #
0!
#105515
b110000010000111 #
1!
#105520
b1011101111100000 #
0!
#105525
b1101000000010110 #
1!
#105530
b1111111011110110 #
0!
#105535
b1110011011000111 #
1!
#105540
b1001010001110011 #
0!
#105545
b1110010111001011 #
1!
#105550
b1101010101011101 #
0!
#105555
b1111010110010101 #
1!
#105560
b1011011000100 #
0!
#105565
b111000100100 #
1!
#105570
b100000001110 #
0!
#105575
b1101010011111101 #
1!
#105580
b1110111011111 #
0!
#105585
b111100101101010 #
1!
#105590
b1101011101100010 #
0!
#105595
b1001001000000111 #
1!
#105600
b100000100001010 #
0!
#105605
b111010101000 #
1!
#105610
b11101000100010 #
0!
#105615
b1111110000011001 #
1!
#105620
b1110001011101011 #
0!
#105625
b111111100011011 #
1!
#105630
b1111000101000010 #
0!
#105635
b1001110000010010 #
1!
#105640
b1101011111010 #
0!
#105645
b11001000000011 #
1!
#105650
b111010011000101 #
0!
#105655
b1100000011000000 #
1!
#105660
b1100100111011011 #
0!
#105665
b101011000011011 #
1!
#105670
b101001101 #
0!
#105675
b111001110111101 #
1!
#105680
b1000010011111000 #
0!
#105685
b1101100110101011 #
1!
#105690
b1001001100111110 #
0!
#105695
b111111101011001 #
1!
#105700
b1010110011110010 #
0!
#105705
b110001101101000 #
1!
#105710
b1110100111111001 #
0!
#105715
b111001110011010 #
1!
#105720
b101110001000000 #
0!
#105725
b110001000100001 #
1!
#105730
b111101100100010 #
0!
#105735
b1001100111111001 #
1!
#105740
b111000010011111 #
0!
#105745
b1001101010 #
1!
#105750
b1000011101100111 #
0!
#105755
b1111110011100100 #
1!
#105760
b1000001110001011 #
0!
#105765
b10111101000011 #
1!
#105770
b100111001001 #
0!
#105775
b110110110101110 #
1!
#105780
b1111001110010000 #
0!
#105785
b1001010111110010 #
1!
#105790
b1011101111001110 #
0!
#105795
b111001011110111 #
1!
#105800
b1101100110001000 #
0!
#105805
b1001111100000000 #
1!
#105810
b1110010101001 #
0!
#105815
b101110100101011 #
1!
#105820
b1010010011111 #
0!
#105825
b111100110100000 #
1!
#105830
b110011010111111 #
0!
#105835
b11001000101110 #
1!
#105840
b11111100111110 #
0!
#105845
b1000001101000 #
1!
#105850
b1001100010001001 #
0!
#105855
b1100011011001111 #
1!
#105860
b1011010010100001 #
0!
#105865
b1000110100011 #
1!
#105870
b110101101001011 #
0!
#105875
b1001111000011001 #
1!
#105880
b1001001001001011 #
0!
#105885
b1110011100100010 #
1!
#105890
b101101110010111 #
0!
#105895
b101000010101 #
1!
#105900
b1011001000010100 #
0!
#105905
b1011110011011111 #
1!
#105910
b1010010100001101 #
0!
#105915
b1011100100000 #
1!
#105920
b1011010100000010 #
0!
#105925
b111111101000000 #
1!
#105930
b100010001100011 #
0!
#105935
b1000110001011101 #
1!
#105940
b1111001010101111 #
0!
#105945
b1101101101101101 #
1!
#105950
b1111011000010001 #
0!
#105955
b1111100101110101 #
1!
#105960
b1000011001101010 #
0!
#105965
b11101101101110 #
1!
#105970
b11010110110110 #
0!
#105975
b1010011100010110 #
1!
#105980
b100111011010001 #
0!
#105985
b1100110110000010 #
1!
#105990
b11111110011000 #
0!
#105995
b1010010101110110 #
1!
#106000
b1110100000011110 #
0!
#106005
b111100110000110 #
1!
#106010
b110101000101 #
0!
#106015
b1011110101001010 #
1!
#106020
b1010110011010010 #
0!
#106025
b1111000010101110 #
1!
#106030
b101111111000001 #
0!
#106035
b111110101100101 #
1!
#106040
b1011100000001100 #
0!
#106045
b1001101110000111 #
1!
#106050
b1010110101001001 #
0!
#106055
b10111010001000 #
1!
#106060
b1110011000101101 #
0!
#106065
b1010011110000001 #
1!
#106070
b11010000010000 #
0!
#106075
b1101111010000010 #
1!
#106080
b1101011000010010 #
0!
#106085
b11100100 #
1!
#106090
b1111001011111011 #
0!
#106095
b101101100110010 #
1!
#106100
b1110001010010100 #
0!
#106105
b101000110001100 #
1!
#106110
b1010000011010100 #
0!
#106115
b10110110001001 #
1!
#106120
b10010110000001 #
0!
#106125
b11000110111 #
1!
#106130
b1011111111100100 #
0!
#106135
b1010001000100011 #
1!
#106140
b111101011011011 #
0!
#106145
b100111111001000 #
1!
#106150
b1000010101110001 #
0!
#106155
b1100011010001011 #
1!
#106160
b1000001001110111 #
0!
#106165
b1001101010110 #
1!
#106170
b1111001000011001 #
0!
#106175
b110010111000001 #
1!
#106180
b1001010111001100 #
0!
#106185
b1111111101010110 #
1!
#106190
b1100000110000001 #
0!
#106195
b101000100111 #
1!
#106200
b1100111100100001 #
0!
#106205
b111111111000101 #
1!
#106210
b110110101001110 #
0!
#106215
b1001011110 #
1!
#106220
b101011010000 #
0!
#106225
b1100000010100001 #
1!
#106230
b11001011100010 #
0!
#106235
b101100000101100 #
1!
#106240
b1110100011011010 #
0!
#106245
b1011000110001010 #
1!
#106250
b111011010011 #
0!
#106255
b1101101000001111 #
1!
#106260
b1100001010000010 #
0!
#106265
b1111011011100101 #
1!
#106270
b1011110010011000 #
0!
#106275
b1001110001011 #
1!
#106280
b1011001100101001 #
0!
#106285
b10001011101 #
1!
#106290
b1011011001100011 #
0!
#106295
b100111111001100 #
1!
#106300
b1001011100011111 #
0!
#106305
b1110 #
1!
#106310
b11110010010111 #
0!
#106315
b1001011110111000 #
1!
#106320
b101010100010 #
0!
#106325
b1101101100111111 #
1!
#106330
b100011111100011 #
0!
#106335
b1011110000000011 #
1!
#106340
b110110011001110 #
0!
#106345
b11110011111101 #
1!
#106350
b1001001001101000 #
0!
#106355
b100011101100100 #
1!
#106360
b1101001110100001 #
0!
#106365
b1001010001101010 #
1!
#106370
b1001111111110010 #
0!
#106375
b1000010001111110 #
1!
#106380
b1111111011010 #
0!
#106385
b110000101010 #
1!
#106390
b1010001010101111 #
0!
#106395
b1000001010010110 #
1!
#106400
b1110101011101101 #
0!
#106405
b1001000110100110 #
1!
#106410
b1001101101100101 #
0!
#106415
b101110110001 #
1!
#106420
b1001001010110111 #
0!
#106425
b1100111010101000 #
1!
#106430
b100011110010111 #
0!
#106435
b1010100000101001 #
1!
#106440
b11000000110101 #
0!
#106445
b11000011111011 #
1!
#106450
b10000110011100 #
0!
#106455
b1010100101100010 #
1!
#106460
b1010001111110110 #
0!
#106465
b1110001110001001 #
1!
#106470
b110001000010100 #
0!
#106475
b1100010100011 #
1!
#106480
b1000010001110001 #
0!
#106485
b1101001111000010 #
1!
#106490
b110110111010 #
0!
#106495
b1100001010111001 #
1!
#106500
b11001000010010 #
0!
#106505
b1010101110011110 #
1!
#106510
b1101011000001011 #
0!
#106515
b11010001110101 #
1!
#106520
b1100100000011100 #
0!
#106525
b1101100000011101 #
1!
#106530
b11111010111001 #
0!
#106535
b1011100110100101 #
1!
#106540
b10001100100010 #
0!
#106545
b1000011110011011 #
1!
#106550
b1000000101011011 #
0!
#106555
b101101110010010 #
1!
#106560
b1101110101011001 #
0!
#106565
b1010000011000110 #
1!
#106570
b1001100001100100 #
0!
#106575
b1110100110101011 #
1!
#106580
b101000001100101 #
0!
#106585
b1101010010011100 #
1!
#106590
b100001111000010 #
0!
#106595
b1110110001101010 #
1!
#106600
b1001111111110000 #
0!
#106605
b1000110101000010 #
1!
#106610
b1111100100110000 #
0!
#106615
b1011010000001111 #
1!
#106620
b1001111110110010 #
0!
#106625
b1111010100000111 #
1!
#106630
b1111101110100110 #
0!
#106635
b100101001001001 #
1!
#106640
b1110111100101011 #
0!
#106645
b1111101001110111 #
1!
#106650
b100000011101100 #
0!
#106655
b111101101100010 #
1!
#106660
b1110101011000110 #
0!
#106665
b100100111001101 #
1!
#106670
b1000100110111000 #
0!
#106675
b1101001100001110 #
1!
#106680
b1010111110010111 #
0!
#106685
b100110110011100 #
1!
#106690
b100111001011111 #
0!
#106695
b1001110001101001 #
1!
#106700
b1011001110110 #
0!
#106705
b11000000001111 #
1!
#106710
b1100111110000001 #
0!
#106715
b1110010001000111 #
1!
#106720
b1011111010100011 #
0!
#106725
b1110000110001100 #
1!
#106730
b10110111011 #
0!
#106735
b111100001101001 #
1!
#106740
b110111010 #
0!
#106745
b101100100001 #
1!
#106750
b1010110011000011 #
0!
#106755
b1110001110101101 #
1!
#106760
b1111110000011101 #
0!
#106765
b1100001111101 #
1!
#106770
b100001111110110 #
0!
#106775
b111000011010101 #
1!
#106780
b1000101010011110 #
0!
#106785
b11100011101101 #
1!
#106790
b111000100 #
0!
#106795
b10110011111110 #
1!
#106800
b100100110010011 #
0!
#106805
b101001000001110 #
1!
#106810
b1110010011111111 #
0!
#106815
b1110001001010110 #
1!
#106820
b1001001100010011 #
0!
#106825
b1100010110100 #
1!
#106830
b1010110001110101 #
0!
#106835
b1111100111000 #
1!
#106840
b1000010110010011 #
0!
#106845
b1111000110111100 #
1!
#106850
b1101000011011001 #
0!
#106855
b10111100110111 #
1!
#106860
b1111101110011011 #
0!
#106865
b101000110101 #
1!
#106870
b1000111001110100 #
0!
#106875
b1111100110110 #
1!
#106880
b1001000011000111 #
0!
#106885
b101000110110110 #
1!
#106890
b1110001110001011 #
0!
#106895
b1011100100101110 #
1!
#106900
b1010000111010111 #
0!
#106905
b111000100101100 #
1!
#106910
b1000011111111011 #
0!
#106915
b1000100110101000 #
1!
#106920
b100101011110110 #
0!
#106925
b1101010000001110 #
1!
#106930
b1111101111111111 #
0!
#106935
b1101101010001101 #
1!
#106940
b110011011111100 #
0!
#106945
b1010101100110111 #
1!
#106950
b111100110011111 #
0!
#106955
b1011110001101110 #
1!
#106960
b1001001111100001 #
0!
#106965
b1101110001001111 #
1!
#106970
b1111101110110011 #
0!
#106975
b1111100011000100 #
1!
#106980
b10101000011001 #
0!
#106985
b1011000011000 #
1!
#106990
b11111011111110 #
0!
#106995
b1110101010111 #
1!
#107000
b100101000000111 #
0!
#107005
b1100010101101101 #
1!
#107010
b1100000101010011 #
0!
#107015
b111001001010101 #
1!
#107020
b1100111001001111 #
0!
#107025
b1010001011001 #
1!
#107030
b1011110001000000 #
0!
#107035
b100000111001 #
1!
#107040
b101001100111011 #
0!
#107045
b1111001000010111 #
1!
#107050
b10111000110000 #
0!
#107055
b1010011000010111 #
1!
#107060
b11000011011011 #
0!
#107065
b11001001111 #
1!
#107070
b1101001010000011 #
0!
#107075
b1101110001101001 #
1!
#107080
b1000100100101111 #
0!
#107085
b1100000101110000 #
1!
#107090
b10001010010100 #
0!
#107095
b1111011111101001 #
1!
#107100
b11001100000101 #
0!
#107105
b100110101111100 #
1!
#107110
b101111100011110 #
0!
#107115
b1111111110011111 #
1!
#107120
b1100110111000111 #
0!
#107125
b1001010000011011 #
1!
#107130
b111111011111101 #
0!
#107135
b1100000010110101 #
1!
#107140
b1011001111101111 #
0!
#107145
b100010001010011 #
1!
#107150
b100001111001010 #
0!
#107155
b1100101000100110 #
1!
#107160
b101100000 #
0!
#107165
b1100101110110011 #
1!
#107170
b10001000110011 #
0!
#107175
b110011111100001 #
1!
#107180
b1001001001001001 #
0!
#107185
b100111001011010 #
1!
#107190
b101110110101001 #
0!
#107195
b1010000001111111 #
1!
#107200
b10011101100 #
0!
#107205
b1100001010011100 #
1!
#107210
b1110110000111011 #
0!
#107215
b100011000010111 #
1!
#107220
b1011000111011000 #
0!
#107225
b1100111010101111 #
1!
#107230
b1000110100101101 #
0!
#107235
b1110001001011001 #
1!
#107240
b1011011111110010 #
0!
#107245
b1101111000110100 #
1!
#107250
b1011110000110101 #
0!
#107255
b1100001101110010 #
1!
#107260
b1110111011101011 #
0!
#107265
b1111011101000 #
1!
#107270
b1011010011011111 #
0!
#107275
b1111000011101100 #
1!
#107280
b1111011001101100 #
0!
#107285
b111110101101010 #
1!
#107290
b111010100001100 #
0!
#107295
b11100100000111 #
1!
#107300
b10101110100110 #
0!
#107305
b1010001001011000 #
1!
#107310
b1011010100000101 #
0!
#107315
b10100010110110 #
1!
#107320
b1010011010000110 #
0!
#107325
b1111111110101111 #
1!
#107330
b1111001100010011 #
0!
#107335
b101111010000 #
1!
#107340
b100011100110110 #
0!
#107345
b1011101110110010 #
1!
#107350
b110101000101001 #
0!
#107355
b1110101010010001 #
1!
#107360
b1010011000111110 #
0!
#107365
b1100001001001000 #
1!
#107370
b1100001111000 #
0!
#107375
b1001011011111010 #
1!
#107380
b10000011011011 #
0!
#107385
b1100010100001100 #
1!
#107390
b1011100010000011 #
0!
#107395
b1001100000110101 #
1!
#107400
b1101010011100011 #
0!
#107405
b10101000000100 #
1!
#107410
b1100010010011010 #
0!
#107415
b11110110001011 #
1!
#107420
b1001101011011000 #
0!
#107425
b10000001000000 #
1!
#107430
b111110000111011 #
0!
#107435
b1001000000001100 #
1!
#107440
b1000001110010 #
0!
#107445
b1001010101001011 #
1!
#107450
b1101100001000111 #
0!
#107455
b110000101110011 #
1!
#107460
b1001001101000110 #
0!
#107465
b11000110110011 #
1!
#107470
b1001011010010101 #
0!
#107475
b11010001110011 #
1!
#107480
b11110011011000 #
0!
#107485
b110001010010100 #
1!
#107490
b11010011001010 #
0!
#107495
b101110111110001 #
1!
#107500
b1110101010111101 #
0!
#107505
b101010101110011 #
1!
#107510
b1110101111110101 #
0!
#107515
b1110010001010001 #
1!
#107520
b11100100001110 #
0!
#107525
b1111001100111000 #
1!
#107530
b1011010111101000 #
0!
#107535
b1001010101100011 #
1!
#107540
b1000000011100111 #
0!
#107545
b1110101010111101 #
1!
#107550
b101001011000101 #
0!
#107555
b1111111100010100 #
1!
#107560
b1110001000011100 #
0!
#107565
b1010011010100011 #
1!
#107570
b11111010110101 #
0!
#107575
b110100001101110 #
1!
#107580
b11011011101111 #
0!
#107585
b101001111100011 #
1!
#107590
b1011001101000001 #
0!
#107595
b1110001000001010 #
1!
#107600
b1101111110010 #
0!
#107605
b1101110111100111 #
1!
#107610
b1010111101001011 #
0!
#107615
b11011010001000 #
1!
#107620
b1110101111001110 #
0!
#107625
b1111000010000110 #
1!
#107630
b1110101000011000 #
0!
#107635
b1111001100011111 #
1!
#107640
b1100001000101101 #
0!
#107645
b1111011110110011 #
1!
#107650
b1110010101100010 #
0!
#107655
b110000111101001 #
1!
#107660
b111111001111010 #
0!
#107665
b1111001000100 #
1!
#107670
b1101100111110111 #
0!
#107675
b1000110011110111 #
1!
#107680
b1011100010110010 #
0!
#107685
b101001010100001 #
1!
#107690
b1100001111000110 #
0!
#107695
b100010011001110 #
1!
#107700
b1101000111111000 #
0!
#107705
b100000110110010 #
1!
#107710
b101111111101110 #
0!
#107715
b1001001100100 #
1!
#107720
b1101111000110000 #
0!
#107725
b101001111101011 #
1!
#107730
b10011010101101 #
0!
#107735
b100010000101010 #
1!
#107740
b1100001101001001 #
0!
#107745
b1011011111000100 #
1!
#107750
b101101010111000 #
0!
#107755
b1110010101001011 #
1!
#107760
b1010001111100 #
0!
#107765
b101010001111111 #
1!
#107770
b1111001011110000 #
0!
#107775
b1011111110101110 #
1!
#107780
b11001100110110 #
0!
#107785
b1101111110001110 #
1!
#107790
b1010110011100011 #
0!
#107795
b110000011010110 #
1!
#107800
b11100011010011 #
0!
#107805
b1011101001110001 #
1!
#107810
b10000100001 #
0!
#107815
b1010100110101 #
1!
#107820
b1000000101 #
0!
#107825
b1100001101000 #
1!
#107830
b11011111010011 #
0!
#107835
b1110011100010011 #
1!
#107840
b10101111110110 #
0!
#107845
b1110010011001110 #
1!
#107850
b11111110000100 #
0!
#107855
b1010010110001111 #
1!
#107860
b1000100000011 #
0!
#107865
b1100011001110001 #
1!
#107870
b1101100110101110 #
0!
#107875
b1101100111101101 #
1!
#107880
b1100110000101011 #
0!
#107885
b10111111001110 #
1!
#107890
b1000000111100010 #
0!
#107895
b1100111010101100 #
1!
#107900
b11111111110111 #
0!
#107905
b100100101110001 #
1!
#107910
b111000000100000 #
0!
#107915
b1001010110001100 #
1!
#107920
b1111111100011011 #
0!
#107925
b1111111101101010 #
1!
#107930
b1010100001000011 #
0!
#107935
b1111011100100101 #
1!
#107940
b110101001101110 #
0!
#107945
b1111110000011101 #
1!
#107950
b1110000000000011 #
0!
#107955
b111110000001001 #
1!
#107960
b1001111110010011 #
0!
#107965
b1010111001001100 #
1!
#107970
b1001011110000011 #
0!
#107975
b111011100101100 #
1!
#107980
b111011011101010 #
0!
#107985
b100001110111000 #
1!
#107990
b11111100100 #
0!
#107995
b1111000010001110 #
1!
#108000
b1000110100011111 #
0!
#108005
b1010010100100011 #
1!
#108010
b10110011001110 #
0!
#108015
b1011001011010010 #
1!
#108020
b100000111110011 #
0!
#108025
b111110000011010 #
1!
#108030
b1100001101101111 #
0!
#108035
b100111111001110 #
1!
#108040
b1010101110001111 #
0!
#108045
b11110001010110 #
1!
#108050
b100100011101110 #
0!
#108055
b101110110011 #
1!
#108060
b1010101100000101 #
0!
#108065
b101000010000 #
1!
#108070
b1111100110110000 #
0!
#108075
b1111011111100010 #
1!
#108080
b1101100001001110 #
0!
#108085
b1101011000011001 #
1!
#108090
b1100110010001011 #
0!
#108095
b1101110000000100 #
1!
#108100
b1001001101011111 #
0!
#108105
b100101000011110 #
1!
#108110
b1000001000111110 #
0!
#108115
b100101110000100 #
1!
#108120
b1111010110101010 #
0!
#108125
b1101010011011010 #
1!
#108130
b1001011100111101 #
0!
#108135
b1000101011111010 #
1!
#108140
b1101101010110001 #
0!
#108145
b1001111110100101 #
1!
#108150
b100010100111111 #
0!
#108155
b1010100010101001 #
1!
#108160
b1101111111101011 #
0!
#108165
b1001010000011101 #
1!
#108170
b1000100110000100 #
0!
#108175
b111001010011001 #
1!
#108180
b110000110101101 #
0!
#108185
b110010001100100 #
1!
#108190
b1111001010011 #
0!
#108195
b111001001111100 #
1!
#108200
b111100001010111 #
0!
#108205
b111100110100110 #
1!
#108210
b1000001110100000 #
0!
#108215
b1111011011011010 #
1!
#108220
b11001110100 #
0!
#108225
b1111110001011101 #
1!
#108230
b1110111001011000 #
0!
#108235
b100010111001 #
1!
#108240
b1010001000001111 #
0!
#108245
b1101111100010011 #
1!
#108250
b110000101000111 #
0!
#108255
b111010000111011 #
1!
#108260
b1010101011101000 #
0!
#108265
b1100100000010100 #
1!
#108270
b1001011000010001 #
0!
#108275
b1100100001101001 #
1!
#108280
b11101011001111 #
0!
#108285
b10100111001010 #
1!
#108290
b100000111010 #
0!
#108295
b100111110100111 #
1!
#108300
b10111011010110 #
0!
#108305
b10100100110111 #
1!
#108310
b1111010110101110 #
0!
#108315
b1001111111100 #
1!
#108320
b10000110001101 #
0!
#108325
b1011010101010000 #
1!
#108330
b101011111000011 #
0!
#108335
b1110001111000001 #
1!
#108340
b111000000001011 #
0!
#108345
b111101110011110 #
1!
#108350
b1110100100110011 #
0!
#108355
b100100011000110 #
1!
#108360
b11011011110110 #
0!
#108365
b1110010111111000 #
1!
#108370
b10101100000010 #
0!
#108375
b1001001110010011 #
1!
#108380
b101001000111110 #
0!
#108385
b1111010101101 #
1!
#108390
b101010110111111 #
0!
#108395
b1100100111010101 #
1!
#108400
b101110111001110 #
0!
#108405
b1011111111010 #
1!
#108410
b110011000101100 #
0!
#108415
b1011110010010010 #
1!
#108420
b1011001011100001 #
0!
#108425
b111011100011011 #
1!
#108430
b1100110110010 #
0!
#108435
b1111010000110010 #
1!
#108440
b111000100110010 #
0!
#108445
b1010110011100010 #
1!
#108450
b1110100010100000 #
0!
#108455
b1100000000001110 #
1!
#108460
b111000011010000 #
0!
#108465
b1110001100010001 #
1!
#108470
b1001110110101 #
0!
#108475
b10110001111001 #
1!
#108480
b101001010110011 #
0!
#108485
b10101101000 #
1!
#108490
b1001001111011011 #
0!
#108495
b1111111110 #
1!
#108500
b111000111100011 #
0!
#108505
b1100000010101111 #
1!
#108510
b10010010100001 #
0!
#108515
b1100111111010011 #
1!
#108520
b1110010001010111 #
0!
#108525
b1000000110011110 #
1!
#108530
b100001101010011 #
0!
#108535
b1101110100100111 #
1!
#108540
b1000110001010100 #
0!
#108545
b111001011101111 #
1!
#108550
b10110001000101 #
0!
#108555
b11101001010100 #
1!
#108560
b11001110101 #
0!
#108565
b111111110000100 #
1!
#108570
b1101101100101011 #
0!
#108575
b1011001010101000 #
1!
#108580
b1010101000011010 #
0!
#108585
b101011011100110 #
1!
#108590
b110100001110 #
0!
#108595
b1101001010110100 #
1!
#108600
b1001011101111010 #
0!
#108605
b110000000000000 #
1!
#108610
b11101111001011 #
0!
#108615
b1110010011100111 #
1!
#108620
b1010010000001110 #
0!
#108625
b1100110101101100 #
1!
#108630
b1010001010001111 #
0!
#108635
b1111010101101000 #
1!
#108640
b111010110000011 #
0!
#108645
b1000011000101001 #
1!
#108650
b100000001011001 #
0!
#108655
b1101000111011011 #
1!
#108660
b110000011111111 #
0!
#108665
b11011100010111 #
1!
#108670
b1100111011100101 #
0!
#108675
b1100100011 #
1!
#108680
b1000001111011101 #
0!
#108685
b100110100000001 #
1!
#108690
b1100110000001100 #
0!
#108695
b1101100010110111 #
1!
#108700
b1011100010100001 #
0!
#108705
b1111010010100110 #
1!
#108710
b111001100000000 #
0!
#108715
b101110010101011 #
1!
#108720
b1010000001100100 #
0!
#108725
b1100110000011 #
1!
#108730
b1100000001101000 #
0!
#108735
b101101011110101 #
1!
#108740
b1001001001011011 #
0!
#108745
b110010111000001 #
1!
#108750
b110111111001011 #
0!
#108755
b110000000010111 #
1!
#108760
b1010110011000101 #
0!
#108765
b100010100011010 #
1!
#108770
b1111101001001111 #
0!
#108775
b1011100010111110 #
1!
#108780
b1100100111110011 #
0!
#108785
b1110011000011000 #
1!
#108790
b1010000000110000 #
0!
#108795
b110111101101001 #
1!
#108800
b1000011110011000 #
0!
#108805
b11011001110000 #
1!
#108810
b101110111111101 #
0!
#108815
b101000010111100 #
1!
#108820
b100000000100100 #
0!
#108825
b1101110011101100 #
1!
#108830
b1110101000000001 #
0!
#108835
b1110100010001011 #
1!
#108840
b1000101100010 #
0!
#108845
b100101010100101 #
1!
#108850
b1100010111011110 #
0!
#108855
b1000010100111111 #
1!
#108860
b1101010100000111 #
0!
#108865
b1010011011110001 #
1!
#108870
b10101111000001 #
0!
#108875
b10110010100101 #
1!
#108880
b10100101110101 #
0!
#108885
b1110000011011111 #
1!
#108890
b1010001000010 #
0!
#108895
b1011001011001000 #
1!
#108900
b110101001100100 #
0!
#108905
b1010001010001101 #
1!
#108910
b100000101000110 #
0!
#108915
b1001110011011111 #
1!
#108920
b1011000010101011 #
0!
#108925
b101101000111110 #
1!
#108930
b10110111111000 #
0!
#108935
b11101111111010 #
1!
#108940
b1101110111100000 #
0!
#108945
b11001001111110 #
1!
#108950
b1000101000011 #
0!
#108955
b1001100001110110 #
1!
#108960
b1000100000001000 #
0!
#108965
b1011000110000 #
1!
#108970
b1110100111000011 #
0!
#108975
b1000000011011101 #
1!
#108980
b1000100001111 #
0!
#108985
b1011010011011111 #
1!
#108990
b111010110110000 #
0!
#108995
b111111000111010 #
1!
#109000
b1000111100111011 #
0!
#109005
b111011100100011 #
1!
#109010
b10111010110000 #
0!
#109015
b1101111110001110 #
1!
#109020
b1110000101100000 #
0!
#109025
b1000100010000100 #
1!
#109030
b101000100001111 #
0!
#109035
b1010111101101000 #
1!
#109040
b1010001011111000 #
0!
#109045
b1101100110010111 #
1!
#109050
b1101101101010000 #
0!
#109055
b1011100001001010 #
1!
#109060
b11000111101100 #
0!
#109065
b1000011000111 #
1!
#109070
b1000010010010100 #
0!
#109075
b1000101111100111 #
1!
#109080
b1010011100111001 #
0!
#109085
b1001111110010011 #
1!
#109090
b1100110111001011 #
0!
#109095
b110111011011000 #
1!
#109100
b1110000100101001 #
0!
#109105
b1010110110100001 #
1!
#109110
b1110111100101011 #
0!
#109115
b111000111011111 #
1!
#109120
b111101101100000 #
0!
#109125
b10011001110111 #
1!
#109130
b1110011011011100 #
0!
#109135
b101111101010000 #
1!
#109140
b1100111001110010 #
0!
#109145
b1011101000110101 #
1!
#109150
b111000101100001 #
0!
#109155
b1100001010110111 #
1!
#109160
b1111110000110010 #
0!
#109165
b1101001100101110 #
1!
#109170
b11110100100 #
0!
#109175
b1110101001010000 #
1!
#109180
b1101110101111101 #
0!
#109185
b1001101110101101 #
1!
#109190
b1110100000101001 #
0!
#109195
b1110000101110001 #
1!
#109200
b110110110110 #
0!
#109205
b11000100 #
1!
#109210
b111001100000 #
0!
#109215
b111000001111011 #
1!
#109220
b1110100110100101 #
0!
#109225
b1010111010000001 #
1!
#109230
b11011010000011 #
0!
#109235
b10100001100001 #
1!
#109240
b1000110011111000 #
0!
#109245
b1001101010111 #
1!
#109250
b1101110000000101 #
0!
#109255
b101001101101101 #
1!
#109260
b1101010100011100 #
0!
#109265
b101011000011001 #
1!
#109270
b11110000000101 #
0!
#109275
b1111101001001100 #
1!
#109280
b101110110100101 #
0!
#109285
b110011101100111 #
1!
#109290
b101001010110101 #
0!
#109295
b1110111000000011 #
1!
#109300
b111111111111010 #
0!
#109305
b1111000011001110 #
1!
#109310
b1101101000111111 #
0!
#109315
b1011100011100001 #
1!
#109320
b101101110001001 #
0!
#109325
b101111110010000 #
1!
#109330
b101000100010001 #
0!
#109335
b1010011000000101 #
1!
#109340
b1100100100101000 #
0!
#109345
b1101111001010000 #
1!
#109350
b1110111100000111 #
0!
#109355
b1100001010010011 #
1!
#109360
b110011111110000 #
0!
#109365
b101100010010111 #
1!
#109370
b1011001001111001 #
0!
#109375
b1101100100110001 #
1!
#109380
b1001000100110101 #
0!
#109385
b111111001101000 #
1!
#109390
b101101110011000 #
0!
#109395
b111010111011000 #
1!
#109400
b110001011100110 #
0!
#109405
b1011011111011111 #
1!
#109410
b101111000011010 #
0!
#109415
b1110010110101000 #
1!
#109420
b1011100100000000 #
0!
#109425
b11000000010111 #
1!
#109430
b1111110010100011 #
0!
#109435
b11010110111111 #
1!
#109440
b10111001010011 #
0!
#109445
b1101011000111101 #
1!
#109450
b11000011101110 #
0!
#109455
b10111110111000 #
1!
#109460
b1111001001011 #
0!
#109465
b101011100100010 #
1!
#109470
b1011010100101100 #
0!
#109475
b101111111101110 #
1!
#109480
b1010100011111100 #
0!
#109485
b1101100101010 #
1!
#109490
b100010001001 #
0!
#109495
b1000100000111 #
1!
#109500
b1010010000100100 #
0!
#109505
b101000111101100 #
1!
#109510
b110011001011000 #
0!
#109515
b101001111111101 #
1!
#109520
b1011000101100000 #
0!
#109525
b1110001001010110 #
1!
#109530
b1100100011011000 #
0!
#109535
b1110111100011100 #
1!
#109540
b10100100111101 #
0!
#109545
b111110110111101 #
1!
#109550
b1110110000010010 #
0!
#109555
b111001000101111 #
1!
#109560
b10100001111010 #
0!
#109565
b1000101110011010 #
1!
#109570
b100111010110111 #
0!
#109575
b10100101001110 #
1!
#109580
b1000110000010011 #
0!
#109585
b11101101100101 #
1!
#109590
b10101010010001 #
0!
#109595
b1111110010000 #
1!
#109600
b1111000001100000 #
0!
#109605
b111100101001110 #
1!
#109610
b111110101100010 #
0!
#109615
b1110000001100 #
1!
#109620
b1010111100000000 #
0!
#109625
b1110110001000000 #
1!
#109630
b10111111 #
0!
#109635
b1011001101101101 #
1!
#109640
b1110011010111101 #
0!
#109645
b11011111000 #
1!
#109650
b11000011010011 #
0!
#109655
b10110110001001 #
1!
#109660
b111000000101011 #
0!
#109665
b1111001110010101 #
1!
#109670
b100110110000011 #
0!
#109675
b1001010000110001 #
1!
#109680
b1110101100110101 #
0!
#109685
b1001101001100011 #
1!
#109690
b100110011110110 #
0!
#109695
b1011011111000101 #
1!
#109700
b1011000101010101 #
0!
#109705
b1010101001011100 #
1!
#109710
b1111000111100100 #
0!
#109715
b10000110100000 #
1!
#109720
b1101111110100100 #
0!
#109725
b1001000100001111 #
1!
#109730
b1011000110111111 #
0!
#109735
b1110111111101 #
1!
#109740
b101000110001010 #
0!
#109745
b111010101100100 #
1!
#109750
b1100101000010010 #
0!
#109755
b1011011001101111 #
1!
#109760
b1010001000111000 #
0!
#109765
b100100000000110 #
1!
#109770
b11101000100100 #
0!
#109775
b1011110101110010 #
1!
#109780
b10111010101110 #
0!
#109785
b1011010111001110 #
1!
#109790
b1011101101001100 #
0!
#109795
b1011100101000100 #
1!
#109800
b1010101111000 #
0!
#109805
b10010000001100 #
1!
#109810
b1100101111110000 #
0!
#109815
b1111100110010011 #
1!
#109820
b10110011101101 #
0!
#109825
b1100010111110111 #
1!
#109830
b1010001010101001 #
0!
#109835
b1000011100001110 #
1!
#109840
b1010000011010 #
0!
#109845
b1000001000110110 #
1!
#109850
b100001001111111 #
0!
#109855
b10111110001011 #
1!
#109860
b10100000001100 #
0!
#109865
b100010111001 #
1!
#109870
b110001010111101 #
0!
#109875
b111111010111110 #
1!
#109880
b1000010011001001 #
0!
#109885
b1100010011011100 #
1!
#109890
b1000000001001111 #
0!
#109895
b1100000100101011 #
1!
#109900
b10010010011 #
0!
#109905
b1110000100001100 #
1!
#109910
b1101100000100010 #
0!
#109915
b1100110 #
1!
#109920
b100010111000001 #
0!
#109925
b100100011101000 #
1!
#109930
b110011101111110 #
0!
#109935
b110100110101 #
1!
#109940
b1001111011100000 #
0!
#109945
b1010101000001100 #
1!
#109950
b1110011011011011 #
0!
#109955
b110111110110011 #
1!
#109960
b11001001001111 #
0!
#109965
b111000110001110 #
1!
#109970
b1101001100011001 #
0!
#109975
b111001100000111 #
1!
#109980
b1101100000010110 #
0!
#109985
b1100011101011010 #
1!
#109990
b110101010100000 #
0!
#109995
b10011111000111 #
1!
#110000
b10111000101110 #
0!
#110005
b1001101001011111 #
1!
#110010
b1010011101011010 #
0!
#110015
b101011110100101 #
1!
#110020
b1001000011101011 #
0!
#110025
b1001011111011111 #
1!
#110030
b100010000000010 #
0!
#110035
b1000101001110011 #
1!
#110040
b1101011001001 #
0!
#110045
b10100110110101 #
1!
#110050
b1100001010111101 #
0!
#110055
b1001000100101 #
1!
#110060
b1010100001010100 #
0!
#110065
b111101011110000 #
1!
#110070
b101100001110100 #
0!
#110075
b1111101011010101 #
1!
#110080
b1101011001010111 #
0!
#110085
b111100110010001 #
1!
#110090
b1111110010 #
0!
#110095
b101101111010 #
1!
#110100
b1111111000011011 #
0!
#110105
b1101000111010010 #
1!
#110110
b1000000100101110 #
0!
#110115
b1101010101010000 #
1!
#110120
b100000011011110 #
0!
#110125
b1110110011000011 #
1!
#110130
b100110010111110 #
0!
#110135
b1001111110100000 #
1!
#110140
b111010101001000 #
0!
#110145
b1111100110011001 #
1!
#110150
b1010000011111000 #
0!
#110155
b111100011101010 #
1!
#110160
b11100100001011 #
0!
#110165
b1110001010000101 #
1!
#110170
b111110110100111 #
0!
#110175
b10110000100011 #
1!
#110180
b1110100001110001 #
0!
#110185
b101011101110000 #
1!
#110190
b1001100011010001 #
0!
#110195
b100100000000011 #
1!
#110200
b1010000011111011 #
0!
#110205
b1011110001101011 #
1!
#110210
b111001010010011 #
0!
#110215
b1011000010000 #
1!
#110220
b11110111101100 #
0!
#110225
b100010100111000 #
1!
#110230
b100011101110100 #
0!
#110235
b1010001001110101 #
1!
#110240
b101011011010000 #
0!
#110245
b1101100010110101 #
1!
#110250
b1000000111100 #
0!
#110255
b1011101100111100 #
1!
#110260
b100111111011010 #
0!
#110265
b10011010001110 #
1!
#110270
b1000110110111110 #
0!
#110275
b1110100100001010 #
1!
#110280
b11110100110111 #
0!
#110285
b1001100100000100 #
1!
#110290
b11010010000111 #
0!
#110295
b111101011101110 #
1!
#110300
b11011 #
0!
#110305
b101110000101010 #
1!
#110310
b100100111111000 #
0!
#110315
b111101001011011 #
1!
#110320
b11001111000011 #
0!
#110325
b101101101101010 #
1!
#110330
b1100000110111010 #
0!
#110335
b1011010111101101 #
1!
#110340
b11000000010110 #
0!
#110345
b100010110101000 #
1!
#110350
b101101111111111 #
0!
#110355
b1011011100001000 #
1!
#110360
b1011100101110 #
0!
#110365
b1000000111100011 #
1!
#110370
b1001001010010111 #
0!
#110375
b1100101111101100 #
1!
#110380
b1100000001101111 #
0!
#110385
b11111110100110 #
1!
#110390
b1010010001000100 #
0!
#110395
b1111110101010110 #
1!
#110400
b1100100101111000 #
0!
#110405
b110101000100001 #
1!
#110410
b1000110101001101 #
0!
#110415
b1101001001111 #
1!
#110420
b1000111010010010 #
0!
#110425
b1010110001000111 #
1!
#110430
b11110111100 #
0!
#110435
b1010111000100111 #
1!
#110440
b10101111100101 #
0!
#110445
b111010111000010 #
1!
#110450
b1000111101010100 #
0!
#110455
b10001011100 #
1!
#110460
b111110000100010 #
0!
#110465
b1110111000011010 #
1!
#110470
b101111010100001 #
0!
#110475
b10101101010111 #
1!
#110480
b1110011011100 #
0!
#110485
b10011100110 #
1!
#110490
b111011000100011 #
0!
#110495
b1110110011000011 #
1!
#110500
b110100001001011 #
0!
#110505
b110001101011011 #
1!
#110510
b1000111000011001 #
0!
#110515
b1101001101110101 #
1!
#110520
b111110110101000 #
0!
#110525
b111010100011011 #
1!
#110530
b10010011000101 #
0!
#110535
b10110010001100 #
1!
#110540
b11010011101101 #
0!
#110545
b110100110010010 #
1!
#110550
b111010011000010 #
0!
#110555
b11011100010 #
1!
#110560
b10101000010100 #
0!
#110565
b10101010111000 #
1!
#110570
b111101001010000 #
0!
#110575
b10100101011110 #
1!
#110580
b1011111110101110 #
0!
#110585
b110001110011101 #
1!
#110590
b1111000000010011 #
0!
#110595
b10010001000110 #
1!
#110600
b100111101011 #
0!
#110605
b1000001010001001 #
1!
#110610
b101011101000000 #
0!
#110615
b100000100101010 #
1!
#110620
b1110100011100111 #
0!
#110625
b1011000000001111 #
1!
#110630
b1110011010101000 #
0!
#110635
b1000110001110010 #
1!
#110640
b1111011001011010 #
0!
#110645
b1101110111101000 #
1!
#110650
b1001101110101001 #
0!
#110655
b1101001100111100 #
1!
#110660
b1001000001110111 #
0!
#110665
b1011000111110010 #
1!
#110670
b11000101100101 #
0!
#110675
b1010000110010101 #
1!
#110680
b1101001100101001 #
0!
#110685
b1001101100101010 #
1!
#110690
b10010001010001 #
0!
#110695
b100000010100000 #
1!
#110700
b1001100001101010 #
0!
#110705
b1100010111101110 #
1!
#110710
b1011001101111111 #
0!
#110715
b1011111111011000 #
1!
#110720
b111110111100001 #
0!
#110725
b1101001110111 #
1!
#110730
b1101011010100111 #
0!
#110735
b1110100111101101 #
1!
#110740
b1101111110010010 #
0!
#110745
b100101111000111 #
1!
#110750
b100110101100011 #
0!
#110755
b100100101011111 #
1!
#110760
b1101011011000101 #
0!
#110765
b1011111011111011 #
1!
#110770
b1001000110011000 #
0!
#110775
b10110001110100 #
1!
#110780
b100010111101101 #
0!
#110785
b1010001001000101 #
1!
#110790
b1101110001111110 #
0!
#110795
b1001111110011010 #
1!
#110800
b1100000110110100 #
0!
#110805
b1110010001111000 #
1!
#110810
b10111101001000 #
0!
#110815
b110101011001001 #
1!
#110820
b1010100011111010 #
0!
#110825
b10111101110010 #
1!
#110830
b100010111100000 #
0!
#110835
b1111000001001 #
1!
#110840
b1100011101000 #
0!
#110845
b1110111100111101 #
1!
#110850
b1001011110101000 #
0!
#110855
b10010101100 #
1!
#110860
b1110110111100110 #
0!
#110865
b100111101000011 #
1!
#110870
b110001111001000 #
0!
#110875
b10100001010010 #
1!
#110880
b1011111110010100 #
0!
#110885
b11101001110001 #
1!
#110890
b1010010111101101 #
0!
#110895
b101100001011000 #
1!
#110900
b1110111110011010 #
0!
#110905
b110000010010100 #
1!
#110910
b1011000000111 #
0!
#110915
b1111110111110 #
1!
#110920
b1001010001100101 #
0!
#110925
b10101011010001 #
1!
#110930
b11100011100111 #
0!
#110935
b1100100100101010 #
1!
#110940
b1001000010101100 #
0!
#110945
b1100010010010001 #
1!
#110950
b100001101001010 #
0!
#110955
b101111000010010 #
1!
#110960
b111101111011100 #
0!
#110965
b1110110111000 #
1!
#110970
b11010000111001 #
0!
#110975
b1011001110101111 #
1!
#110980
b1011000100101100 #
0!
#110985
b1101110001110110 #
1!
#110990
b1100011101000000 #
0!
#110995
b100101111001101 #
1!
#111000
b100111010010011 #
0!
#111005
b111001010011010 #
1!
#111010
b111011001101111 #
0!
#111015
b111011100001110 #
1!
#111020
b10111001010101 #
0!
#111025
b100110110010 #
1!
#111030
b1000000110011111 #
0!
#111035
b100001111000000 #
1!
#111040
b1111000101011011 #
0!
#111045
b1000101011010100 #
1!
#111050
b1110000111110100 #
0!
#111055
b111100111010010 #
1!
#111060
b1110111000011010 #
0!
#111065
b1010011001101100 #
1!
#111070
b101001000001111 #
0!
#111075
b1010010000001100 #
1!
#111080
b100001100110101 #
0!
#111085
b1100011111011110 #
1!
#111090
b101000011101101 #
0!
#111095
b1001000010110 #
1!
#111100
b1100101010010111 #
0!
#111105
b1100001100010 #
1!
#111110
b1101011101100 #
0!
#111115
b1101000001111000 #
1!
#111120
b10010100111010 #
0!
#111125
b1000010111011111 #
1!
#111130
b1010100111101001 #
0!
#111135
b1010100100010001 #
1!
#111140
b1010100101011101 #
0!
#111145
b1011110000110001 #
1!
#111150
b1011101011110010 #
0!
#111155
b10100000110100 #
1!
#111160
b111010001010010 #
0!
#111165
b10011010100001 #
1!
#111170
b1100100110000001 #
0!
#111175
b1001101111111101 #
1!
#111180
b110001010100110 #
0!
#111185
b1111001011110101 #
1!
#111190
b1000111000001 #
0!
#111195
b101011101011 #
1!
#111200
b1001011011001 #
0!
#111205
b110011100011 #
1!
#111210
b1000111011000111 #
0!
#111215
b100011001101000 #
1!
#111220
b1101111001011110 #
0!
#111225
b1110001001100 #
1!
#111230
b1111110101000100 #
0!
#111235
b1101100101000110 #
1!
#111240
b1110000000011010 #
0!
#111245
b1001001000001100 #
1!
#111250
b1101101010100001 #
0!
#111255
b111111011011 #
1!
#111260
b1111011100010111 #
0!
#111265
b1001101010111011 #
1!
#111270
b110000111111011 #
0!
#111275
b1111001011000001 #
1!
#111280
b1011111110110000 #
0!
#111285
b1111000111101 #
1!
#111290
b1000111111111111 #
0!
#111295
b101000011100100 #
1!
#111300
b1001000011010101 #
0!
#111305
b1100101001101110 #
1!
#111310
b1110000011100 #
0!
#111315
b1011011011101000 #
1!
#111320
b1000101011000011 #
0!
#111325
b101011000111 #
1!
#111330
b1000100011110100 #
0!
#111335
b110111110000101 #
1!
#111340
b1000011110111111 #
0!
#111345
b110001011100 #
1!
#111350
b111110100000 #
0!
#111355
b1000010111110100 #
1!
#111360
b10010100101100 #
0!
#111365
b1011110011111011 #
1!
#111370
b1010101010101000 #
0!
#111375
b1100011011111101 #
1!
#111380
b1011111010101011 #
0!
#111385
b1100001111001110 #
1!
#111390
b1100100101001 #
0!
#111395
b1011111011000100 #
1!
#111400
b110111001101101 #
0!
#111405
b1001000101011101 #
1!
#111410
b1101001000110101 #
0!
#111415
b1011101011110000 #
1!
#111420
b1001110010000 #
0!
#111425
b100110000111011 #
1!
#111430
b1100111000110 #
0!
#111435
b1100001000111000 #
1!
#111440
b100011010010110 #
0!
#111445
b1110011100111011 #
1!
#111450
b1110001001011010 #
0!
#111455
b1010100111111001 #
1!
#111460
b110100111010101 #
0!
#111465
b100110010000 #
1!
#111470
b1110111110011010 #
0!
#111475
b1111001111101100 #
1!
#111480
b1000111011111110 #
0!
#111485
b10000010011010 #
1!
#111490
b1011101000010011 #
0!
#111495
b1111000110001101 #
1!
#111500
b1001101001111101 #
0!
#111505
b101100011010010 #
1!
#111510
b111111101101001 #
0!
#111515
b1010111001010011 #
1!
#111520
b10011011101001 #
0!
#111525
b1001110010001111 #
1!
#111530
b11011000010001 #
0!
#111535
b1111011101001100 #
1!
#111540
b1000111000111011 #
0!
#111545
b1001101100011111 #
1!
#111550
b1010001011110111 #
0!
#111555
b101010000110100 #
1!
#111560
b1110110000000011 #
0!
#111565
b1011110111101100 #
1!
#111570
b11110100010000 #
0!
#111575
b1010110101001 #
1!
#111580
b1111101011010 #
0!
#111585
b10111100010110 #
1!
#111590
b11111001010101 #
0!
#111595
b100010110000011 #
1!
#111600
b1100000010111101 #
0!
#111605
b1101111001011001 #
1!
#111610
b1010100100001111 #
0!
#111615
b1010111111110111 #
1!
#111620
b10111110010011 #
0!
#111625
b111011010010010 #
1!
#111630
b11001000000100 #
0!
#111635
b1110000110011010 #
1!
#111640
b1000010010010001 #
0!
#111645
b110010111000001 #
1!
#111650
b101101101100011 #
0!
#111655
b10010111010010 #
1!
#111660
b1001111110110111 #
0!
#111665
b1101001011010110 #
1!
#111670
b101110111111110 #
0!
#111675
b1000011011011001 #
1!
#111680
b1100000011101 #
0!
#111685
b1010110000101100 #
1!
#111690
b11010110110110 #
0!
#111695
b1101010111101001 #
1!
#111700
b100110101000011 #
0!
#111705
b1010000100001000 #
1!
#111710
b1001111110011111 #
0!
#111715
b1001100110011110 #
1!
#111720
b101101100100101 #
0!
#111725
b1100111101010 #
1!
#111730
b1010111010100 #
0!
#111735
b10000000101111 #
1!
#111740
b1101111000111 #
0!
#111745
b100000100011001 #
1!
#111750
b1101011001100111 #
0!
#111755
b111011010011110 #
1!
#111760
b10101001101110 #
0!
#111765
b11000101110 #
1!
#111770
b1101110001101101 #
0!
#111775
b110011101011111 #
1!
#111780
b1110011000111111 #
0!
#111785
b1010100001000 #
1!
#111790
b1110010110100101 #
0!
#111795
b111111010100110 #
1!
#111800
b110101110000011 #
0!
#111805
b1101100111111010 #
1!
#111810
b110101010100001 #
0!
#111815
b100111101001 #
1!
#111820
b1001001000111011 #
0!
#111825
b111110010000010 #
1!
#111830
b1010101011111011 #
0!
#111835
b1000110101111 #
1!
#111840
b1111101001001101 #
0!
#111845
b1110110101110110 #
1!
#111850
b1010000001111111 #
0!
#111855
b110010001000001 #
1!
#111860
b1111110011101110 #
0!
#111865
b1101011011100110 #
1!
#111870
b100111001011 #
0!
#111875
b1000111101011110 #
1!
#111880
b1011100010010111 #
0!
#111885
b1010010110100011 #
1!
#111890
b101111001011001 #
0!
#111895
b1101110010000100 #
1!
#111900
b11000100010 #
0!
#111905
b1000010110101011 #
1!
#111910
b1101110101110100 #
0!
#111915
b101100011011110 #
1!
#111920
b1000010101101011 #
0!
#111925
b101111001101100 #
1!
#111930
b1000000011111011 #
0!
#111935
b1100111110000111 #
1!
#111940
b1000111100000011 #
0!
#111945
b1110010100011101 #
1!
#111950
b100010000011 #
0!
#111955
b1100101000011001 #
1!
#111960
b100000001010011 #
0!
#111965
b111110100011010 #
1!
#111970
b1110110011000001 #
0!
#111975
b1001101101000001 #
1!
#111980
b111011011001110 #
0!
#111985
b101011110001000 #
1!
#111990
b110101010110100 #
0!
#111995
b100101001010101 #
1!
#112000
b1100110001110101 #
0!
#112005
b101110100101001 #
1!
#112010
b111111110010001 #
0!
#112015
b1010010010010110 #
1!
#112020
b1001110101100010 #
0!
#112025
b11110010110010 #
1!
#112030
b1110001111011011 #
0!
#112035
b11010000101110 #
1!
#112040
b11110010011 #
0!
#112045
b110000101110111 #
1!
#112050
b1011110101111 #
0!
#112055
b100011010000001 #
1!
#112060
b1110001110101101 #
0!
#112065
b1111011111000111 #
1!
#112070
b101010110101011 #
0!
#112075
b1110100011110000 #
1!
#112080
b1100111011101100 #
0!
#112085
b1110100111011010 #
1!
#112090
b1001011101110111 #
0!
#112095
b1110010010100000 #
1!
#112100
b10011111111101 #
0!
#112105
b1110001110010100 #
1!
#112110
b1001101001011100 #
0!
#112115
b1100100101011000 #
1!
#112120
b11111111000 #
0!
#112125
b101000100010001 #
1!
#112130
b1101110111101111 #
0!
#112135
b1101111100011111 #
1!
#112140
b100101000101110 #
0!
#112145
b110000100110000 #
1!
#112150
b1001100000110100 #
0!
#112155
b11010110100100 #
1!
#112160
b1000111100001010 #
0!
#112165
b1111111100011010 #
1!
#112170
b1100101001000101 #
0!
#112175
b1001001000000100 #
1!
#112180
b10110110111001 #
0!
#112185
b1101001011111011 #
1!
#112190
b10111111101010 #
0!
#112195
b1000100100011010 #
1!
#112200
b100010111001101 #
0!
#112205
b100110111100001 #
1!
#112210
b11111000011111 #
0!
#112215
b110001111011000 #
1!
#112220
b1010111110100001 #
0!
#112225
b1001100000000100 #
1!
#112230
b11101111110100 #
0!
#112235
b10101011011001 #
1!
#112240
b100110100010 #
0!
#112245
b1010000001011000 #
1!
#112250
b1101011010111 #
0!
#112255
b1010110110110001 #
1!
#112260
b1010111001000110 #
0!
#112265
b1000111001000 #
1!
#112270
b1001111010100101 #
0!
#112275
b111011000011011 #
1!
#112280
b1011110111100010 #
0!
#112285
b101011111100100 #
1!
#112290
b11111110010000 #
0!
#112295
b1101001010100001 #
1!
#112300
b111100010010 #
0!
#112305
b1001101001011100 #
1!
#112310
b11100100111101 #
0!
#112315
b1100110111001101 #
1!
#112320
b100000111111011 #
0!
#112325
b1100111000110100 #
1!
#112330
b1000100000101101 #
0!
#112335
b11001010000000 #
1!
#112340
b1010110000000111 #
0!
#112345
b1001101011101000 #
1!
#112350
b1110100111001001 #
0!
#112355
b1000111110001001 #
1!
#112360
b111001101101111 #
0!
#112365
b110101101110100 #
1!
#112370
b1101100100101000 #
0!
#112375
b10111000010010 #
1!
#112380
b110101100110000 #
0!
#112385
b110101010001101 #
1!
#112390
b1001000111101110 #
0!
#112395
b1110111110100 #
1!
#112400
b11001110110110 #
0!
#112405
b1000100011011111 #
1!
#112410
b1000001001010 #
0!
#112415
b10010010011010 #
1!
#112420
b10011111101101 #
0!
#112425
b110111110101101 #
1!
#112430
b1000010001101 #
0!
#112435
b1101010001110111 #
1!
#112440
b110001111110110 #
0!
#112445
b1000101110110001 #
1!
#112450
b111001000000 #
0!
#112455
b111011010111101 #
1!
#112460
b1100001000100111 #
0!
#112465
b11110000101 #
1!
#112470
b100011001001101 #
0!
#112475
b1011001011000 #
1!
#112480
b1110001010101010 #
0!
#112485
b1100111001111100 #
1!
#112490
b1011010100010101 #
0!
#112495
b1000001011010100 #
1!
#112500
b1110101011001 #
0!
#112505
b1001000000110111 #
1!
#112510
b1010100000010 #
0!
#112515
b100010100111011 #
1!
#112520
b1001000100011101 #
0!
#112525
b1011011011011001 #
1!
#112530
b1110000110000100 #
0!
#112535
b1010100010010010 #
1!
#112540
b1011110000100 #
0!
#112545
b110110100101010 #
1!
#112550
b101100111110000 #
0!
#112555
b1011110011111000 #
1!
#112560
b100110011001000 #
0!
#112565
b1010000101111111 #
1!
#112570
b111010100110111 #
0!
#112575
b100110000010010 #
1!
#112580
b1000111111111011 #
0!
#112585
b1111110111001101 #
1!
#112590
b1111001011110111 #
0!
#112595
b1110000011010101 #
1!
#112600
b1111100010010100 #
0!
#112605
b1110111010101111 #
1!
#112610
b101000111010100 #
0!
#112615
b1100100001000000 #
1!
#112620
b110011000010011 #
0!
#112625
b1010000010111100 #
1!
#112630
b1100011010010110 #
0!
#112635
b1000000100111 #
1!
#112640
b111010111110111 #
0!
#112645
b1111111100001110 #
1!
#112650
b101000011111110 #
0!
#112655
b1000000010100100 #
1!
#112660
b111110110110011 #
0!
#112665
b1011011101000001 #
1!
#112670
b1010111011010101 #
0!
#112675
b1010101001000110 #
1!
#112680
b1001111111110010 #
0!
#112685
b11001011010100 #
1!
#112690
b101101100100011 #
0!
#112695
b1101010010010001 #
1!
#112700
b1011001111000000 #
0!
#112705
b1001111100110110 #
1!
#112710
b1000111100001010 #
0!
#112715
b111111101111 #
1!
#112720
b101011111110011 #
0!
#112725
b1110100101100000 #
1!
#112730
b100101100111011 #
0!
#112735
b10001110101001 #
1!
#112740
b1110011001110000 #
0!
#112745
b1011110101001100 #
1!
#112750
b100011010000001 #
0!
#112755
b1001111111111000 #
1!
#112760
b111111010010011 #
0!
#112765
b1000001100101100 #
1!
#112770
b101011000 #
0!
#112775
b1100110111001111 #
1!
#112780
b1111101101110101 #
0!
#112785
b110101110101011 #
1!
#112790
b1011010000000011 #
0!
#112795
b1011100101110001 #
1!
#112800
b1111010000110100 #
0!
#112805
b101111000011110 #
1!
#112810
b101111000100011 #
0!
#112815
b11000001101101 #
1!
#112820
b1100110000010000 #
0!
#112825
b110011110100 #
1!
#112830
b1011101000111100 #
0!
#112835
b1011111100011001 #
1!
#112840
b1001101101111111 #
0!
#112845
b1101111000111101 #
1!
#112850
b100001100101110 #
0!
#112855
b1011000100100001 #
1!
#112860
b11111011111101 #
0!
#112865
b1110100111 #
1!
#112870
b11011100000100 #
0!
#112875
b1000001000000 #
1!
#112880
b101000111000111 #
0!
#112885
b110000011000010 #
1!
#112890
b1000111000101101 #
0!
#112895
b1010101111001000 #
1!
#112900
b10111001000010 #
0!
#112905
b1010101111100101 #
1!
#112910
b100110000010 #
0!
#112915
b110011111100 #
1!
#112920
b1111010101000010 #
0!
#112925
b100011110001101 #
1!
#112930
b10000100010001 #
0!
#112935
b1000000111101001 #
1!
#112940
b111111011100001 #
0!
#112945
b110010110010001 #
1!
#112950
b1001100111001 #
0!
#112955
b1001111000111 #
1!
#112960
b110011100110000 #
0!
#112965
b1111000011111000 #
1!
#112970
b1101101011110110 #
0!
#112975
b1001000110000001 #
1!
#112980
b110001100100 #
0!
#112985
b1001001011010111 #
1!
#112990
b11010111101001 #
0!
#112995
b1000010001111010 #
1!
#113000
b1000100111010001 #
0!
#113005
b1011101000000111 #
1!
#113010
b1001110000000100 #
0!
#113015
b11101100101011 #
1!
#113020
b1011101001001101 #
0!
#113025
b1001010100001010 #
1!
#113030
b100110001011100 #
0!
#113035
b1100000010100111 #
1!
#113040
b11101001001100 #
0!
#113045
b101011111110 #
1!
#113050
b100010000011101 #
0!
#113055
b1110001110101101 #
1!
#113060
b110011101100011 #
0!
#113065
b1100100111101011 #
1!
#113070
b11110000000110 #
0!
#113075
b10100101010011 #
1!
#113080
b101101001101000 #
0!
#113085
b11101001010011 #
1!
#113090
b1011001001111011 #
0!
#113095
b1110001011100100 #
1!
#113100
b1111001011100111 #
0!
#113105
b1000111101001010 #
1!
#113110
b1110001110010010 #
0!
#113115
b1110000010011 #
1!
#113120
b1100100000101111 #
0!
#113125
b1011000000000001 #
1!
#113130
b1100100000100011 #
0!
#113135
b1001111000001101 #
1!
#113140
b11110110011100 #
0!
#113145
b100100100001010 #
1!
#113150
b1111001000110 #
0!
#113155
b1111101110001001 #
1!
#113160
b110011101101010 #
0!
#113165
b1100100100111100 #
1!
#113170
b110010100111110 #
0!
#113175
b111011101110001 #
1!
#113180
b10011010111001 #
0!
#113185
b101011110000100 #
1!
#113190
b1101010001001011 #
0!
#113195
b10001100111000 #
1!
#113200
b1010100000100 #
0!
#113205
b1110001010000011 #
1!
#113210
b110100101001111 #
0!
#113215
b1100100101110000 #
1!
#113220
b1000111010111010 #
0!
#113225
b1011001001001 #
1!
#113230
b1101111111010011 #
0!
#113235
b1111011011000110 #
1!
#113240
b1011000001000011 #
0!
#113245
b110000000010001 #
1!
#113250
b1011001001001010 #
0!
#113255
b1111011011101100 #
1!
#113260
b101011000001100 #
0!
#113265
b1110101101000101 #
1!
#113270
b10000100100010 #
0!
#113275
b1101010010010101 #
1!
#113280
b1101111101110 #
0!
#113285
b1010000010110101 #
1!
#113290
b10010010001011 #
0!
#113295
b101111100010100 #
1!
#113300
b101110110011011 #
0!
#113305
b11000001000100 #
1!
#113310
b111101101110011 #
0!
#113315
b1111110111011 #
1!
#113320
b11010101000101 #
0!
#113325
b10011111111 #
1!
#113330
b1001111110101101 #
0!
#113335
b110001010001101 #
1!
#113340
b1000001101000101 #
0!
#113345
b100100011010011 #
1!
#113350
b1100101010111111 #
0!
#113355
b11010101100000 #
1!
#113360
b1101111011100111 #
0!
#113365
b1110101011011010 #
1!
#113370
b1111110001000011 #
0!
#113375
b110000000000010 #
1!
#113380
b1010011000101000 #
0!
#113385
b1001010010000011 #
1!
#113390
b1111001001100110 #
0!
#113395
b111010101111011 #
1!
#113400
b1111011110001011 #
0!
#113405
b1011010101110111 #
1!
#113410
b10010001101011 #
0!
#113415
b1011101000001001 #
1!
#113420
b1010101011001101 #
0!
#113425
b111010110001101 #
1!
#113430
b1101000010110100 #
0!
#113435
b11111011100101 #
1!
#113440
b101110010100010 #
0!
#113445
b1100000110100111 #
1!
#113450
b1111001101001000 #
0!
#113455
b1100111001110010 #
1!
#113460
b110110100111101 #
0!
#113465
b100011111010101 #
1!
#113470
b100010101001001 #
0!
#113475
b1111010011011111 #
1!
#113480
b1111001011010110 #
0!
#113485
b111000010001010 #
1!
#113490
b100011101011001 #
0!
#113495
b1111111011110001 #
1!
#113500
b1100111011101010 #
0!
#113505
b110101001001100 #
1!
#113510
b11000001100000 #
0!
#113515
b1111010111100101 #
1!
#113520
b1001100001100111 #
0!
#113525
b10001010100011 #
1!
#113530
b1110101111 #
0!
#113535
b1010100100101001 #
1!
#113540
b1010111010000011 #
0!
#113545
b100001010110011 #
1!
#113550
b111010011110101 #
0!
#113555
b1010000111101001 #
1!
#113560
b10110101101110 #
0!
#113565
b11100101001011 #
1!
#113570
b10000000010 #
0!
#113575
b10110000010110 #
1!
#113580
b1110110110100001 #
0!
#113585
b10111111000010 #
1!
#113590
b1110111111001100 #
0!
#113595
b101100111110101 #
1!
#113600
b1000111111111000 #
0!
#113605
b1000010000101 #
1!
#113610
b10111110101110 #
0!
#113615
b1110111011011010 #
1!
#113620
b110110001010101 #
0!
#113625
b1000110110100010 #
1!
#113630
b1000000101011100 #
0!
#113635
b111101100011101 #
1!
#113640
b1010000000000110 #
0!
#113645
b110100101110 #
1!
#113650
b101111110000011 #
0!
#113655
b100100011100110 #
1!
#113660
b100010011001 #
0!
#113665
b1011111011011011 #
1!
#113670
b100010001110 #
0!
#113675
b110011011100010 #
1!
#113680
b100001101101101 #
0!
#113685
b1000101110010110 #
1!
#113690
b111011010000001 #
0!
#113695
b1001111110000101 #
1!
#113700
b1010011110011101 #
0!
#113705
b10001110001110 #
1!
#113710
b110100001101101 #
0!
#113715
b111111011100110 #
1!
#113720
b101001110010100 #
0!
#113725
b1110110001101011 #
1!
#113730
b101011101101100 #
0!
#113735
b101000011001011 #
1!
#113740
b10000011110110 #
0!
#113745
b1100100011101 #
1!
#113750
b111111010100110 #
0!
#113755
b10000000001100 #
1!
#113760
b1011000100010101 #
0!
#113765
b1001001000010001 #
1!
#113770
b1101110101000110 #
0!
#113775
b1011110111011000 #
1!
#113780
b101110110110001 #
0!
#113785
b1000101100 #
1!
#113790
b10101011110011 #
0!
#113795
b1010111011110011 #
1!
#113800
b11111100111001 #
0!
#113805
b1101100001010111 #
1!
#113810
b1110100010100011 #
0!
#113815
b100010010001101 #
1!
#113820
b11010100111101 #
0!
#113825
b100000100000110 #
1!
#113830
b100111101100000 #
0!
#113835
b1000100111001100 #
1!
#113840
b1101110101011001 #
0!
#113845
b10010010000011 #
1!
#113850
b101110111100000 #
0!
#113855
b100011010001111 #
1!
#113860
b1000111000111100 #
0!
#113865
b11000001011101 #
1!
#113870
b1100101101110011 #
0!
#113875
b110110011010 #
1!
#113880
b110100000011100 #
0!
#113885
b1101000111001101 #
1!
#113890
b1011000111110 #
0!
#113895
b10010110110100 #
1!
#113900
b100010100110010 #
0!
#113905
b11001001110000 #
1!
#113910
b111110000110100 #
0!
#113915
b1001101011001100 #
1!
#113920
b1100001010010110 #
0!
#113925
b100001000101010 #
1!
#113930
b1111100111010100 #
0!
#113935
b11110111010001 #
1!
#113940
b11110100010100 #
0!
#113945
b1010100010001010 #
1!
#113950
b100011100010000 #
0!
#113955
b1001010100110111 #
1!
#113960
b1100110101001010 #
0!
#113965
b1101011110000110 #
1!
#113970
b1110000001101001 #
0!
#113975
b1111000111100001 #
1!
#113980
b101000110111000 #
0!
#113985
b1111001011101011 #
1!
#113990
b11110100101 #
0!
#113995
b101100101110000 #
1!
#114000
b110010100000100 #
0!
#114005
b1110110101010100 #
1!
#114010
b1011000100101010 #
0!
#114015
b1001111010010101 #
1!
#114020
b110011000100010 #
0!
#114025
b110111100000101 #
1!
#114030
b1001110001100110 #
0!
#114035
b100100110001010 #
1!
#114040
b110110110011011 #
0!
#114045
b1110011001111111 #
1!
#114050
b100100101000011 #
0!
#114055
b1010011000110111 #
1!
#114060
b101100010110011 #
0!
#114065
b111111000100011 #
1!
#114070
b1110110000100010 #
0!
#114075
b1100010100101110 #
1!
#114080
b1100010010010000 #
0!
#114085
b10001111000010 #
1!
#114090
b1000010101010001 #
0!
#114095
b110110111111111 #
1!
#114100
b110100111010 #
0!
#114105
b1000000001101010 #
1!
#114110
b1101000001101101 #
0!
#114115
b10101100011000 #
1!
#114120
b100101110001100 #
0!
#114125
b1001010101 #
1!
#114130
b100101110111110 #
0!
#114135
b100101010110100 #
1!
#114140
b101110011100100 #
0!
#114145
b1101010000111110 #
1!
#114150
b10110011100101 #
0!
#114155
b1101101111110011 #
1!
#114160
b1101111011000000 #
0!
#114165
b1110010100000110 #
1!
#114170
b111011111110111 #
0!
#114175
b1010010010111111 #
1!
#114180
b10110000000101 #
0!
#114185
b1101110000000000 #
1!
#114190
b1110000101011010 #
0!
#114195
b11011010001111 #
1!
#114200
b110001100100010 #
0!
#114205
b10101110101000 #
1!
#114210
b1110100010000000 #
0!
#114215
b1101101110010011 #
1!
#114220
b101110111001110 #
0!
#114225
b1111100000111001 #
1!
#114230
b1100101011010100 #
0!
#114235
b1001110110000001 #
1!
#114240
b1011011010010000 #
0!
#114245
b11001011100101 #
1!
#114250
b1000001111110000 #
0!
#114255
b100101001110110 #
1!
#114260
b1100101111010111 #
0!
#114265
b1000011000010101 #
1!
#114270
b1100110101111100 #
0!
#114275
b110111000011110 #
1!
#114280
b1011100111001010 #
0!
#114285
b101111001110111 #
1!
#114290
b10001011000010 #
0!
#114295
b101011010101110 #
1!
#114300
b101100110010010 #
0!
#114305
b1110011001001100 #
1!
#114310
b1100010101100000 #
0!
#114315
b110011010001 #
1!
#114320
b100100001010101 #
0!
#114325
b110110110100 #
1!
#114330
b1010101000010011 #
0!
#114335
b101110100001110 #
1!
#114340
b1110010110010110 #
0!
#114345
b111101001100010 #
1!
#114350
b1001001000011101 #
0!
#114355
b1101010011011100 #
1!
#114360
b100100000110111 #
0!
#114365
b1001111010000101 #
1!
#114370
b1111100100110001 #
0!
#114375
b1011111011011101 #
1!
#114380
b101000011010001 #
0!
#114385
b1010001001001001 #
1!
#114390
b1100101100101 #
0!
#114395
b10011101101111 #
1!
#114400
b1001100110011010 #
0!
#114405
b111001010111001 #
1!
#114410
b1110111000011011 #
0!
#114415
b1101101000100010 #
1!
#114420
b111101110010110 #
0!
#114425
b1011110001101001 #
1!
#114430
b11011001100101 #
0!
#114435
b110010000100101 #
1!
#114440
b1011001000110 #
0!
#114445
b1110101110110110 #
1!
#114450
b110110011001110 #
0!
#114455
b1001101010010 #
1!
#114460
b100010010001100 #
0!
#114465
b10101111111011 #
1!
#114470
b1100101000001100 #
0!
#114475
b1110111011011111 #
1!
#114480
b1010001100000100 #
0!
#114485
b110010010001101 #
1!
#114490
b100111110000110 #
0!
#114495
b1100010001011001 #
1!
#114500
b1000110101111101 #
0!
#114505
b100101111010101 #
1!
#114510
b1011011000110100 #
0!
#114515
b10000011111100 #
1!
#114520
b1111011011010 #
0!
#114525
b100001001101110 #
1!
#114530
b111101111001100 #
0!
#114535
b101000100000010 #
1!
#114540
b11010000000011 #
0!
#114545
b111110110000111 #
1!
#114550
b1101100110101000 #
0!
#114555
b110000111111001 #
1!
#114560
b110101000101100 #
0!
#114565
b1110001101111001 #
1!
#114570
b1100110001110101 #
0!
#114575
b1101011000111 #
1!
#114580
b1101000011101 #
0!
#114585
b10001011011101 #
1!
#114590
b1000100001010 #
0!
#114595
b101101100111 #
1!
#114600
b110010110111100 #
0!
#114605
b1010011111110100 #
1!
#114610
b10010001110010 #
0!
#114615
b111110111111010 #
1!
#114620
b10000010010101 #
0!
#114625
b1001110111001001 #
1!
#114630
b100001010011001 #
0!
#114635
b111111001001010 #
1!
#114640
b1110110110000110 #
0!
#114645
b1110111111011001 #
1!
#114650
b110010010001101 #
0!
#114655
b1101101001001111 #
1!
#114660
b10010101011001 #
0!
#114665
b100100010011110 #
1!
#114670
b100100011011101 #
0!
#114675
b1111111010010 #
1!
#114680
b1110010110000000 #
0!
#114685
b1011011001111 #
1!
#114690
b110101111111100 #
0!
#114695
b1001010011001000 #
1!
#114700
b100110100010 #
0!
#114705
b1000011010111001 #
1!
#114710
b11000101001 #
0!
#114715
b100101101110110 #
1!
#114720
b10110000111011 #
0!
#114725
b1000010001111010 #
1!
#114730
b1100111011000 #
0!
#114735
b100100000000 #
1!
#114740
b1010101000000101 #
0!
#114745
b1011100110000001 #
1!
#114750
b101110100000100 #
0!
#114755
b101111001110000 #
1!
#114760
b1010001101011111 #
0!
#114765
b1001001100101011 #
1!
#114770
b100110101110111 #
0!
#114775
b1001100111010110 #
1!
#114780
b1110110001100111 #
0!
#114785
b11111111001001 #
1!
#114790
b10100101101111 #
0!
#114795
b1100000010010110 #
1!
#114800
b10011000001100 #
0!
#114805
b1010011011111001 #
1!
#114810
b1110100110100001 #
0!
#114815
b1010001101111000 #
1!
#114820
b1010110111000011 #
0!
#114825
b111011110010111 #
1!
#114830
b100110100001110 #
0!
#114835
b1100110010011000 #
1!
#114840
b1001101100011010 #
0!
#114845
b1110100110000 #
1!
#114850
b1100110010100110 #
0!
#114855
b1000100011001101 #
1!
#114860
b1100110111100010 #
0!
#114865
b1100000001000011 #
1!
#114870
b1010011000101100 #
0!
#114875
b1110001110011000 #
1!
#114880
b1101111100110011 #
0!
#114885
b101010000100111 #
1!
#114890
b1101011101010111 #
0!
#114895
b1010100001000001 #
1!
#114900
b10101011100101 #
0!
#114905
b1000000011111011 #
1!
#114910
b1011110100110 #
0!
#114915
b110010000101000 #
1!
#114920
b1101000011011001 #
0!
#114925
b1011000101101101 #
1!
#114930
b1110011011011101 #
0!
#114935
b110010111110001 #
1!
#114940
b1010100010110010 #
0!
#114945
b1000110101010 #
1!
#114950
b111111110101101 #
0!
#114955
b1011001010100000 #
1!
#114960
b101000000111111 #
0!
#114965
b1000111001100100 #
1!
#114970
b1101111101101110 #
0!
#114975
b1101100110100 #
1!
#114980
b10010001001011 #
0!
#114985
b1101010000110011 #
1!
#114990
b1011111101110011 #
0!
#114995
b10101011100001 #
1!
#115000
b100000100001101 #
0!
#115005
b101000100101111 #
1!
#115010
b1001110111100110 #
0!
#115015
b10110110000110 #
1!
#115020
b1000000011110011 #
0!
#115025
b10110000011100 #
1!
#115030
b1011010110101011 #
0!
#115035
b10110101101000 #
1!
#115040
b1000000111111001 #
0!
#115045
b101010000000100 #
1!
#115050
b1000111100 #
0!
#115055
b1111100011010110 #
1!
#115060
b1001101101000111 #
0!
#115065
b111011010001100 #
1!
#115070
b100001111110111 #
0!
#115075
b1101111001101 #
1!
#115080
b1110111001001101 #
0!
#115085
b1111110011100101 #
1!
#115090
b1110111011011100 #
0!
#115095
b1101111100101100 #
1!
#115100
b101010000100010 #
0!
#115105
b1001010110000 #
1!
#115110
b100011100101011 #
0!
#115115
b101001010011101 #
1!
#115120
b110101101000001 #
0!
#115125
b1010011110101011 #
1!
#115130
b100001011011100 #
0!
#115135
b100001110111010 #
1!
#115140
b1000110101111000 #
0!
#115145
b110001001111110 #
1!
#115150
b1010000001110010 #
0!
#115155
b11011010011000 #
1!
#115160
b1101011100111001 #
0!
#115165
b1011010010000001 #
1!
#115170
b1101111100010001 #
0!
#115175
b111111101000010 #
1!
#115180
b10010011111011 #
0!
#115185
b1100011111010110 #
1!
#115190
b11010101011011 #
0!
#115195
b10011101000101 #
1!
#115200
b1001011101011 #
0!
#115205
b1000010010101111 #
1!
#115210
b1001111000001010 #
0!
#115215
b1111011111100010 #
1!
#115220
b1111101010101111 #
0!
#115225
b1001110000001010 #
1!
#115230
b1101110010111011 #
0!
#115235
b1000000011110110 #
1!
#115240
b1111110001010111 #
0!
#115245
b111100111010100 #
1!
#115250
b110100011100110 #
0!
#115255
b101001000010 #
1!
#115260
b1111000101011000 #
0!
#115265
b100010110111001 #
1!
#115270
b111110001110111 #
0!
#115275
b1010010000011010 #
1!
#115280
b111010110101001 #
0!
#115285
b1110111101110110 #
1!
#115290
b1100100001000 #
0!
#115295
b1100000011011 #
1!
#115300
b1110010011001010 #
0!
#115305
b10001100011010 #
1!
#115310
b1111010000101000 #
0!
#115315
b1111010111111111 #
1!
#115320
b101110111110110 #
0!
#115325
b100100011110100 #
1!
#115330
b1000111010110011 #
0!
#115335
b1000001000100101 #
1!
#115340
b1011100000010110 #
0!
#115345
b1001000010011011 #
1!
#115350
b10001010100110 #
0!
#115355
b1100111011101010 #
1!
#115360
b1001001111011110 #
0!
#115365
b1110010111011011 #
1!
#115370
b1010110001111011 #
0!
#115375
b1010011101100001 #
1!
#115380
b100101110011010 #
0!
#115385
b1111001111100100 #
1!
#115390
b1110100001101010 #
0!
#115395
b1001010110010010 #
1!
#115400
b1111100000001010 #
0!
#115405
b10010010010110 #
1!
#115410
b101000110100001 #
0!
#115415
b1110011111000011 #
1!
#115420
b111110011101111 #
0!
#115425
b1010100100111010 #
1!
#115430
b10010011011010 #
0!
#115435
b1010011111111011 #
1!
#115440
b110111110001000 #
0!
#115445
b110011110000110 #
1!
#115450
b101110101001010 #
0!
#115455
b1010000000111110 #
1!
#115460
b10110010111010 #
0!
#115465
b1000101000100 #
1!
#115470
b1011011001101100 #
0!
#115475
b110001110110001 #
1!
#115480
b1101001000010001 #
0!
#115485
b110001110000 #
1!
#115490
b1010111010010000 #
0!
#115495
b11011000101111 #
1!
#115500
b11110001011100 #
0!
#115505
b1000101100101100 #
1!
#115510
b1000000110110000 #
0!
#115515
b10100101100110 #
1!
#115520
b10000011101 #
0!
#115525
b111011001010100 #
1!
#115530
b10100110000001 #
0!
#115535
b11000100111 #
1!
#115540
b1000101101111011 #
0!
#115545
b111100100100010 #
1!
#115550
b110001100110110 #
0!
#115555
b101101111100111 #
1!
#115560
b1110011011101111 #
0!
#115565
b110011100 #
1!
#115570
b1010101011110000 #
0!
#115575
b111000000011010 #
1!
#115580
b1111100101110111 #
0!
#115585
b11101101000000 #
1!
#115590
b11101001010010 #
0!
#115595
b101011001111100 #
1!
#115600
b101100001101001 #
0!
#115605
b1000010110010 #
1!
#115610
b1001100101111 #
0!
#115615
b1101100011100010 #
1!
#115620
b110010010111000 #
0!
#115625
b10111011001101 #
1!
#115630
b1110101011001010 #
0!
#115635
b111111010100001 #
1!
#115640
b11100011010001 #
0!
#115645
b11110010 #
1!
#115650
b100000110100110 #
0!
#115655
b1001100100110011 #
1!
#115660
b1011000111011001 #
0!
#115665
b1011010111100000 #
1!
#115670
b101000101010101 #
0!
#115675
b11001100100010 #
1!
#115680
b110011001101111 #
0!
#115685
b11011111111111 #
1!
#115690
b1011101000111 #
0!
#115695
b1010111100000 #
1!
#115700
b1011101010111110 #
0!
#115705
b10111101100010 #
1!
#115710
b100110100000111 #
0!
#115715
b1101000010010100 #
1!
#115720
b1100010100001011 #
0!
#115725
b111101110000 #
1!
#115730
b111001111101010 #
0!
#115735
b1010110110000111 #
1!
#115740
b110010101111011 #
0!
#115745
b1111110101110000 #
1!
#115750
b1100001110011000 #
0!
#115755
b1011100100110011 #
1!
#115760
b11001101001011 #
0!
#115765
b1110100011101010 #
1!
#115770
b11011001111110 #
0!
#115775
b1011111110100000 #
1!
#115780
b1000110100101010 #
0!
#115785
b111110000100010 #
1!
#115790
b1000110010001000 #
0!
#115795
b100110000011010 #
1!
#115800
b1000111111110111 #
0!
#115805
b10011010010001 #
1!
#115810
b100000000101000 #
0!
#115815
b1010110011100001 #
1!
#115820
b1010010010101 #
0!
#115825
b1000010101011 #
1!
#115830
b1000111100100111 #
0!
#115835
b1110101111011111 #
1!
#115840
b1011100100010000 #
0!
#115845
b10011111010111 #
1!
#115850
b111001000101111 #
0!
#115855
b1101010100001110 #
1!
#115860
b1101101011000111 #
0!
#115865
b1011011011100 #
1!
#115870
b1010100110000000 #
0!
#115875
b1111010010010001 #
1!
#115880
b1001001011011000 #
0!
#115885
b100101010110100 #
1!
#115890
b1010110011011111 #
0!
#115895
b1001100000100110 #
1!
#115900
b1100000101111101 #
0!
#115905
b1110111100001000 #
1!
#115910
b1011100000011010 #
0!
#115915
b1100101100001100 #
1!
#115920
b1111110010101000 #
0!
#115925
b1111000100111000 #
1!
#115930
b1100101100110110 #
0!
#115935
b101011011100110 #
1!
#115940
b1010010101110010 #
0!
#115945
b1111101001000110 #
1!
#115950
b1010000010100011 #
0!
#115955
b1100101110111101 #
1!
#115960
b1101010110111000 #
0!
#115965
b111101101111010 #
1!
#115970
b1011001110000010 #
0!
#115975
b111000010111101 #
1!
#115980
b110100010001100 #
0!
#115985
b1001101100010101 #
1!
#115990
b11111101110100 #
0!
#115995
b101010010110110 #
1!
#116000
b1111101110110101 #
0!
#116005
b100011111110001 #
1!
#116010
b100000011010100 #
0!
#116015
b100010100001111 #
1!
#116020
b1110101111110011 #
0!
#116025
b10110001100000 #
1!
#116030
b111001111111011 #
0!
#116035
b1100101100101010 #
1!
#116040
b101000101001000 #
0!
#116045
b1011011000100011 #
1!
#116050
b101010101011000 #
0!
#116055
b11010111100111 #
1!
#116060
b110111111000 #
0!
#116065
b1000011011100 #
1!
#116070
b1111000000001 #
0!
#116075
b1000101001001101 #
1!
#116080
b1011011001110001 #
0!
#116085
b10100110111010 #
1!
#116090
b1101000110001101 #
0!
#116095
b1001111111111110 #
1!
#116100
b1010110111100110 #
0!
#116105
b1010100011010011 #
1!
#116110
b10001111010000 #
0!
#116115
b1111011110000111 #
1!
#116120
b101011000011 #
0!
#116125
b1111111111110100 #
1!
#116130
b1001001001011011 #
0!
#116135
b1110001000100101 #
1!
#116140
b1010101110110110 #
0!
#116145
b101010000111111 #
1!
#116150
b101110100111100 #
0!
#116155
b110111000010111 #
1!
#116160
b10110110001011 #
0!
#116165
b1001011101111010 #
1!
#116170
b111110000001001 #
0!
#116175
b110010000010101 #
1!
#116180
b1110101110010101 #
0!
#116185
b111001101010011 #
1!
#116190
b1010111110000111 #
0!
#116195
b101000000001000 #
1!
#116200
b1111111111001000 #
0!
#116205
b101001010010000 #
1!
#116210
b110110000010110 #
0!
#116215
b111111010010100 #
1!
#116220
b100011101011100 #
0!
#116225
b110010101011010 #
1!
#116230
b1111011000101011 #
0!
#116235
b1111110010010000 #
1!
#116240
b110000000001101 #
0!
#116245
b1001000110101001 #
1!
#116250
b100010111110001 #
0!
#116255
b1001010100000101 #
1!
#116260
b1010010111011000 #
0!
#116265
b1000100111111101 #
1!
#116270
b1011001111110 #
0!
#116275
b1101010111001001 #
1!
#116280
b11000001000000 #
0!
#116285
b1011001001011101 #
1!
#116290
b1110010010001101 #
0!
#116295
b11001001111 #
1!
#116300
b1101111111111111 #
0!
#116305
b11111011100011 #
1!
#116310
b1110110000111110 #
0!
#116315
b11011111001011 #
1!
#116320
b100111100110111 #
0!
#116325
b1100010110100 #
1!
#116330
b10101011010110 #
0!
#116335
b11001100101100 #
1!
#116340
b1101101111111001 #
0!
#116345
b1110100110110110 #
1!
#116350
b101100011110000 #
0!
#116355
b1000010100101001 #
1!
#116360
b1001110000111010 #
0!
#116365
b1111011100011 #
1!
#116370
b1111011100010001 #
0!
#116375
b111101111001111 #
1!
#116380
b111001000010011 #
0!
#116385
b1110011010001000 #
1!
#116390
b11110000110000 #
0!
#116395
b1111011001100 #
1!
#116400
b1111101001100000 #
0!
#116405
b10101101010110 #
1!
#116410
b10101100001010 #
0!
#116415
b11110011110101 #
1!
#116420
b1000110110001111 #
0!
#116425
b1001011010001111 #
1!
#116430
b111100011010010 #
0!
#116435
b110001100101110 #
1!
#116440
b100011111001110 #
0!
#116445
b1001011100101011 #
1!
#116450
b1010010100101101 #
0!
#116455
b1101101001001010 #
1!
#116460
b1101001101 #
0!
#116465
b101100101010001 #
1!
#116470
b1110101011101010 #
0!
#116475
b1011000011110010 #
1!
#116480
b110000011010110 #
0!
#116485
b1100100011111101 #
1!
#116490
b100011010000000 #
0!
#116495
b1011001000111000 #
1!
#116500
b1011101001100010 #
0!
#116505
b1000111000100000 #
1!
#116510
b111010010110110 #
0!
#116515
b110101011100011 #
1!
#116520
b10101011111001 #
0!
#116525
b1110000011111 #
1!
#116530
b1110111101111010 #
0!
#116535
b10011100010010 #
1!
#116540
b1000111010000001 #
0!
#116545
b1001100000000001 #
1!
#116550
b1111010001100000 #
0!
#116555
b1110111101001101 #
1!
#116560
b1000001111000001 #
0!
#116565
b1111001000101000 #
1!
#116570
b111111110110100 #
0!
#116575
b1001010110011100 #
1!
#116580
b110010001001010 #
0!
#116585
b1101010111101100 #
1!
#116590
b100101010101000 #
0!
#116595
b1001111010111001 #
1!
#116600
b100101110000010 #
0!
#116605
b1010110011101100 #
1!
#116610
b1101011010001000 #
0!
#116615
b101110011111001 #
1!
#116620
b1011110000000 #
0!
#116625
b1010010101110011 #
1!
#116630
b101101001101110 #
0!
#116635
b1101101000000110 #
1!
#116640
b110001111111101 #
0!
#116645
b1010100011001001 #
1!
#116650
b1101001010000001 #
0!
#116655
b1110001111110101 #
1!
#116660
b1000101100001110 #
0!
#116665
b110011111000000 #
1!
#116670
b1111111100010010 #
0!
#116675
b111100101 #
1!
#116680
b1010100011010111 #
0!
#116685
b100100101011111 #
1!
#116690
b101100110111000 #
0!
#116695
b1000000110101110 #
1!
#116700
b1001101011111110 #
0!
#116705
b111101011111100 #
1!
#116710
b1101111000001 #
0!
#116715
b111000110111000 #
1!
#116720
b1111110000000001 #
0!
#116725
b1110101010100001 #
1!
#116730
b100010100000111 #
0!
#116735
b1001101110100011 #
1!
#116740
b10101001000011 #
0!
#116745
b100001000010000 #
1!
#116750
b1000111110010111 #
0!
#116755
b1000110111000100 #
1!
#116760
b100000111101101 #
0!
#116765
b1111000001000111 #
1!
#116770
b111011000100001 #
0!
#116775
b1001000100011100 #
1!
#116780
b1101001101100 #
0!
#116785
b1111011001010 #
1!
#116790
b11100010101101 #
0!
#116795
b1011001011010110 #
1!
#116800
b101010110111000 #
0!
#116805
b1011100110100011 #
1!
#116810
b1101000010001010 #
0!
#116815
b1100000111110110 #
1!
#116820
b100100100101111 #
0!
#116825
b110110001011101 #
1!
#116830
b1111101111110111 #
0!
#116835
b100010100110111 #
1!
#116840
b1011100100001 #
0!
#116845
b1010010111010100 #
1!
#116850
b11000101101101 #
0!
#116855
b1000110011001101 #
1!
#116860
b1001011111011100 #
0!
#116865
b1000110001000101 #
1!
#116870
b1011001000010011 #
0!
#116875
b1010001100001001 #
1!
#116880
b110011001101001 #
0!
#116885
b1001001010111 #
1!
#116890
b111100001010001 #
0!
#116895
b101001010001001 #
1!
#116900
b1110001010101000 #
0!
#116905
b1110000110001110 #
1!
#116910
b100000011101100 #
0!
#116915
b10101000000011 #
1!
#116920
b10011000010110 #
0!
#116925
b110010111111001 #
1!
#116930
b1000011010110111 #
0!
#116935
b111010101000111 #
1!
#116940
b111111011111 #
0!
#116945
b1100100001101111 #
1!
#116950
b1000011001000001 #
0!
#116955
b11110010001101 #
1!
#116960
b11011010001110 #
0!
#116965
b1111100000110001 #
1!
#116970
b11110010000111 #
0!
#116975
b101000010100110 #
1!
#116980
b1111100011110010 #
0!
#116985
b1010001001010110 #
1!
#116990
b110010100001110 #
0!
#116995
b11101000110110 #
1!
#117000
b111010110011000 #
0!
#117005
b11000011001010 #
1!
#117010
b111101101110000 #
0!
#117015
b100100101110000 #
1!
#117020
b1000001101100110 #
0!
#117025
b1101000001000010 #
1!
#117030
b1011100111001111 #
0!
#117035
b1000010110010101 #
1!
#117040
b1100000110111010 #
0!
#117045
b110101111111011 #
1!
#117050
b1110100011001 #
0!
#117055
b1011101010100110 #
1!
#117060
b1000101110100010 #
0!
#117065
b1011000110010000 #
1!
#117070
b110010110101101 #
0!
#117075
b111011110000000 #
1!
#117080
b1111110101111010 #
0!
#117085
b100011011010 #
1!
#117090
b100000111100 #
0!
#117095
b11111101001 #
1!
#117100
b1111001110100000 #
0!
#117105
b1010001100010100 #
1!
#117110
b100011001111111 #
0!
#117115
b111011110101001 #
1!
#117120
b100001111010 #
0!
#117125
b110100000101110 #
1!
#117130
b1101010011010 #
0!
#117135
b1001000101001011 #
1!
#117140
b1001100101111011 #
0!
#117145
b100010100010 #
1!
#117150
b11111110110111 #
0!
#117155
b1110000010011001 #
1!
#117160
b1100001001110111 #
0!
#117165
b1110110110100001 #
1!
#117170
b11001111010011 #
0!
#117175
b1011001001110010 #
1!
#117180
b101111111011110 #
0!
#117185
b100001011110001 #
1!
#117190
b11000000100010 #
0!
#117195
b1010100001000 #
1!
#117200
b101000101110 #
0!
#117205
b1111010101010101 #
1!
#117210
b11001100011101 #
0!
#117215
b1101000100101001 #
1!
#117220
b10001001010001 #
0!
#117225
b1010111111011010 #
1!
#117230
b1111011010010110 #
0!
#117235
b111010010011101 #
1!
#117240
b1100001000010010 #
0!
#117245
b1101110111010110 #
1!
#117250
b1111100111011110 #
0!
#117255
b100101101000111 #
1!
#117260
b1100011101101101 #
0!
#117265
b1010110100000001 #
1!
#117270
b111010101110010 #
0!
#117275
b110000000000101 #
1!
#117280
b1100101011110001 #
0!
#117285
b101001101110 #
1!
#117290
b110011100011101 #
0!
#117295
b111111111111111 #
1!
#117300
b10100011100110 #
0!
#117305
b1001111011010001 #
1!
#117310
b1000101100001101 #
0!
#117315
b11010001101111 #
1!
#117320
b1110011 #
0!
#117325
b1101100111010100 #
1!
#117330
b101101111011101 #
0!
#117335
b1100111010000100 #
1!
#117340
b10101101111100 #
0!
#117345
b1110010111100101 #
1!
#117350
b1011011110101 #
0!
#117355
b101011001101000 #
1!
#117360
b100010101110100 #
0!
#117365
b1010110101000110 #
1!
#117370
b1011011001010100 #
0!
#117375
b1001100000011010 #
1!
#117380
b1010101011001100 #
0!
#117385
b1101110011001000 #
1!
#117390
b1111101000011101 #
0!
#117395
b10001000010110 #
1!
#117400
b111100001001011 #
0!
#117405
b1110001111110101 #
1!
#117410
b101101000000001 #
0!
#117415
b11111101111111 #
1!
#117420
b1000101011111011 #
0!
#117425
b1110011000011000 #
1!
#117430
b1010111011101 #
0!
#117435
b1111100011010001 #
1!
#117440
b111110011100001 #
0!
#117445
b1101101011011110 #
1!
#117450
b10010010100010 #
0!
#117455
b1111110110110 #
1!
#117460
b1010100001000110 #
0!
#117465
b110011100001010 #
1!
#117470
b100010111100001 #
0!
#117475
b11101000011111 #
1!
#117480
b10111010110100 #
0!
#117485
b1111011011110110 #
1!
#117490
b1111010000001111 #
0!
#117495
b1001101000101111 #
1!
#117500
b1110011001110101 #
0!
#117505
b1011011001001101 #
1!
#117510
b110110011101000 #
0!
#117515
b100100000010010 #
1!
#117520
b110111010110111 #
0!
#117525
b1001010111000110 #
1!
#117530
b1010110011101011 #
0!
#117535
b1000001011001 #
1!
#117540
b10001000100100 #
0!
#117545
b11101101001100 #
1!
#117550
b110110001110000 #
0!
#117555
b1000000011111101 #
1!
#117560
b1111100001110 #
0!
#117565
b1011001010101 #
1!
#117570
b10101001000000 #
0!
#117575
b1110001010000111 #
1!
#117580
b11111111111000 #
0!
#117585
b101001111010001 #
1!
#117590
b10001100111100 #
0!
#117595
b100001010010101 #
1!
#117600
b1111010101110 #
0!
#117605
b1101101010000001 #
1!
#117610
b101000111110101 #
0!
#117615
b110111000111011 #
1!
#117620
b1100110101000 #
0!
#117625
b101110000001011 #
1!
#117630
b111000010111100 #
0!
#117635
b1111000001100111 #
1!
#117640
b100110011011111 #
0!
#117645
b100001010110001 #
1!
#117650
b1111110000100010 #
0!
#117655
b1010111010110 #
1!
#117660
b1001001011110000 #
0!
#117665
b1011100011101101 #
1!
#117670
b11010101010000 #
0!
#117675
b1110100110111001 #
1!
#117680
b1000100010010111 #
0!
#117685
b1010110111100100 #
1!
#117690
b1000101001010 #
0!
#117695
b11100110011110 #
1!
#117700
b1000101001100000 #
0!
#117705
b1100100011110001 #
1!
#117710
b100111101110100 #
0!
#117715
b1000110010111100 #
1!
#117720
b1011010110111000 #
0!
#117725
b111101000101011 #
1!
#117730
b110110101110010 #
0!
#117735
b11010000101011 #
1!
#117740
b1110001000001010 #
0!
#117745
b1110110100111111 #
1!
#117750
b1010001111000011 #
0!
#117755
b11110100110010 #
1!
#117760
b1011000000110110 #
0!
#117765
b101101110101 #
1!
#117770
b1110110000010111 #
0!
#117775
b110110000110011 #
1!
#117780
b111100000001111 #
0!
#117785
b1000001100101101 #
1!
#117790
b101111100000 #
0!
#117795
b101011001011111 #
1!
#117800
b101101100001111 #
0!
#117805
b1011111011000110 #
1!
#117810
b111011100000101 #
0!
#117815
b100000110110010 #
1!
#117820
b10111100010001 #
0!
#117825
b1110101000100011 #
1!
#117830
b110101000111111 #
0!
#117835
b11101001101010 #
1!
#117840
b1001001100101100 #
0!
#117845
b1111010111001010 #
1!
#117850
b1110011000001110 #
0!
#117855
b111001111000 #
1!
#117860
b1110001010000001 #
0!
#117865
b1000100111011011 #
1!
#117870
b1010001011000110 #
0!
#117875
b100101100010111 #
1!
#117880
b11101000100010 #
0!
#117885
b111011000110 #
1!
#117890
b1110110100010 #
0!
#117895
b11100000010011 #
1!
#117900
b111011011001111 #
0!
#117905
b1011011100001010 #
1!
#117910
b1001000001011011 #
0!
#117915
b1110010111100001 #
1!
#117920
b11000011001101 #
0!
#117925
b110101011101100 #
1!
#117930
b1111101001000011 #
0!
#117935
b1110100011001 #
1!
#117940
b1100100101110111 #
0!
#117945
b1101100001011111 #
1!
#117950
b1011101000111 #
0!
#117955
b110101101110100 #
1!
#117960
b101011111010110 #
0!
#117965
b110101100010000 #
1!
#117970
b101111011100010 #
0!
#117975
b1110111010101 #
1!
#117980
b1011101011110000 #
0!
#117985
b100111111100011 #
1!
#117990
b1001001111011 #
0!
#117995
b11110010001010 #
1!
#118000
b1000110000001000 #
0!
#118005
b110110010110110 #
1!
#118010
b10101000001111 #
0!
#118015
b1001011001001111 #
1!
#118020
b10101001111110 #
0!
#118025
b111011011000101 #
1!
#118030
b110010110111101 #
0!
#118035
b1011100000101000 #
1!
#118040
b1011000010011001 #
0!
#118045
b1101001110001011 #
1!
#118050
b11110000010100 #
0!
#118055
b1110110110111011 #
1!
#118060
b1111101111011110 #
0!
#118065
b1011000101110100 #
1!
#118070
b1110111010101010 #
0!
#118075
b11111100110010 #
1!
#118080
b1010001101000001 #
0!
#118085
b1111110100110100 #
1!
#118090
b111011111101100 #
0!
#118095
b111110101000001 #
1!
#118100
b100011010101 #
0!
#118105
b101111000100110 #
1!
#118110
b1001000010100001 #
0!
#118115
b11000101101101 #
1!
#118120
b100010000111111 #
0!
#118125
b100011110000001 #
1!
#118130
b1011100100011001 #
0!
#118135
b1010011000101000 #
1!
#118140
b11011010100001 #
0!
#118145
b1110000110111100 #
1!
#118150
b10100110000011 #
0!
#118155
b1110110111010111 #
1!
#118160
b111011000110100 #
0!
#118165
b1011100000010 #
1!
#118170
b1110000001011010 #
0!
#118175
b1100111101100011 #
1!
#118180
b110001101001000 #
0!
#118185
b1001010100000010 #
1!
#118190
b1001100101100101 #
0!
#118195
b1101010001100001 #
1!
#118200
b1011111100101 #
0!
#118205
b1100011111111011 #
1!
#118210
b1100111101000101 #
0!
#118215
b100111001111010 #
1!
#118220
b110111011000011 #
0!
#118225
b1101101001010101 #
1!
#118230
b1011111100001011 #
0!
#118235
b100100100001110 #
1!
#118240
b10111010110 #
0!
#118245
b1011110110110000 #
1!
#118250
b110010010111100 #
0!
#118255
b1000101111010110 #
1!
#118260
b11100000010100 #
0!
#118265
b1010110100100 #
1!
#118270
b111101101011000 #
0!
#118275
b1010011001101001 #
1!
#118280
b10001111001101 #
0!
#118285
b101010000100100 #
1!
#118290
b1000000001000010 #
0!
#118295
b1110001001101101 #
1!
#118300
b1010001000101101 #
0!
#118305
b1010001011010010 #
1!
#118310
b1011000110010000 #
0!
#118315
b100111101100100 #
1!
#118320
b101000000110001 #
0!
#118325
b1110111000011110 #
1!
#118330
b10000110111 #
0!
#118335
b1011010011001010 #
1!
#118340
b1000101011000101 #
0!
#118345
b1110001001111110 #
1!
#118350
b11101010000011 #
0!
#118355
b1010001010001111 #
1!
#118360
b110110101000100 #
0!
#118365
b1110110110101001 #
1!
#118370
b1100111011101010 #
0!
#118375
b110001101111100 #
1!
#118380
b1101001100000110 #
0!
#118385
b11011100100000 #
1!
#118390
b1111110010010000 #
0!
#118395
b10110111 #
1!
#118400
b101011001001000 #
0!
#118405
b1010110011011110 #
1!
#118410
b1100000010010101 #
0!
#118415
b100101011011100 #
1!
#118420
b101100000011000 #
0!
#118425
b1111110010001110 #
1!
#118430
b1101011010001101 #
0!
#118435
b1100101011100000 #
1!
#118440
b1111000001111100 #
0!
#118445
b1001000100011010 #
1!
#118450
b1011101000101101 #
0!
#118455
b1100111000111110 #
1!
#118460
b1111111110010110 #
0!
#118465
b1001010111100011 #
1!
#118470
b1010011110010001 #
0!
#118475
b110000110011110 #
1!
#118480
b1101111110111 #
0!
#118485
b1111011010010010 #
1!
#118490
b1001100100100011 #
0!
#118495
b100110001110110 #
1!
#118500
b1010001111010111 #
0!
#118505
b110000110111011 #
1!
#118510
b100111110010110 #
0!
#118515
b10000111010010 #
1!
#118520
b1011001001101110 #
0!
#118525
b100000001000101 #
1!
#118530
b100000111101111 #
0!
#118535
b10011111001000 #
1!
#118540
b10011000100011 #
0!
#118545
b1100000011011100 #
1!
#118550
b1010110100000110 #
0!
#118555
b110101011000100 #
1!
#118560
b1001100111001110 #
0!
#118565
b1100110001010000 #
1!
#118570
b1000111110010001 #
0!
#118575
b1011101100101111 #
1!
#118580
b110100010111110 #
0!
#118585
b1001100110101 #
1!
#118590
b1010000100011011 #
0!
#118595
b1010000110011111 #
1!
#118600
b1010111010111101 #
0!
#118605
b1111110010011101 #
1!
#118610
b110001111100100 #
0!
#118615
b110101100001100 #
1!
#118620
b100101011010101 #
0!
#118625
b1011011101000011 #
1!
#118630
b110100101101 #
0!
#118635
b10000001001010 #
1!
#118640
b1101010011111000 #
0!
#118645
b10111111111101 #
1!
#118650
b1001111011010101 #
0!
#118655
b1001010100101110 #
1!
#118660
b1010101001010101 #
0!
#118665
b111111010101 #
1!
#118670
b1101000011010011 #
0!
#118675
b100110110100110 #
1!
#118680
b1110100110010010 #
0!
#118685
b1100010110010101 #
1!
#118690
b10000001111000 #
0!
#118695
b1001100000111011 #
1!
#118700
b110100110010010 #
0!
#118705
b111101000101011 #
1!
#118710
b1100101011101111 #
0!
#118715
b1000010100100110 #
1!
#118720
b1100101100010100 #
0!
#118725
b1110010110011 #
1!
#118730
b1100101000000100 #
0!
#118735
b1101101010000011 #
1!
#118740
b110100011011000 #
0!
#118745
b101100001111111 #
1!
#118750
b1101110110010010 #
0!
#118755
b10011111001100 #
1!
#118760
b101110101111101 #
0!
#118765
b1001100100000001 #
1!
#118770
b111101110100111 #
0!
#118775
b1011010000100010 #
1!
#118780
b1000010111011110 #
0!
#118785
b101011100000 #
1!
#118790
b1110010011000011 #
0!
#118795
b1001001010000100 #
1!
#118800
b111111000011100 #
0!
#118805
b1001011100011001 #
1!
#118810
b1001100111011 #
0!
#118815
b1000101010010000 #
1!
#118820
b1010001100001111 #
0!
#118825
b1110111001111111 #
1!
#118830
b1100010000100111 #
0!
#118835
b10101111011101 #
1!
#118840
b111101010110 #
0!
#118845
b111100101110111 #
1!
#118850
b111001111100010 #
0!
#118855
b1011110110001100 #
1!
#118860
b1001110010111111 #
0!
#118865
b110010101000111 #
1!
#118870
b101101110001000 #
0!
#118875
b100110100100110 #
1!
#118880
b1110110000111111 #
0!
#118885
b1001111111001011 #
1!
#118890
b111100001111000 #
0!
#118895
b1010100101100011 #
1!
#118900
b101100000110011 #
0!
#118905
b1100111111101011 #
1!
#118910
b1000011000111100 #
0!
#118915
b101101011101000 #
1!
#118920
b1111101000011101 #
0!
#118925
b110010010101111 #
1!
#118930
b10011101101 #
0!
#118935
b1011000010100001 #
1!
#118940
b1011000010011001 #
0!
#118945
b1000110000111111 #
1!
#118950
b10101101101011 #
0!
#118955
b1011010011000010 #
1!
#118960
b1100111000101 #
0!
#118965
b11000110110101 #
1!
#118970
b1111100001111100 #
0!
#118975
b11001100010110 #
1!
#118980
b1000101111001101 #
0!
#118985
b1111110000000011 #
1!
#118990
b10011100110111 #
0!
#118995
b1011100010100011 #
1!
#119000
b10010011011001 #
0!
#119005
b101110111100001 #
1!
#119010
b11001011000001 #
0!
#119015
b1001000001000111 #
1!
#119020
b1100000100010000 #
0!
#119025
b111111000000001 #
1!
#119030
b101100011000100 #
0!
#119035
b1100011101100101 #
1!
#119040
b1111111011101100 #
0!
#119045
b100111001110101 #
1!
#119050
b1001010110101110 #
0!
#119055
b10100100110011 #
1!
#119060
b11100110010100 #
0!
#119065
b111010110010001 #
1!
#119070
b1010001100011010 #
0!
#119075
b100000011001001 #
1!
#119080
b1000100001111001 #
0!
#119085
b110001000101000 #
1!
#119090
b1111110001101000 #
0!
#119095
b101110110000010 #
1!
#119100
b1100110011101001 #
0!
#119105
b11111001111110 #
1!
#119110
b1110001011110101 #
0!
#119115
b1000010011010000 #
1!
#119120
b1010000111001011 #
0!
#119125
b1111100010111010 #
1!
#119130
b100110011110111 #
0!
#119135
b1000101000001111 #
1!
#119140
b110001101001111 #
0!
#119145
b11101101000110 #
1!
#119150
b1111100101100010 #
0!
#119155
b1111010001111010 #
1!
#119160
b10100110110011 #
0!
#119165
b111001011100001 #
1!
#119170
b110010011100001 #
0!
#119175
b1001011010010 #
1!
#119180
b1101010111100101 #
0!
#119185
b1100101111000001 #
1!
#119190
b1100100101001101 #
0!
#119195
b1111000111011011 #
1!
#119200
b110000 #
0!
#119205
b10111010100100 #
1!
#119210
b10000010100010 #
0!
#119215
b101100000101110 #
1!
#119220
b100010110101 #
0!
#119225
b100110000100000 #
1!
#119230
b10110111100110 #
0!
#119235
b1101011110011100 #
1!
#119240
b11011100101 #
0!
#119245
b1000111000001001 #
1!
#119250
b110011111111111 #
0!
#119255
b1011011110010111 #
1!
#119260
b1101100010100111 #
0!
#119265
b10000001010000 #
1!
#119270
b100111100111 #
0!
#119275
b11111010010 #
1!
#119280
b1101101111111 #
0!
#119285
b1111000000100111 #
1!
#119290
b1001101000001 #
0!
#119295
b1001000110100010 #
1!
#119300
b10100101001101 #
0!
#119305
b1010100111000011 #
1!
#119310
b11110110111100 #
0!
#119315
b1110001000111100 #
1!
#119320
b1111111110010 #
0!
#119325
b1011011010011110 #
1!
#119330
b10101001000 #
0!
#119335
b100011101101100 #
1!
#119340
b1101100010010010 #
0!
#119345
b100010110001010 #
1!
#119350
b1010011010001000 #
0!
#119355
b1100100111011001 #
1!
#119360
b1111001010010111 #
0!
#119365
b11111101100110 #
1!
#119370
b1111010000110 #
0!
#119375
b11011101101001 #
1!
#119380
b1100011001001011 #
0!
#119385
b101001011011111 #
1!
#119390
b10100000010010 #
0!
#119395
b1101111101001 #
1!
#119400
b111010000101010 #
0!
#119405
b1110101100000010 #
1!
#119410
b11111011010100 #
0!
#119415
b1100001110001011 #
1!
#119420
b1101010110100110 #
0!
#119425
b11001000000101 #
1!
#119430
b1010000110000010 #
0!
#119435
b11100001000110 #
1!
#119440
b1000010110101011 #
0!
#119445
b1100100010101 #
1!
#119450
b100011000101001 #
0!
#119455
b100100011001111 #
1!
#119460
b1110000001110110 #
0!
#119465
b100011110001100 #
1!
#119470
b1110111100010011 #
0!
#119475
b1000000100011100 #
1!
#119480
b10000011110 #
0!
#119485
b10101101010110 #
1!
#119490
b1010000110001 #
0!
#119495
b10101000101010 #
1!
#119500
b1100110001100101 #
0!
#119505
b1110111111110011 #
1!
#119510
b1111010010010001 #
0!
#119515
b101001000001000 #
1!
#119520
b1101010000100111 #
0!
#119525
b111111011011101 #
1!
#119530
b1000101011000100 #
0!
#119535
b1100011011001110 #
1!
#119540
b111011000000010 #
0!
#119545
b1000100110101101 #
1!
#119550
b1001001011000101 #
0!
#119555
b1000010010000 #
1!
#119560
b1101001110001011 #
0!
#119565
b111011111011110 #
1!
#119570
b1000100100111111 #
0!
#119575
b111111111011101 #
1!
#119580
b1100000110110000 #
0!
#119585
b111011110000000 #
1!
#119590
b1010011110111101 #
0!
#119595
b1101000000000 #
1!
#119600
b1101111010001111 #
0!
#119605
b111000110110101 #
1!
#119610
b1110101010110110 #
0!
#119615
b1011000101101110 #
1!
#119620
b1000100001110100 #
0!
#119625
b1011101001101 #
1!
#119630
b1001111101100 #
0!
#119635
b1100110010100101 #
1!
#119640
b1101101100110100 #
0!
#119645
b1100111101011110 #
1!
#119650
b1001011100010001 #
0!
#119655
b1011110011111000 #
1!
#119660
b1011000010100101 #
0!
#119665
b1100100100101111 #
1!
#119670
b1011010000111001 #
0!
#119675
b1000110001101000 #
1!
#119680
b1010011001011101 #
0!
#119685
b1110111001000111 #
1!
#119690
b110100100000000 #
0!
#119695
b11100100011 #
1!
#119700
b1011001111110 #
0!
#119705
b1110111100000001 #
1!
#119710
b110110011100011 #
0!
#119715
b1011011011000101 #
1!
#119720
b10000011000100 #
0!
#119725
b11001101111110 #
1!
#119730
b100000011010000 #
0!
#119735
b1110100011101010 #
1!
#119740
b1001110010000110 #
0!
#119745
b1110100000111111 #
1!
#119750
b1111101000110 #
0!
#119755
b1010101000101100 #
1!
#119760
b10100111100100 #
0!
#119765
b1111101101001110 #
1!
#119770
b100110 #
0!
#119775
b1100011000101110 #
1!
#119780
b10000111100101 #
0!
#119785
b1010001001001 #
1!
#119790
b1010010010000101 #
0!
#119795
b1100101010111010 #
1!
#119800
b1010000010101101 #
0!
#119805
b1010001100100110 #
1!
#119810
b1000011010010101 #
0!
#119815
b110011110 #
1!
#119820
b1000010010010000 #
0!
#119825
b1101001100000111 #
1!
#119830
b1110001100001110 #
0!
#119835
b111011001010010 #
1!
#119840
b110100000101101 #
0!
#119845
b1001000111110111 #
1!
#119850
b1011010100010010 #
0!
#119855
b1111010000000001 #
1!
#119860
b1010011101011010 #
0!
#119865
b1000010111101011 #
1!
#119870
b1011100100000101 #
0!
#119875
b101000011000 #
1!
#119880
b101111000001000 #
0!
#119885
b1111011011110 #
1!
#119890
b110100001001111 #
0!
#119895
b10011100001 #
1!
#119900
b110100111100010 #
0!
#119905
b1000101101010111 #
1!
#119910
b10110000111 #
0!
#119915
b1110110101010000 #
1!
#119920
b110001011011011 #
0!
#119925
b1011001001000000 #
1!
#119930
b1000010111110000 #
0!
#119935
b1000111010011000 #
1!
#119940
b1010100001100001 #
0!
#119945
b100001001011011 #
1!
#119950
b1010100011010011 #
0!
#119955
b111100110010110 #
1!
#119960
b101011001110111 #
0!
#119965
b1010100100110011 #
1!
#119970
b1110100010100000 #
0!
#119975
b1111010110111001 #
1!
#119980
b100100101011011 #
0!
#119985
b110011011011 #
1!
#119990
b1000001101010010 #
0!
#119995
b111001110111 #
1!
#120000
b1101000000101 #
0!
#120005
b110000101011001 #
1!
#120010
b111001100001110 #
0!
#120015
b1001010111011110 #
1!
#120020
b10011100101011 #
0!
#120025
b100110000010010 #
1!
#120030
b111001101111011 #
0!
#120035
b1000001110000 #
1!
#120040
b1000110000000010 #
0!
#120045
b11110100010000 #
1!
#120050
b1110111110 #
0!
#120055
b1101000111001101 #
1!
#120060
b10010101110111 #
0!
#120065
b101110101110110 #
1!
#120070
b101101010011101 #
0!
#120075
b1101111101001000 #
1!
#120080
b1000110000011101 #
0!
#120085
b1001101000000100 #
1!
#120090
b111101111000001 #
0!
#120095
b11100001010 #
1!
#120100
b10000001111001 #
0!
#120105
b1010000111110110 #
1!
#120110
b1101010000100 #
0!
#120115
b1101011111001010 #
1!
#120120
b1111110011111000 #
0!
#120125
b1101110000100011 #
1!
#120130
b1011100001010000 #
0!
#120135
b1001100010111111 #
1!
#120140
b1111110000110100 #
0!
#120145
b111100110100101 #
1!
#120150
b1001000000000000 #
0!
#120155
b101100011011111 #
1!
#120160
b1011110111001001 #
0!
#120165
b110000011110010 #
1!
#120170
b1001111100111110 #
0!
#120175
b1110010000000100 #
1!
#120180
b1001011101111100 #
0!
#120185
b100001110110101 #
1!
#120190
b1001111001010000 #
0!
#120195
b1100011000001011 #
1!
#120200
b1010101111010011 #
0!
#120205
b1000100100111101 #
1!
#120210
b101001010100 #
0!
#120215
b100101110001111 #
1!
#120220
b1101000011101110 #
0!
#120225
b101111011100000 #
1!
#120230
b10001101100001 #
0!
#120235
b111111101001001 #
1!
#120240
b1010011111001010 #
0!
#120245
b1011001100101001 #
1!
#120250
b1101111110000001 #
0!
#120255
b10111010111101 #
1!
#120260
b1000100110110101 #
0!
#120265
b10111000100110 #
1!
#120270
b1111110011111101 #
0!
#120275
b1110001001000010 #
1!
#120280
b1001001100010001 #
0!
#120285
b100000010101101 #
1!
#120290
b1111101111111000 #
0!
#120295
b1110101111111100 #
1!
#120300
b1010000001000001 #
0!
#120305
b1001111110110 #
1!
#120310
b1000011001101 #
0!
#120315
b101001011101011 #
1!
#120320
b100111011010111 #
0!
#120325
b1001000001011110 #
1!
#120330
b11101000100101 #
0!
#120335
b1110001010010111 #
1!
#120340
b1111011011010010 #
0!
#120345
b110100110101011 #
1!
#120350
b11100101000100 #
0!
#120355
b10110110000001 #
1!
#120360
b1011100100011000 #
0!
#120365
b10010100111 #
1!
#120370
b1000010010000001 #
0!
#120375
b111011111100010 #
1!
#120380
b110110111101001 #
0!
#120385
b1001000101110011 #
1!
#120390
b101100101100001 #
0!
#120395
b1101000111011111 #
1!
#120400
b1011000101111101 #
0!
#120405
b1111101101011001 #
1!
#120410
b1011010101001101 #
0!
#120415
b10111000001 #
1!
#120420
b1110000010010100 #
0!
#120425
b1110111010001110 #
1!
#120430
b101000101011011 #
0!
#120435
b1010000001000000 #
1!
#120440
b1100000011000 #
0!
#120445
b1101010110011111 #
1!
#120450
b1010101100100110 #
0!
#120455
b1110111010011000 #
1!
#120460
b11010010100000 #
0!
#120465
b1101110111111000 #
1!
#120470
b1111111000100100 #
0!
#120475
b1111101101010100 #
1!
#120480
b1100111000000011 #
0!
#120485
b1111000001010010 #
1!
#120490
b100100001111101 #
0!
#120495
b1001001010010100 #
1!
#120500
b100011010101000 #
0!
#120505
b1011111101100100 #
1!
#120510
b100010111010010 #
0!
#120515
b100000110111111 #
1!
#120520
b1011010111100100 #
0!
#120525
b1011000010101010 #
1!
#120530
b110110111110000 #
0!
#120535
b101001001010110 #
1!
#120540
b1111100000000010 #
0!
#120545
b1111010010100011 #
1!
#120550
b11100111 #
0!
#120555
b1101001011110000 #
1!
#120560
b1010101001000110 #
0!
#120565
b111001101010011 #
1!
#120570
b1111100101111101 #
0!
#120575
b1000110011111100 #
1!
#120580
b10100010001110 #
0!
#120585
b1101110101101001 #
1!
#120590
b1001001110101 #
0!
#120595
b111101100000 #
1!
#120600
b1000111111011011 #
0!
#120605
b1001100111011111 #
1!
#120610
b1100101010011101 #
0!
#120615
b1010001110001111 #
1!
#120620
b1011100001101000 #
0!
#120625
b1101011101101011 #
1!
#120630
b101110100100111 #
0!
#120635
b101010000101011 #
1!
#120640
b100000110011010 #
0!
#120645
b1000001010011001 #
1!
#120650
b1100010100111000 #
0!
#120655
b1111001111001110 #
1!
#120660
b1000011101110011 #
0!
#120665
b100010011100110 #
1!
#120670
b1011111100101010 #
0!
#120675
b11000001100 #
1!
#120680
b1010001011000001 #
0!
#120685
b1000110010110111 #
1!
#120690
b1100011101111111 #
0!
#120695
b1101110001010101 #
1!
#120700
b111010011001011 #
0!
#120705
b1000011101111111 #
1!
#120710
b1011011101111 #
0!
#120715
b1000001110110111 #
1!
#120720
b1001010010101101 #
0!
#120725
b1110011110000 #
1!
#120730
b1010111010011110 #
0!
#120735
b1100010000101110 #
1!
#120740
b110000000010100 #
0!
#120745
b1111101110001010 #
1!
#120750
b100011011010110 #
0!
#120755
b10101110010011 #
1!
#120760
b1111010010100010 #
0!
#120765
b1000110001101011 #
1!
#120770
b101110001011010 #
0!
#120775
b10110110111 #
1!
#120780
b10110010100101 #
0!
#120785
b110101001 #
1!
#120790
b10110110110011 #
0!
#120795
b101111011011000 #
1!
#120800
b1010001101100010 #
0!
#120805
b100001000010111 #
1!
#120810
b1011001110000001 #
0!
#120815
b11110000 #
1!
#120820
b1011011010011110 #
0!
#120825
b1111101011010000 #
1!
#120830
b1010100000110111 #
0!
#120835
b111110000001000 #
1!
#120840
b1000000010110010 #
0!
#120845
b1001101001011000 #
1!
#120850
b1000111101000111 #
0!
#120855
b1100100100010 #
1!
#120860
b1110000111001111 #
0!
#120865
b100100010101011 #
1!
#120870
b1001111100110100 #
0!
#120875
b1110010011001010 #
1!
#120880
b110111010110100 #
0!
#120885
b1111010100011111 #
1!
#120890
b1101001101111000 #
0!
#120895
b1010101111110000 #
1!
#120900
b1000100010001101 #
0!
#120905
b100100001011100 #
1!
#120910
b1110100011000110 #
0!
#120915
b1111100100100101 #
1!
#120920
b100101100101011 #
0!
#120925
b1011001001011010 #
1!
#120930
b101110110010010 #
0!
#120935
b1100110111111 #
1!
#120940
b1001000001011111 #
0!
#120945
b101110110100010 #
1!
#120950
b110101001011011 #
0!
#120955
b1011000011100 #
1!
#120960
b1111010010010111 #
0!
#120965
b11001011001001 #
1!
#120970
b111010111011 #
0!
#120975
b1100000101111110 #
1!
#120980
b1101011010001101 #
0!
#120985
b1110001001011011 #
1!
#120990
b10110011001 #
0!
#120995
b1010000110101000 #
1!
#121000
b100111100110010 #
0!
#121005
b1101011100101111 #
1!
#121010
b1100100010011001 #
0!
#121015
b10111010101 #
1!
#121020
b11110010001110 #
0!
#121025
b11101001100100 #
1!
#121030
b1001010000100010 #
0!
#121035
b1111011000010101 #
1!
#121040
b11100111010100 #
0!
#121045
b1111110111101000 #
1!
#121050
b110011100001000 #
0!
#121055
b100001110110001 #
1!
#121060
b1010000001011001 #
0!
#121065
b1100011111100011 #
1!
#121070
b1111110001000001 #
0!
#121075
b111011010110111 #
1!
#121080
b1001000010101111 #
0!
#121085
b11011011001 #
1!
#121090
b1100111010110000 #
0!
#121095
b1101110000101011 #
1!
#121100
b1110010010010010 #
0!
#121105
b1110011111100001 #
1!
#121110
b1101001101011 #
0!
#121115
b1000000000001111 #
1!
#121120
b11011111101101 #
0!
#121125
b101001111000010 #
1!
#121130
b1101110001111111 #
0!
#121135
b11000111010011 #
1!
#121140
b1110011010011100 #
0!
#121145
b1111100101010100 #
1!
#121150
b1100111110101010 #
0!
#121155
b111011100111100 #
1!
#121160
b110000110100 #
0!
#121165
b100001011111000 #
1!
#121170
b111000111111101 #
0!
#121175
b1010000101100001 #
1!
#121180
b1000100010000011 #
0!
#121185
b101110010000001 #
1!
#121190
b1111101011100011 #
0!
#121195
b1011011011011100 #
1!
#121200
b1111001011111101 #
0!
#121205
b11010001101101 #
1!
#121210
b110110010000101 #
0!
#121215
b1000101110111001 #
1!
#121220
b1010100011010000 #
0!
#121225
b111010010111001 #
1!
#121230
b111111011111101 #
0!
#121235
b1010001101000110 #
1!
#121240
b1100011011011010 #
0!
#121245
b1000101100101111 #
1!
#121250
b1010111101011010 #
0!
#121255
b100111101011001 #
1!
#121260
b10011000110110 #
0!
#121265
b1010000010000110 #
1!
#121270
b11100111100101 #
0!
#121275
b1001101000100011 #
1!
#121280
b110100110010011 #
0!
#121285
b1010001100110000 #
1!
#121290
b1100010100000 #
0!
#121295
b101000100100101 #
1!
#121300
b1110011100011111 #
0!
#121305
b11111000100100 #
1!
#121310
b101001111100 #
0!
#121315
b1111110101101010 #
1!
#121320
b1011101000100011 #
0!
#121325
b1101111110000011 #
1!
#121330
b1000100100110100 #
0!
#121335
b1110101010001111 #
1!
#121340
b1100001100100000 #
0!
#121345
b1011000001101101 #
1!
#121350
b1101001101010110 #
0!
#121355
b10100110111110 #
1!
#121360
b1001110010011001 #
0!
#121365
b1001110011100101 #
1!
#121370
b1110000101011101 #
0!
#121375
b1000000100100111 #
1!
#121380
b1010000001000010 #
0!
#121385
b101010000010011 #
1!
#121390
b111001001100110 #
0!
#121395
b1000000000100011 #
1!
#121400
b1110110111010110 #
0!
#121405
b11111010111010 #
1!
#121410
b1101011 #
0!
#121415
b111001101111111 #
1!
#121420
b101101000110111 #
0!
#121425
b1000101101001010 #
1!
#121430
b1100100110000110 #
0!
#121435
b110001100011111 #
1!
#121440
b1000101100101101 #
0!
#121445
b10010001010111 #
1!
#121450
b1100011100101001 #
0!
#121455
b1111101111101 #
1!
#121460
b1101011101100010 #
0!
#121465
b1011010111001010 #
1!
#121470
b1011010111010111 #
0!
#121475
b11000100110001 #
1!
#121480
b101100111100010 #
0!
#121485
b1010101010111011 #
1!
#121490
b1001100110101 #
0!
#121495
b1110011000000010 #
1!
#121500
b1110111111001110 #
0!
#121505
b11001100101110 #
1!
#121510
b1100000010001 #
0!
#121515
b100101010101101 #
1!
#121520
b11011010001000 #
0!
#121525
b11011010100001 #
1!
#121530
b1100011100110111 #
0!
#121535
b10100111110011 #
1!
#121540
b1000100111110111 #
0!
#121545
b110001110111010 #
1!
#121550
b1101010110100100 #
0!
#121555
b111011111001 #
1!
#121560
b1000111111 #
0!
#121565
b10001011110000 #
1!
#121570
b1100000111111001 #
0!
#121575
b100011010101100 #
1!
#121580
b111111101111011 #
0!
#121585
b1010010101111111 #
1!
#121590
b1100011011000000 #
0!
#121595
b1101110100100101 #
1!
#121600
b1001110111011000 #
0!
#121605
b1101010110010001 #
1!
#121610
b1110001001011101 #
0!
#121615
b1001111111000001 #
1!
#121620
b1011011110101001 #
0!
#121625
b101101111011100 #
1!
#121630
b1101000100111110 #
0!
#121635
b1011111100111 #
1!
#121640
b1110011011001100 #
0!
#121645
b1010100010100010 #
1!
#121650
b101000110010 #
0!
#121655
b1001001000110001 #
1!
#121660
b101111110001 #
0!
#121665
b1110010101100001 #
1!
#121670
b1101000001100101 #
0!
#121675
b1101011111000 #
1!
#121680
b1011111000100011 #
0!
#121685
b1111111000000111 #
1!
#121690
b1101111110010 #
0!
#121695
b1000000011101101 #
1!
#121700
b110000000110000 #
0!
#121705
b1010000000010011 #
1!
#121710
b1010011110010010 #
0!
#121715
b100101111001100 #
1!
#121720
b11100101110 #
0!
#121725
b11100101011111 #
1!
#121730
b1111001101010000 #
0!
#121735
b1100100011000011 #
1!
#121740
b1001001011100010 #
0!
#121745
b1111000000001110 #
1!
#121750
b11011110111111 #
0!
#121755
b11110101101 #
1!
#121760
b1001111000101000 #
0!
#121765
b1011010001010100 #
1!
#121770
b110111010110100 #
0!
#121775
b1100111110101011 #
1!
#121780
b1000011100110001 #
0!
#121785
b11001010001010 #
1!
#121790
b101101111101001 #
0!
#121795
b1010110100111100 #
1!
#121800
b110010010110100 #
0!
#121805
b1101010101010011 #
1!
#121810
b111010110010011 #
0!
#121815
b1110110101110000 #
1!
#121820
b1011011100001 #
0!
#121825
b1100011100111011 #
1!
#121830
b1111011001011001 #
0!
#121835
b1001110101000010 #
1!
#121840
b11100000111100 #
0!
#121845
b1111011010011010 #
1!
#121850
b1110000110100011 #
0!
#121855
b1000011110111100 #
1!
#121860
b10011000100011 #
0!
#121865
b111000011000 #
1!
#121870
b1110101011000111 #
0!
#121875
b11100011110100 #
1!
#121880
b1111110000110001 #
0!
#121885
b111110110101110 #
1!
#121890
b1001001011110011 #
0!
#121895
b1111110110000100 #
1!
#121900
b1001011101000000 #
0!
#121905
b110101101111000 #
1!
#121910
b1010101100111 #
0!
#121915
b1101111110001001 #
1!
#121920
b1001000000101011 #
0!
#121925
b1100010100101100 #
1!
#121930
b110110011100011 #
0!
#121935
b1010110111001111 #
1!
#121940
b100010000101011 #
0!
#121945
b11100010011011 #
1!
#121950
b101011011001011 #
0!
#121955
b1111000100110101 #
1!
#121960
b1101001111100100 #
0!
#121965
b11000100000000 #
1!
#121970
b100110111111000 #
0!
#121975
b1111100111101000 #
1!
#121980
b1001111110000 #
0!
#121985
b1101100010001011 #
1!
#121990
b1000111010101100 #
0!
#121995
b1100111110001001 #
1!
#122000
b1010001100011011 #
0!
#122005
b1111011110001 #
1!
#122010
b1010010011010 #
0!
#122015
b11111011100001 #
1!
#122020
b1101111000000000 #
0!
#122025
b1010110101011100 #
1!
#122030
b1001110110010000 #
0!
#122035
b1101011100100110 #
1!
#122040
b1110001101010000 #
0!
#122045
b1111000110011011 #
1!
#122050
b1010001010100000 #
0!
#122055
b1110000010000011 #
1!
#122060
b1000101101100011 #
0!
#122065
b1010111010110 #
1!
#122070
b110001101010011 #
0!
#122075
b110100011100000 #
1!
#122080
b111001101100110 #
0!
#122085
b10110111110 #
1!
#122090
b1101100111010011 #
0!
#122095
b11110110011010 #
1!
#122100
b1111010111000110 #
0!
#122105
b110111101101110 #
1!
#122110
b1100000010001100 #
0!
#122115
b1110011000110011 #
1!
#122120
b11000100100000 #
0!
#122125
b1011110111110010 #
1!
#122130
b1001011100111010 #
0!
#122135
b1011010110011010 #
1!
#122140
b1111111001101001 #
0!
#122145
b1110010110100 #
1!
#122150
b1001010011010101 #
0!
#122155
b1011000100100001 #
1!
#122160
b1111110010000001 #
0!
#122165
b111011010111011 #
1!
#122170
b1011100101011100 #
0!
#122175
b1010011110110010 #
1!
#122180
b1000011011110001 #
0!
#122185
b111110000001100 #
1!
#122190
b1100000111110010 #
0!
#122195
b10001101101100 #
1!
#122200
b1011100100001001 #
0!
#122205
b1001010011111011 #
1!
#122210
b10010101001011 #
0!
#122215
b111001100101111 #
1!
#122220
b110111000010010 #
0!
#122225
b1110111011011001 #
1!
#122230
b10001111010110 #
0!
#122235
b1010001100110011 #
1!
#122240
b100010011010110 #
0!
#122245
b111010011000100 #
1!
#122250
b1011011010100110 #
0!
#122255
b111110101001101 #
1!
#122260
b1001010000100100 #
0!
#122265
b1101010011111011 #
1!
#122270
b1001101110001110 #
0!
#122275
b1000110011101010 #
1!
#122280
b111111110100011 #
0!
#122285
b111100010001100 #
1!
#122290
b100111001101010 #
0!
#122295
b1111001100001 #
1!
#122300
b1101101110001110 #
0!
#122305
b1000111010110100 #
1!
#122310
b110100000101 #
0!
#122315
b100000010110110 #
1!
#122320
b100011110100111 #
0!
#122325
b11000010 #
1!
#122330
b1100111010101000 #
0!
#122335
b1011110001011111 #
1!
#122340
b1111100010100 #
0!
#122345
b111101011101010 #
1!
#122350
b101001110101011 #
0!
#122355
b10000100101001 #
1!
#122360
b111111001010010 #
0!
#122365
b110100110111110 #
1!
#122370
b1010100100001 #
0!
#122375
b1011011011001101 #
1!
#122380
b100001000001011 #
0!
#122385
b1111100111001011 #
1!
#122390
b101000111111101 #
0!
#122395
b1000110101011100 #
1!
#122400
b11011101111 #
0!
#122405
b1011000010100 #
1!
#122410
b1010111000 #
0!
#122415
b110101000000111 #
1!
#122420
b10010001100010 #
0!
#122425
b110101111010000 #
1!
#122430
b1110011111101011 #
0!
#122435
b1110000001101010 #
1!
#122440
b1011110100100000 #
0!
#122445
b110010101001001 #
1!
#122450
b111011111001110 #
0!
#122455
b11101111101110 #
1!
#122460
b1010011010011000 #
0!
#122465
b11000100100000 #
1!
#122470
b1111001000100011 #
0!
#122475
b1000001001001110 #
1!
#122480
b1000000100111111 #
0!
#122485
b1011100011100110 #
1!
#122490
b101001101110100 #
0!
#122495
b1000010111110001 #
1!
#122500
b1010011110000010 #
0!
#122505
b1010100101010000 #
1!
#122510
b101011000110000 #
0!
#122515
b1100111000010111 #
1!
#122520
b11010010011100 #
0!
#122525
b110111111101001 #
1!
#122530
b111011110000101 #
0!
#122535
b1010101001111011 #
1!
#122540
b11000000011 #
0!
#122545
b11001110001101 #
1!
#122550
b1111000110001001 #
0!
#122555
b10010110001010 #
1!
#122560
b1011100110011111 #
0!
#122565
b1110011010011001 #
1!
#122570
b1100000110011011 #
0!
#122575
b101110111001 #
1!
#122580
b1010010010010100 #
0!
#122585
b11001100010101 #
1!
#122590
b1010000101110100 #
0!
#122595
b1110011000011010 #
1!
#122600
b1110101111000001 #
0!
#122605
b1000001010111010 #
1!
#122610
b1000011101001 #
0!
#122615
b11111001010 #
1!
#122620
b110001010111001 #
0!
#122625
b1000100101 #
1!
#122630
b100100111001101 #
0!
#122635
b111010101000100 #
1!
#122640
b1010101101110000 #
0!
#122645
b1010000000011110 #
1!
#122650
b100100011110000 #
0!
#122655
b1111110001000111 #
1!
#122660
b1111001001010 #
0!
#122665
b11100110100 #
1!
#122670
b1100100010101111 #
0!
#122675
b10110001001001 #
1!
#122680
b1101101111001101 #
0!
#122685
b1010001110011010 #
1!
#122690
b100011100010100 #
0!
#122695
b100111100101110 #
1!
#122700
b1011101010101000 #
0!
#122705
b1001111010010111 #
1!
#122710
b1111111011110111 #
0!
#122715
b110111101000111 #
1!
#122720
b101101001001010 #
0!
#122725
b1110011001011000 #
1!
#122730
b1110110100011001 #
0!
#122735
b101101100110000 #
1!
#122740
b1010111000101 #
0!
#122745
b10100010001001 #
1!
#122750
b1100110110110010 #
0!
#122755
b1001110110111001 #
1!
#122760
b100000101001 #
0!
#122765
b1100111110001001 #
1!
#122770
b1100001110010 #
0!
#122775
b1000000101011000 #
1!
#122780
b111100011011 #
0!
#122785
b10110001001 #
1!
#122790
b1000001011100 #
0!
#122795
b1010001001111 #
1!
#122800
b1100010111011100 #
0!
#122805
b1011100001111011 #
1!
#122810
b1010110010000000 #
0!
#122815
b10010000011000 #
1!
#122820
b1000011001110101 #
0!
#122825
b1001010100011110 #
1!
#122830
b1010101000001100 #
0!
#122835
b11100000101001 #
1!
#122840
b111000001000100 #
0!
#122845
b11100001000 #
1!
#122850
b1000100110100011 #
0!
#122855
b1010000110110101 #
1!
#122860
b101111010100000 #
0!
#122865
b11100011111100 #
1!
#122870
b111111101111011 #
0!
#122875
b110100101110010 #
1!
#122880
b1110110111001110 #
0!
#122885
b1011001101101 #
1!
#122890
b1000100100110100 #
0!
#122895
b101100000001111 #
1!
#122900
b111010111111010 #
0!
#122905
b100111010000011 #
1!
#122910
b110011111100111 #
0!
#122915
b1101011100 #
1!
#122920
b1011101110100 #
0!
#122925
b100101001111001 #
1!
#122930
b1001001001011011 #
0!
#122935
b1010110111010001 #
1!
#122940
b1010101011100001 #
0!
#122945
b11011010101001 #
1!
#122950
b100011011011111 #
0!
#122955
b110011101111010 #
1!
#122960
b1100111110011100 #
0!
#122965
b100100101 #
1!
#122970
b1000001111000101 #
0!
#122975
b1111101011110100 #
1!
#122980
b1101111000000010 #
0!
#122985
b101010000110100 #
1!
#122990
b1111111011100111 #
0!
#122995
b1111011001111011 #
1!
#123000
b1111011011010111 #
0!
#123005
b1001101010000001 #
1!
#123010
b11100000111111 #
0!
#123015
b1010010010110100 #
1!
#123020
b1111001010001001 #
0!
#123025
b1001100100 #
1!
#123030
b110110011111111 #
0!
#123035
b1000001000110 #
1!
#123040
b110110001111110 #
0!
#123045
b111011100001100 #
1!
#123050
b1001011000100111 #
0!
#123055
b100011010011 #
1!
#123060
b1100010000101110 #
0!
#123065
b1010010111110011 #
1!
#123070
b111001100001100 #
0!
#123075
b1011101110011 #
1!
#123080
b1001100110100 #
0!
#123085
b1111011001100100 #
1!
#123090
b111101111001010 #
0!
#123095
b1000100001000110 #
1!
#123100
b11011100100100 #
0!
#123105
b1001101001111001 #
1!
#123110
b1110111100011101 #
0!
#123115
b110100000101010 #
1!
#123120
b1100100101000001 #
0!
#123125
b111100001011100 #
1!
#123130
b1100011010010100 #
0!
#123135
b1000001101000100 #
1!
#123140
b10011111101010 #
0!
#123145
b100001000101111 #
1!
#123150
b1100000110010011 #
0!
#123155
b110010001011001 #
1!
#123160
b110110011010111 #
0!
#123165
b101111001101011 #
1!
#123170
b101100100101011 #
0!
#123175
b101100010101010 #
1!
#123180
b111011011111010 #
0!
#123185
b1111110000010000 #
1!
#123190
b1100101000100111 #
0!
#123195
b110101101010010 #
1!
#123200
b1101111000101010 #
0!
#123205
b100110000001 #
1!
#123210
b1001001100101 #
0!
#123215
b110100011001110 #
1!
#123220
b10001010101 #
0!
#123225
b10101001011111 #
1!
#123230
b1110110111010011 #
0!
#123235
b1101110011000101 #
1!
#123240
b101110100 #
0!
#123245
b1101001000111101 #
1!
#123250
b1101010100100001 #
0!
#123255
b1001110100010 #
1!
#123260
b1011001011110101 #
0!
#123265
b10110110001000 #
1!
#123270
b10110010110 #
0!
#123275
b1100100011100 #
1!
#123280
b1011001011010100 #
0!
#123285
b10001101111001 #
1!
#123290
b111110011111011 #
0!
#123295
b1011101001000110 #
1!
#123300
b101111000011100 #
0!
#123305
b110000101100100 #
1!
#123310
b1111010000011111 #
0!
#123315
b1000000100110110 #
1!
#123320
b1101001000001001 #
0!
#123325
b101001101000100 #
1!
#123330
b1110101111100100 #
0!
#123335
b1011101111101101 #
1!
#123340
b1110101001111111 #
0!
#123345
b10011011011010 #
1!
#123350
b1001101001001111 #
0!
#123355
b111010101111111 #
1!
#123360
b100000000010100 #
0!
#123365
b1100100000110001 #
1!
#123370
b10011000 #
0!
#123375
b111011000101100 #
1!
#123380
b11010101011011 #
0!
#123385
b1110000111100111 #
1!
#123390
b1101011010100101 #
0!
#123395
b101001001110000 #
1!
#123400
b1101111010111000 #
0!
#123405
b1110000100001100 #
1!
#123410
b1001110111111001 #
0!
#123415
b100111010100110 #
1!
#123420
b1111101100000 #
0!
#123425
b1110111111111010 #
1!
#123430
b1000110110000010 #
0!
#123435
b111101001100101 #
1!
#123440
b1000110111010101 #
0!
#123445
b1111101011101011 #
1!
#123450
b1010000101000010 #
0!
#123455
b1010000000010010 #
1!
#123460
b1000011110000000 #
0!
#123465
b1010111010111101 #
1!
#123470
b1001011001001111 #
0!
#123475
b100111011011100 #
1!
#123480
b10100010101100 #
0!
#123485
b111100110100011 #
1!
#123490
b1110101100011110 #
0!
#123495
b1100111010101001 #
1!
#123500
b100111110100000 #
0!
#123505
b1000001100110011 #
1!
#123510
b1101100110001010 #
0!
#123515
b10110100001110 #
1!
#123520
b1001001011111011 #
0!
#123525
b1011100010011000 #
1!
#123530
b101110110100010 #
0!
#123535
b11011111110010 #
1!
#123540
b101010100100101 #
0!
#123545
b1100100101000010 #
1!
#123550
b11001110100100 #
0!
#123555
b111011111101010 #
1!
#123560
b1010110111111001 #
0!
#123565
b1110111110101 #
1!
#123570
b1101011100100001 #
0!
#123575
b11101111101100 #
1!
#123580
b111101101100110 #
0!
#123585
b1110000110001100 #
1!
#123590
b1000001011001111 #
0!
#123595
b1000110101110001 #
1!
#123600
b101011100111110 #
0!
#123605
b1000111011 #
1!
#123610
b11010111100110 #
0!
#123615
b11100110011000 #
1!
#123620
b1001111111110110 #
0!
#123625
b10110110111101 #
1!
#123630
b1010101110100010 #
0!
#123635
b1100110101101110 #
1!
#123640
b110111101111001 #
0!
#123645
b1100110000110101 #
1!
#123650
b101110011000110 #
0!
#123655
b1001001011100101 #
1!
#123660
b1010001011011001 #
0!
#123665
b110100100100 #
1!
#123670
b1000100010100011 #
0!
#123675
b1001011110011000 #
1!
#123680
b1101010100010010 #
0!
#123685
b1101100101001010 #
1!
#123690
b10101010011110 #
0!
#123695
b1010011111111011 #
1!
#123700
b110010010001110 #
0!
#123705
b1101111110111110 #
1!
#123710
b1111110010101000 #
0!
#123715
b100110100000011 #
1!
#123720
b110101010101100 #
0!
#123725
b1000100000110010 #
1!
#123730
b111111010100011 #
0!
#123735
b1101011111100110 #
1!
#123740
b1100011000000000 #
0!
#123745
b1110010100 #
1!
#123750
b1110100000100101 #
0!
#123755
b100110100000100 #
1!
#123760
b1000110000000 #
0!
#123765
b11101000001001 #
1!
#123770
b11101110011110 #
0!
#123775
b1000000010100000 #
1!
#123780
b1010011001010111 #
0!
#123785
b1101101010000000 #
1!
#123790
b10110101001101 #
0!
#123795
b1111100101101000 #
1!
#123800
b1010010110011101 #
0!
#123805
b101000111000001 #
1!
#123810
b11110000000001 #
0!
#123815
b10001111110 #
1!
#123820
b1110010010100001 #
0!
#123825
b1100011001001111 #
1!
#123830
b1010011100011110 #
0!
#123835
b1011000000001101 #
1!
#123840
b11000001000 #
0!
#123845
b10100111110010 #
1!
#123850
b110011011011110 #
0!
#123855
b1100011011111010 #
1!
#123860
b110010101101010 #
0!
#123865
b10010101000101 #
1!
#123870
b11100101000100 #
0!
#123875
b1101001111100001 #
1!
#123880
b1100010111011 #
0!
#123885
b10010100010101 #
1!
#123890
b1001011110111110 #
0!
#123895
b10000011011100 #
1!
#123900
b100010 #
0!
#123905
b101011011111111 #
1!
#123910
b1100000011100011 #
0!
#123915
b1011111100111101 #
1!
#123920
b1011101010000011 #
0!
#123925
b1010001000001110 #
1!
#123930
b1010111101011000 #
0!
#123935
b111011111001001 #
1!
#123940
b1001111001110001 #
0!
#123945
b1011101110111001 #
1!
#123950
b10000000111101 #
0!
#123955
b1101011110011010 #
1!
#123960
b1100101010111111 #
0!
#123965
b10100100101 #
1!
#123970
b1000111100101010 #
0!
#123975
b10100100101011 #
1!
#123980
b1100101100110 #
0!
#123985
b1011000111101011 #
1!
#123990
b11011100110110 #
0!
#123995
b111100010110101 #
1!
#124000
b10100100000001 #
0!
#124005
b1010101101010110 #
1!
#124010
b1010111101100 #
0!
#124015
b1001010001111011 #
1!
#124020
b101010010000101 #
0!
#124025
b1001101001010011 #
1!
#124030
b1110001011000001 #
0!
#124035
b11100000011 #
1!
#124040
b1011011010001001 #
0!
#124045
b1111000000001000 #
1!
#124050
b10000011101011 #
0!
#124055
b1110011110010 #
1!
#124060
b10110010110100 #
0!
#124065
b1101100001010010 #
1!
#124070
b11100100010 #
0!
#124075
b1110000110001110 #
1!
#124080
b101010110101000 #
0!
#124085
b11110100011000 #
1!
#124090
b1001010000111100 #
0!
#124095
b1111010001011 #
1!
#124100
b1000011100001110 #
0!
#124105
b1100100010110011 #
1!
#124110
b1000001100010111 #
0!
#124115
b110010100110001 #
1!
#124120
b1110000011111111 #
0!
#124125
b1110100101010111 #
1!
#124130
b100111111010111 #
0!
#124135
b1111110001111000 #
1!
#124140
b11110110001110 #
0!
#124145
b1100101011001100 #
1!
#124150
b11010111011111 #
0!
#124155
b1111001100110011 #
1!
#124160
b11101010011001 #
0!
#124165
b101101101010010 #
1!
#124170
b11000110001100 #
0!
#124175
b1010011100010 #
1!
#124180
b11010110100011 #
0!
#124185
b100000000000010 #
1!
#124190
b1111111000100000 #
0!
#124195
b1110110101000000 #
1!
#124200
b100010011110000 #
0!
#124205
b1110111010001101 #
1!
#124210
b1100111011010 #
0!
#124215
b1100100000100000 #
1!
#124220
b100100010011001 #
0!
#124225
b1000101110101010 #
1!
#124230
b1011111110110000 #
0!
#124235
b1011000011000101 #
1!
#124240
b1101110111001001 #
0!
#124245
b10100010010 #
1!
#124250
b1110100110100110 #
0!
#124255
b111011100110110 #
1!
#124260
b101111111101100 #
0!
#124265
b11101010001 #
1!
#124270
b101010000111001 #
0!
#124275
b1010000110101111 #
1!
#124280
b1110010011110011 #
0!
#124285
b1111111101100101 #
1!
#124290
b1000000011010011 #
0!
#124295
b111111111001011 #
1!
#124300
b101000101110111 #
0!
#124305
b1011101011001 #
1!
#124310
b1010010011000100 #
0!
#124315
b1110001111101 #
1!
#124320
b11110011100110 #
0!
#124325
b11101011011001 #
1!
#124330
b1011110110110111 #
0!
#124335
b100010101101011 #
1!
#124340
b10110000000 #
0!
#124345
b1100111111111 #
1!
#124350
b1000100000011011 #
0!
#124355
b1000001111000101 #
1!
#124360
b1100001101000101 #
0!
#124365
b1101000111110 #
1!
#124370
b1000001101110100 #
0!
#124375
b10001000111000 #
1!
#124380
b101010010101010 #
0!
#124385
b110110010111101 #
1!
#124390
b1110010000010101 #
0!
#124395
b11001100001000 #
1!
#124400
b101011100110110 #
0!
#124405
b1111110011111001 #
1!
#124410
b1010111100101110 #
0!
#124415
b111110011110010 #
1!
#124420
b10010111000100 #
0!
#124425
b111010000001111 #
1!
#124430
b1001100110111001 #
0!
#124435
b1000111011101110 #
1!
#124440
b1101101110101010 #
0!
#124445
b100001001110110 #
1!
#124450
b10000000100011 #
0!
#124455
b1011001001100011 #
1!
#124460
b101010101110110 #
0!
#124465
b1001000110010100 #
1!
#124470
b1000001001001000 #
0!
#124475
b1111010011100110 #
1!
#124480
b10111101110110 #
0!
#124485
b100101111111000 #
1!
#124490
b1011101010100000 #
0!
#124495
b10001000101001 #
1!
#124500
b1100001111001111 #
0!
#124505
b1111010010010 #
1!
#124510
b1000010100100011 #
0!
#124515
b1100011000011011 #
1!
#124520
b11000101010001 #
0!
#124525
b111011011001110 #
1!
#124530
b101101111011010 #
0!
#124535
b10111011100100 #
1!
#124540
b101000110111010 #
0!
#124545
b111111011010111 #
1!
#124550
b111110010010000 #
0!
#124555
b110010111010001 #
1!
#124560
b1100000110111001 #
0!
#124565
b10010011101000 #
1!
#124570
b1110001010100011 #
0!
#124575
b11010110111101 #
1!
#124580
b1101110001000110 #
0!
#124585
b1001111111111 #
1!
#124590
b100101101100100 #
0!
#124595
b10110100100010 #
1!
#124600
b1100000010101100 #
0!
#124605
b1011011111001000 #
1!
#124610
b11000100000100 #
0!
#124615
b1001011101010100 #
1!
#124620
b100100111011001 #
0!
#124625
b11101100010111 #
1!
#124630
b1101000110001000 #
0!
#124635
b111111000010110 #
1!
#124640
b1000101001011 #
0!
#124645
b1000101111010010 #
1!
#124650
b10011010110010 #
0!
#124655
b1011001000001000 #
1!
#124660
b111001100111110 #
0!
#124665
b101010010011010 #
1!
#124670
b1110111101100010 #
0!
#124675
b1011110000011111 #
1!
#124680
b1000111101011000 #
0!
#124685
b1000000111 #
1!
#124690
b1010010001100011 #
0!
#124695
b1110101110100110 #
1!
#124700
b11110010010011 #
0!
#124705
b1100001011011110 #
1!
#124710
b1000001000011001 #
0!
#124715
b100011111110111 #
1!
#124720
b1101010010001 #
0!
#124725
b111110000001110 #
1!
#124730
b1000011000001010 #
0!
#124735
b1001110001110001 #
1!
#124740
b1000010000011010 #
0!
#124745
b1110001011001110 #
1!
#124750
b110111010111111 #
0!
#124755
b111100011010100 #
1!
#124760
b1001011111110111 #
0!
#124765
b101101010110000 #
1!
#124770
b1011001111101010 #
0!
#124775
b10100110001101 #
1!
#124780
b10110011100111 #
0!
#124785
b1010100010001 #
1!
#124790
b1001000001010110 #
0!
#124795
b1011100100001100 #
1!
#124800
b1110001011100101 #
0!
#124805
b1111101010100101 #
1!
#124810
b10010001110 #
0!
#124815
b1111001011001100 #
1!
#124820
b1001101101111 #
0!
#124825
b1011101110001111 #
1!
#124830
b1100100010111000 #
0!
#124835
b110001000001001 #
1!
#124840
b1101110000010100 #
0!
#124845
b1011111111001011 #
1!
#124850
b101110110100000 #
0!
#124855
b101010111010111 #
1!
#124860
b1100111110110 #
0!
#124865
b11010101001111 #
1!
#124870
b1111101001011111 #
0!
#124875
b1101011110100101 #
1!
#124880
b110010001111001 #
0!
#124885
b11010110011 #
1!
#124890
b1001110110100010 #
0!
#124895
b1011001010111100 #
1!
#124900
b1110011011111 #
0!
#124905
b1110000010111101 #
1!
#124910
b100001000 #
0!
#124915
b111011011101000 #
1!
#124920
b101110000000010 #
0!
#124925
b10111010011110 #
1!
#124930
b1010001010000001 #
0!
#124935
b110110111010011 #
1!
#124940
b11011110 #
0!
#124945
b1111001001110 #
1!
#124950
b1011111100111110 #
0!
#124955
b1010001000100011 #
1!
#124960
b1010010000110111 #
0!
#124965
b1001110111000101 #
1!
#124970
b101000100001111 #
0!
#124975
b1110000100010000 #
1!
#124980
b1010001011111111 #
0!
#124985
b101000101111111 #
1!
#124990
b1010011000001 #
0!
#124995
b1011011001100110 #
1!
#125000
b1101010111001 #
0!
#125005
b1010101000010100 #
1!
#125010
b1000010101011010 #
0!
#125015
b111000010101001 #
1!
#125020
b1110010010011101 #
0!
#125025
b1101011000111111 #
1!
#125030
b1110000111001001 #
0!
#125035
b1100001100000 #
1!
#125040
b1001111110100001 #
0!
#125045
b1011111000111000 #
1!
#125050
b10000111100010 #
0!
#125055
b111101100100110 #
1!
#125060
b1010010100101110 #
0!
#125065
b111010101000 #
1!
#125070
b10100110100 #
0!
#125075
b10010010011001 #
1!
#125080
b1001110111100 #
0!
#125085
b11010100010111 #
1!
#125090
b10110101110 #
0!
#125095
b110000011000100 #
1!
#125100
b1100010111110010 #
0!
#125105
b101100100101101 #
1!
#125110
b101111110000011 #
0!
#125115
b11101100001011 #
1!
#125120
b101011010101110 #
0!
#125125
b110110110011101 #
1!
#125130
b111101001001 #
0!
#125135
b1000000001001000 #
1!
#125140
b10001110000001 #
0!
#125145
b1100100010011 #
1!
#125150
b1100111011001100 #
0!
#125155
b1011110000011110 #
1!
#125160
b100100011110010 #
0!
#125165
b1100100011110100 #
1!
#125170
b1111010010010 #
0!
#125175
b11110100100110 #
1!
#125180
b1010000100111011 #
0!
#125185
b1010100101011011 #
1!
#125190
b11011101111000 #
0!
#125195
b101100000110 #
1!
#125200
b1100100110110001 #
0!
#125205
b1010011100010101 #
1!
#125210
b1011101110111 #
0!
#125215
b1111001100001110 #
1!
#125220
b1110010010111 #
0!
#125225
b110110000000011 #
1!
#125230
b111011111110000 #
0!
#125235
b1000001101111000 #
1!
#125240
b1011100010001100 #
0!
#125245
b110100110111001 #
1!
#125250
b1101010110001101 #
0!
#125255
b10011010101 #
1!
#125260
b111100001010011 #
0!
#125265
b1100010110101000 #
1!
#125270
b110110100100001 #
0!
#125275
b1000010011001100 #
1!
#125280
b1111100100110001 #
0!
#125285
b110110110110010 #
1!
#125290
b11101010000100 #
0!
#125295
b1101000010111111 #
1!
#125300
b1001001110000010 #
0!
#125305
b111110001000 #
1!
#125310
b1111101111100011 #
0!
#125315
b111001001110000 #
1!
#125320
b110011011100001 #
0!
#125325
b1010010010110 #
1!
#125330
b10011101111110 #
0!
#125335
b1011011000110000 #
1!
#125340
b100110001111001 #
0!
#125345
b1010101111101001 #
1!
#125350
b1111111101000010 #
0!
#125355
b1010101111001010 #
1!
#125360
b1110001111001100 #
0!
#125365
b1011111011011001 #
1!
#125370
b111101101001001 #
0!
#125375
b1101010101110 #
1!
#125380
b1000010110100001 #
0!
#125385
b1111101011011000 #
1!
#125390
b101100110100011 #
0!
#125395
b1000111101110010 #
1!
#125400
b100111001010000 #
0!
#125405
b1100110000111011 #
1!
#125410
b1011101110011 #
0!
#125415
b101011001010100 #
1!
#125420
b1110000100111 #
0!
#125425
b101111101010000 #
1!
#125430
b1110110011001011 #
0!
#125435
b111111111000111 #
1!
#125440
b1000101000011010 #
0!
#125445
b1001110010100000 #
1!
#125450
b1101011001000100 #
0!
#125455
b1100111110011010 #
1!
#125460
b1111001010000101 #
0!
#125465
b11010010110110 #
1!
#125470
b1001010011001001 #
0!
#125475
b1101100011110001 #
1!
#125480
b111010100100001 #
0!
#125485
b1001000100111100 #
1!
#125490
b1010000110010001 #
0!
#125495
b1110001001111111 #
1!
#125500
b1110100011111001 #
0!
#125505
b1101110011000101 #
1!
#125510
b11010110110111 #
0!
#125515
b1111110000111010 #
1!
#125520
b1110110010001001 #
0!
#125525
b11000101101 #
1!
#125530
b101000001110110 #
0!
#125535
b1111000100010011 #
1!
#125540
b1101110111001101 #
0!
#125545
b1011101111001100 #
1!
#125550
b1010110001101001 #
0!
#125555
b100110011000111 #
1!
#125560
b1101010101100001 #
0!
#125565
b110000001101011 #
1!
#125570
b1100011111101101 #
0!
#125575
b101101101101000 #
1!
#125580
b1011000110001010 #
0!
#125585
b10100101001110 #
1!
#125590
b1101101111101101 #
0!
#125595
b10011110110101 #
1!
#125600
b101101000000 #
0!
#125605
b1111110000011010 #
1!
#125610
b1110010001000011 #
0!
#125615
b111111011010101 #
1!
#125620
b100001100000111 #
0!
#125625
b1000101100001101 #
1!
#125630
b1010000111110101 #
0!
#125635
b1110110110010001 #
1!
#125640
b111000011000110 #
0!
#125645
b11110100111111 #
1!
#125650
b1000100101110001 #
0!
#125655
b1011111010100110 #
1!
#125660
b111010101010101 #
0!
#125665
b100000001100110 #
1!
#125670
b1101110000011111 #
0!
#125675
b1111111100111010 #
1!
#125680
b1110011111111011 #
0!
#125685
b111111011010010 #
1!
#125690
b1001010001010011 #
0!
#125695
b111100000100111 #
1!
#125700
b10010110010001 #
0!
#125705
b1010100000011000 #
1!
#125710
b110111000011001 #
0!
#125715
b1011101000010100 #
1!
#125720
b100101010001100 #
0!
#125725
b10010000101111 #
1!
#125730
b1110011010111101 #
0!
#125735
b111000001101 #
1!
#125740
b11010010010011 #
0!
#125745
b10001001100100 #
1!
#125750
b11100010101010 #
0!
#125755
b1000000110100110 #
1!
#125760
b111110111101111 #
0!
#125765
b1000111011101111 #
1!
#125770
b110000001110011 #
0!
#125775
b1101111101000001 #
1!
#125780
b1000001001111011 #
0!
#125785
b1000110010011 #
1!
#125790
b1101110011011 #
0!
#125795
b1011001010010111 #
1!
#125800
b101111101011010 #
0!
#125805
b1100100010011 #
1!
#125810
b1110001100000001 #
0!
#125815
b100100100001110 #
1!
#125820
b1111000000011111 #
0!
#125825
b1101001011010111 #
1!
#125830
b1111001001111000 #
0!
#125835
b1010111100000111 #
1!
#125840
b1101000110101001 #
0!
#125845
b10100110011111 #
1!
#125850
b100101001110001 #
0!
#125855
b1011000010101000 #
1!
#125860
b101110001100000 #
0!
#125865
b1100011110010000 #
1!
#125870
b1010001000111110 #
0!
#125875
b1101011001001010 #
1!
#125880
b1011000100011010 #
0!
#125885
b1100110000101 #
1!
#125890
b111100011100010 #
0!
#125895
b111000000011001 #
1!
#125900
b1010100101010001 #
0!
#125905
b100110011101010 #
1!
#125910
b100111011110 #
0!
#125915
b1000101000000011 #
1!
#125920
b1101111011101100 #
0!
#125925
b100111100000000 #
1!
#125930
b100111011111111 #
0!
#125935
b1110110010001101 #
1!
#125940
b1011001101001101 #
0!
#125945
b1100011111101000 #
1!
#125950
b10110100010 #
0!
#125955
b10100010100001 #
1!
#125960
b11110011100000 #
0!
#125965
b10011101000001 #
1!
#125970
b1010101101011000 #
0!
#125975
b1000010111111010 #
1!
#125980
b101110111100001 #
0!
#125985
b1001010110111111 #
1!
#125990
b111101101111011 #
0!
#125995
b1000100110110 #
1!
#126000
b1010101010010100 #
0!
#126005
b10000100 #
1!
#126010
b110111010010101 #
0!
#126015
b1001011000101111 #
1!
#126020
b1000010010011111 #
0!
#126025
b1010010011111 #
1!
#126030
b100010000100000 #
0!
#126035
b1010010010110101 #
1!
#126040
b11011001000 #
0!
#126045
b11111010000100 #
1!
#126050
b111100010001111 #
0!
#126055
b1000010100111010 #
1!
#126060
b110111001000 #
0!
#126065
b1010100011010011 #
1!
#126070
b100011100011011 #
0!
#126075
b100001010001110 #
1!
#126080
b11000001110101 #
0!
#126085
b11111101001100 #
1!
#126090
b1010101001001010 #
0!
#126095
b1010110100111010 #
1!
#126100
b1101001011100001 #
0!
#126105
b1010111001000011 #
1!
#126110
b110000110101101 #
0!
#126115
b100110010100101 #
1!
#126120
b101111010011 #
0!
#126125
b110001001101100 #
1!
#126130
b1110010011000111 #
0!
#126135
b111000110000010 #
1!
#126140
b1011100100011110 #
0!
#126145
b1000011001011011 #
1!
#126150
b111000010010110 #
0!
#126155
b10001010110010 #
1!
#126160
b111010100110111 #
0!
#126165
b100010001011 #
1!
#126170
b1010111101 #
0!
#126175
b10111100101010 #
1!
#126180
b1001110110110000 #
0!
#126185
b1001001001001001 #
1!
#126190
b101100010111011 #
0!
#126195
b10001011110111 #
1!
#126200
b100110111001101 #
0!
#126205
b1001001101011001 #
1!
#126210
b1110101100110001 #
0!
#126215
b100100011110110 #
1!
#126220
b110000111111000 #
0!
#126225
b11001110100110 #
1!
#126230
b1111011010101110 #
0!
#126235
b1010110001011110 #
1!
#126240
b111001000111101 #
0!
#126245
b101111111100101 #
1!
#126250
b111100011101101 #
0!
#126255
b1110010100110 #
1!
#126260
b1110001110010100 #
0!
#126265
b1100010101110011 #
1!
#126270
b10101100010101 #
0!
#126275
b10001111110011 #
1!
#126280
b1100100100100111 #
0!
#126285
b1100111101001101 #
1!
#126290
b1000110011010101 #
0!
#126295
b110110011001 #
1!
#126300
b10001001110 #
0!
#126305
b1010100101111111 #
1!
#126310
b1101011111110001 #
0!
#126315
b1110001111000010 #
1!
#126320
b10111110000001 #
0!
#126325
b100000111010010 #
1!
#126330
b100100100000 #
0!
#126335
b111011011100010 #
1!
#126340
b1010010111101001 #
0!
#126345
b100000000101001 #
1!
#126350
b1101101011000100 #
0!
#126355
b100111100001011 #
1!
#126360
b1000001011011001 #
0!
#126365
b1011001001011 #
1!
#126370
b1100101101101101 #
0!
#126375
b1011101010101011 #
1!
#126380
b1010001111010101 #
0!
#126385
b1110110010000110 #
1!
#126390
b1010110011001 #
0!
#126395
b1100011111100100 #
1!
#126400
b1010010101110011 #
0!
#126405
b1010111111111001 #
1!
#126410
b1011010110111100 #
0!
#126415
b11110100000010 #
1!
#126420
b1110001010111001 #
0!
#126425
b101011011111 #
1!
#126430
b110011011101011 #
0!
#126435
b1010100000110010 #
1!
#126440
b111011001000101 #
0!
#126445
b110101010110111 #
1!
#126450
b1010010001000101 #
0!
#126455
b101011000001000 #
1!
#126460
b11111111100100 #
0!
#126465
b1111110110011000 #
1!
#126470
b1010111001101100 #
0!
#126475
b101010000000001 #
1!
#126480
b1101100011011011 #
0!
#126485
b1010100110010011 #
1!
#126490
b111110000101100 #
0!
#126495
b110110101110111 #
1!
#126500
b1001110010011100 #
0!
#126505
b10000001110010 #
1!
#126510
b1100111010101010 #
0!
#126515
b10110101000011 #
1!
#126520
b1010100100010010 #
0!
#126525
b1100101110111000 #
1!
#126530
b1110100011110 #
0!
#126535
b1101111110001101 #
1!
#126540
b1101011101001110 #
0!
#126545
b1101011000101011 #
1!
#126550
b1010010110011001 #
0!
#126555
b1000111011101001 #
1!
#126560
b1100011010111010 #
0!
#126565
b11000111001010 #
1!
#126570
b110001111000000 #
0!
#126575
b101101011100 #
1!
#126580
b1101001010011011 #
0!
#126585
b1000000010000111 #
1!
#126590
b1000111111010 #
0!
#126595
b1101110101011111 #
1!
#126600
b1010100010001 #
0!
#126605
b11011110010101 #
1!
#126610
b10111100001101 #
0!
#126615
b101001001110001 #
1!
#126620
b110101001001001 #
0!
#126625
b111111010101101 #
1!
#126630
b1111010110011110 #
0!
#126635
b111011001100100 #
1!
#126640
b111001000100111 #
0!
#126645
b100001000011100 #
1!
#126650
b110001010001001 #
0!
#126655
b1010111011111 #
1!
#126660
b1000010000010000 #
0!
#126665
b10111111101110 #
1!
#126670
b11000010010001 #
0!
#126675
b1011101001001010 #
1!
#126680
b1011111000011000 #
0!
#126685
b1010111000010110 #
1!
#126690
b1101110101011001 #
0!
#126695
b1011001010101011 #
1!
#126700
b1111101001001001 #
0!
#126705
b1111000011100111 #
1!
#126710
b1010001100100001 #
0!
#126715
b100010001110 #
1!
#126720
b1101100000110000 #
0!
#126725
b1110000010110111 #
1!
#126730
b111111000111100 #
0!
#126735
b1000101110010111 #
1!
#126740
b1011001010000000 #
0!
#126745
b10011100000001 #
1!
#126750
b10110011000001 #
0!
#126755
b1100001111010001 #
1!
#126760
b1010001111100110 #
0!
#126765
b11010011100111 #
1!
#126770
b10011001011110 #
0!
#126775
b1111111001001110 #
1!
#126780
b1000011111100001 #
0!
#126785
b11000001011010 #
1!
#126790
b1010110111010110 #
0!
#126795
b100011100111000 #
1!
#126800
b1111101110111101 #
0!
#126805
b101011011000 #
1!
#126810
b1011011100010011 #
0!
#126815
b110110111101011 #
1!
#126820
b101110110000100 #
0!
#126825
b110110000000010 #
1!
#126830
b1001010111 #
0!
#126835
b1111011100100100 #
1!
#126840
b1100001000000010 #
0!
#126845
b1100010111110100 #
1!
#126850
b111001101011 #
0!
#126855
b11010011101010 #
1!
#126860
b111010100011 #
0!
#126865
b11110010100010 #
1!
#126870
b1001101011011 #
0!
#126875
b11001101001011 #
1!
#126880
b1101101101101011 #
0!
#126885
b1100000100110001 #
1!
#126890
b101010101011 #
0!
#126895
b1011101001101111 #
1!
#126900
b1000001010100011 #
0!
#126905
b1111111101111110 #
1!
#126910
b1011011101111100 #
0!
#126915
b101100000111000 #
1!
#126920
b10000110010111 #
0!
#126925
b110000111001001 #
1!
#126930
b1001000010100010 #
0!
#126935
b101100011110000 #
1!
#126940
b1001001100000100 #
0!
#126945
b1001111010101 #
1!
#126950
b1101001000011100 #
0!
#126955
b1100100000100010 #
1!
#126960
b111010101101111 #
0!
#126965
b1001000101 #
1!
#126970
b111110011100011 #
0!
#126975
b111001001000011 #
1!
#126980
b10001100110010 #
0!
#126985
b1101101010101001 #
1!
#126990
b100011110010010 #
0!
#126995
b1110010100101010 #
1!
#127000
b1011100101011101 #
0!
#127005
b100111110111 #
1!
#127010
b1010111111011000 #
0!
#127015
b110100100001001 #
1!
#127020
b1001000110011 #
0!
#127025
b1011011011011111 #
1!
#127030
b1111000000101101 #
0!
#127035
b101011110001 #
1!
#127040
b1100110101110110 #
0!
#127045
b1101000011000111 #
1!
#127050
b100010111110 #
0!
#127055
b1001100101110110 #
1!
#127060
b100000000110111 #
0!
#127065
b10111000011 #
1!
#127070
b1011001000011010 #
0!
#127075
b1001110110011010 #
1!
#127080
b1000111101101111 #
0!
#127085
b1011110101101101 #
1!
#127090
b110100101111000 #
0!
#127095
b110010110000000 #
1!
#127100
b1000111000000100 #
0!
#127105
b10010111101010 #
1!
#127110
b110101000101111 #
0!
#127115
b1111101000011111 #
1!
#127120
b1101111010000100 #
0!
#127125
b10101111111100 #
1!
#127130
b1011000101000101 #
0!
#127135
b10101001100110 #
1!
#127140
b1101101001001000 #
0!
#127145
b111100001110101 #
1!
#127150
b1111100110001111 #
0!
#127155
b1000001000001111 #
1!
#127160
b1001111100110010 #
0!
#127165
b111110011011101 #
1!
#127170
b1011111001011101 #
0!
#127175
b100110110011100 #
1!
#127180
b11011000111 #
0!
#127185
b110000010110110 #
1!
#127190
b11111000110000 #
0!
#127195
b1001010010101001 #
1!
#127200
b1010111011010110 #
0!
#127205
b1000000011100 #
1!
#127210
b111010001100001 #
0!
#127215
b10100100011010 #
1!
#127220
b1111000101101001 #
0!
#127225
b11101000110000 #
1!
#127230
b1110001000110 #
0!
#127235
b1001001101010101 #
1!
#127240
b1110110100110001 #
0!
#127245
b100100100011100 #
1!
#127250
b1011001110111000 #
0!
#127255
b10000100000010 #
1!
#127260
b111101100101100 #
0!
#127265
b110100011111110 #
1!
#127270
b111000010000111 #
0!
#127275
b1101110110000010 #
1!
#127280
b11100110111111 #
0!
#127285
b1000001010101101 #
1!
#127290
b101010111000001 #
0!
#127295
b1001001010101011 #
1!
#127300
b1000001011101111 #
0!
#127305
b100100010010010 #
1!
#127310
b1110101010011 #
0!
#127315
b1100111111011110 #
1!
#127320
b111010011111111 #
0!
#127325
b10000101111110 #
1!
#127330
b100000111101110 #
0!
#127335
b1101111100010010 #
1!
#127340
b1110101000100100 #
0!
#127345
b11101011011000 #
1!
#127350
b1111111010111001 #
0!
#127355
b1100111011110011 #
1!
#127360
b1000000110001010 #
0!
#127365
b1000000011101011 #
1!
#127370
b101001110110110 #
0!
#127375
b110100010011110 #
1!
#127380
b1001000101011101 #
0!
#127385
b1010000110111101 #
1!
#127390
b1111011101100001 #
0!
#127395
b11100100100001 #
1!
#127400
b11101100010111 #
0!
#127405
b10000111001 #
1!
#127410
b110101101110100 #
0!
#127415
b1000101001001101 #
1!
#127420
b101011010111110 #
0!
#127425
b1101101100010000 #
1!
#127430
b1110100001010011 #
0!
#127435
b110110111111001 #
1!
#127440
b1000001101011000 #
0!
#127445
b110000100001 #
1!
#127450
b110101000010101 #
0!
#127455
b1010100001000011 #
1!
#127460
b1101001000111 #
0!
#127465
b100011011000010 #
1!
#127470
b1010111110011011 #
0!
#127475
b1100110011111010 #
1!
#127480
b11101010111011 #
0!
#127485
b1111010011000110 #
1!
#127490
b11000110110111 #
0!
#127495
b10001110110000 #
1!
#127500
b1011111000001000 #
0!
#127505
b100010110001111 #
1!
#127510
b10110111010010 #
0!
#127515
b1011100110101000 #
1!
#127520
b100001100000101 #
0!
#127525
b10001000001011 #
1!
#127530
b1001111100010111 #
0!
#127535
b101011000011100 #
1!
#127540
b10000000101111 #
0!
#127545
b11011111111001 #
1!
#127550
b100001010000101 #
0!
#127555
b1000110100001011 #
1!
#127560
b111100111010100 #
0!
#127565
b1111000000111111 #
1!
#127570
b1001001111110011 #
0!
#127575
b1010011000010101 #
1!
#127580
b10001011110010 #
0!
#127585
b111110110110100 #
1!
#127590
b1100111101111011 #
0!
#127595
b1010111010001000 #
1!
#127600
b1011110100000000 #
0!
#127605
b1100010100110111 #
1!
#127610
b1110111000111000 #
0!
#127615
b111000100110101 #
1!
#127620
b1010001001100111 #
0!
#127625
b111010101100011 #
1!
#127630
b1011001011011110 #
0!
#127635
b111101000011101 #
1!
#127640
b1111000011010101 #
0!
#127645
b1111101110111101 #
1!
#127650
b1001001000011100 #
0!
#127655
b1011110010100 #
1!
#127660
b1000001000101010 #
0!
#127665
b111111010111011 #
1!
#127670
b1100110001000000 #
0!
#127675
b101000111111001 #
1!
#127680
b1111010000110100 #
0!
#127685
b1111001101100110 #
1!
#127690
b101110100010111 #
0!
#127695
b1111011010001010 #
1!
#127700
b1010000011110010 #
0!
#127705
b1111111100001010 #
1!
#127710
b1111110010000011 #
0!
#127715
b1001001101111011 #
1!
#127720
b1010011010010101 #
0!
#127725
b111010111111 #
1!
#127730
b10110110110111 #
0!
#127735
b111001011100010 #
1!
#127740
b1101111111111100 #
0!
#127745
b100111000010111 #
1!
#127750
b10010010011110 #
0!
#127755
b1010000110001101 #
1!
#127760
b1110011111100000 #
0!
#127765
b1010110111101000 #
1!
#127770
b1110010001011000 #
0!
#127775
b1110100001100010 #
1!
#127780
b1101001100000 #
0!
#127785
b1101001101100101 #
1!
#127790
b10010101001001 #
0!
#127795
b1101100001011010 #
1!
#127800
b1001011000110100 #
0!
#127805
b10111110000001 #
1!
#127810
b110001010111011 #
0!
#127815
b1011101010110011 #
1!
#127820
b11011000110111 #
0!
#127825
b1110101111010110 #
1!
#127830
b1101101101111110 #
0!
#127835
b1001101001101110 #
1!
#127840
b1001011101111101 #
0!
#127845
b1111001000000000 #
1!
#127850
b1000100010000000 #
0!
#127855
b100011110110010 #
1!
#127860
b1000110110010 #
0!
#127865
b1111010110110001 #
1!
#127870
b10100111100100 #
0!
#127875
b100100100110000 #
1!
#127880
b1100010011111010 #
0!
#127885
b101101101100011 #
1!
#127890
b11010001110111 #
0!
#127895
b1110110100010111 #
1!
#127900
b1000101000000110 #
0!
#127905
b101000011111111 #
1!
#127910
b1110110100010011 #
0!
#127915
b100000010111011 #
1!
#127920
b10011001 #
0!
#127925
b1100010101000011 #
1!
#127930
b100100011011011 #
0!
#127935
b1000101111111 #
1!
#127940
b1000001000111001 #
0!
#127945
b110000001010101 #
1!
#127950
b11011000001 #
0!
#127955
b1110010100011011 #
1!
#127960
b10110000110111 #
0!
#127965
b1001001101000111 #
1!
#127970
b1010010001101000 #
0!
#127975
b110011011011 #
1!
#127980
b1101101111010101 #
0!
#127985
b1000010111110010 #
1!
#127990
b101101110111111 #
0!
#127995
b1001010011101000 #
1!
#128000
b10100010111100 #
0!
#128005
b10001111110111 #
1!
#128010
b10010001010101 #
0!
#128015
b100010000111001 #
1!
#128020
b111000101110100 #
0!
#128025
b1101101000011 #
1!
#128030
b1100001011101001 #
0!
#128035
b1010111100111111 #
1!
#128040
b1101001100100000 #
0!
#128045
b1101011111101111 #
1!
#128050
b1010111100100011 #
0!
#128055
b1100011101101 #
1!
#128060
b10011100110000 #
0!
#128065
b1000001011001000 #
1!
#128070
b10001011101011 #
0!
#128075
b1001001100100000 #
1!
#128080
b101101000100 #
0!
#128085
b110101110010 #
1!
#128090
b1111001011111 #
0!
#128095
b1110011100011110 #
1!
#128100
b1101101011110011 #
0!
#128105
b10000001010110 #
1!
#128110
b101101011100011 #
0!
#128115
b1010001000100101 #
1!
#128120
b1011001010110101 #
0!
#128125
b10011001011110 #
1!
#128130
b101010100101111 #
0!
#128135
b1000110110011 #
1!
#128140
b110111010100011 #
0!
#128145
b100111110110111 #
1!
#128150
b100100111101110 #
0!
#128155
b11110010100001 #
1!
#128160
b1010100101000111 #
0!
#128165
b1000001001111101 #
1!
#128170
b11001111001111 #
0!
#128175
b1111010110011010 #
1!
#128180
b1100000000110100 #
0!
#128185
b111000110110001 #
1!
#128190
b1100111110001101 #
0!
#128195
b1100001100011001 #
1!
#128200
b1100111110011010 #
0!
#128205
b1000001000111011 #
1!
#128210
b1001011111100110 #
0!
#128215
b1111010001110101 #
1!
#128220
b1011001110010110 #
0!
#128225
b1110011101101001 #
1!
#128230
b1100101011101011 #
0!
#128235
b1001010100100000 #
1!
#128240
b10101110010 #
0!
#128245
b1000010110110100 #
1!
#128250
b110001110111100 #
0!
#128255
b110111010100110 #
1!
#128260
b10001010000101 #
0!
#128265
b111000100010 #
1!
#128270
b1110100000101 #
0!
#128275
b1000110010000 #
1!
#128280
b10100111111100 #
0!
#128285
b1110101000101100 #
1!
#128290
b111010001010101 #
0!
#128295
b1100010010110111 #
1!
#128300
b1111001000110101 #
0!
#128305
b100100101100110 #
1!
#128310
b1010011110110000 #
0!
#128315
b1001011000100111 #
1!
#128320
b1101111101010 #
0!
#128325
b1010111100000 #
1!
#128330
b1010111001100010 #
0!
#128335
b101010000101000 #
1!
#128340
b11100100 #
0!
#128345
b1111011110000001 #
1!
#128350
b100100110000001 #
0!
#128355
b1000100010000011 #
1!
#128360
b1011110101110001 #
0!
#128365
b101111000111010 #
1!
#128370
b1111000000011110 #
0!
#128375
b111111110011010 #
1!
#128380
b10111101001001 #
0!
#128385
b111100001101101 #
1!
#128390
b1110000010010101 #
0!
#128395
b100010001110111 #
1!
#128400
b1110111000101011 #
0!
#128405
b10111001100001 #
1!
#128410
b1100000000000 #
0!
#128415
b1010011001010110 #
1!
#128420
b101101111011111 #
0!
#128425
b10110100001110 #
1!
#128430
b101000000110101 #
0!
#128435
b10110111010000 #
1!
#128440
b1000111011010100 #
0!
#128445
b1101111000101111 #
1!
#128450
b11001010101 #
0!
#128455
b10011100111101 #
1!
#128460
b110011000011011 #
0!
#128465
b111001011011001 #
1!
#128470
b111011101011111 #
0!
#128475
b1010000101100101 #
1!
#128480
b111110011101010 #
0!
#128485
b1101010110000100 #
1!
#128490
b1001110110111000 #
0!
#128495
b110001100010000 #
1!
#128500
b11000101110010 #
0!
#128505
b1010110111010100 #
1!
#128510
b11001000101110 #
0!
#128515
b1111111110011011 #
1!
#128520
b1001101000101010 #
0!
#128525
b110110111110111 #
1!
#128530
b1011100001100100 #
0!
#128535
b1011101000011101 #
1!
#128540
b1001101001010011 #
0!
#128545
b11101011111011 #
1!
#128550
b110100000011110 #
0!
#128555
b1010011000111100 #
1!
#128560
b1100100111110001 #
0!
#128565
b11011101010 #
1!
#128570
b11110001110000 #
0!
#128575
b1000110101000111 #
1!
#128580
b1000001011101010 #
0!
#128585
b111101100000101 #
1!
#128590
b1111001100110111 #
0!
#128595
b1111101110101111 #
1!
#128600
b1110010001111100 #
0!
#128605
b10111111110 #
1!
#128610
b11011100101 #
0!
#128615
b11101001110011 #
1!
#128620
b1100101111011001 #
0!
#128625
b1100111110000001 #
1!
#128630
b1011010000001111 #
0!
#128635
b101100110011011 #
1!
#128640
b1100111000000100 #
0!
#128645
b1100010111100100 #
1!
#128650
b1111100110110011 #
0!
#128655
b10001001010110 #
1!
#128660
b101000011000010 #
0!
#128665
b1001010001011111 #
1!
#128670
b1000111010110101 #
0!
#128675
b10001011011010 #
1!
#128680
b110100110111111 #
0!
#128685
b1010100110010011 #
1!
#128690
b1111001010001001 #
0!
#128695
b1010011110011000 #
1!
#128700
b1111011010110101 #
0!
#128705
b10110111001111 #
1!
#128710
b101111001111000 #
0!
#128715
b1011100011011001 #
1!
#128720
b1001001010111101 #
0!
#128725
b111111010110 #
1!
#128730
b1101000010001100 #
0!
#128735
b10010101100111 #
1!
#128740
b1001101010000101 #
0!
#128745
b1111100010001000 #
1!
#128750
b11010001010 #
0!
#128755
b111100001010001 #
1!
#128760
b10101010101011 #
0!
#128765
b101100101000110 #
1!
#128770
b111100011110001 #
0!
#128775
b1111111101011111 #
1!
#128780
b1111011101110 #
0!
#128785
b101100001100110 #
1!
#128790
b110010110001011 #
0!
#128795
b1100001101100001 #
1!
#128800
b1000001101110 #
0!
#128805
b1110010010010101 #
1!
#128810
b1100011001101110 #
0!
#128815
b1001001011010100 #
1!
#128820
b110000010101110 #
0!
#128825
b1010101101110010 #
1!
#128830
b101100111110001 #
0!
#128835
b1111100100001101 #
1!
#128840
b10011010100011 #
0!
#128845
b1010101001001 #
1!
#128850
b1001101110010101 #
0!
#128855
b100001101111100 #
1!
#128860
b100001001101011 #
0!
#128865
b100111100111111 #
1!
#128870
b1100010101001000 #
0!
#128875
b111100000010100 #
1!
#128880
b100110111111111 #
0!
#128885
b100011011000111 #
1!
#128890
b1101011000001011 #
0!
#128895
b110110110000000 #
1!
#128900
b1010001010001000 #
0!
#128905
b1010011010110101 #
1!
#128910
b1000100001100010 #
0!
#128915
b1010010100101111 #
1!
#128920
b110000110001111 #
0!
#128925
b1101110111001110 #
1!
#128930
b101100010011101 #
0!
#128935
b111000011011111 #
1!
#128940
b110000011010001 #
0!
#128945
b1001000101100 #
1!
#128950
b1000001001011000 #
0!
#128955
b1101110010101001 #
1!
#128960
b100001011010011 #
0!
#128965
b11010001000011 #
1!
#128970
b1000111011 #
0!
#128975
b1011001000111110 #
1!
#128980
b110000000001011 #
0!
#128985
b1111000111110100 #
1!
#128990
b1001010001110010 #
0!
#128995
b111111101011011 #
1!
#129000
b1101010111000001 #
0!
#129005
b1011000101101010 #
1!
#129010
b1011001111001000 #
0!
#129015
b1000110100010100 #
1!
#129020
b111110101100101 #
0!
#129025
b1010001100111000 #
1!
#129030
b1001110011101111 #
0!
#129035
b1110101100001010 #
1!
#129040
b1111011010100001 #
0!
#129045
b1010111001110100 #
1!
#129050
b100101011011001 #
0!
#129055
b110001100101111 #
1!
#129060
b1001101111000011 #
0!
#129065
b1000011100111101 #
1!
#129070
b111110010101110 #
0!
#129075
b1000001000011101 #
1!
#129080
b1000011111010000 #
0!
#129085
b1001000101110100 #
1!
#129090
b1010101101000110 #
0!
#129095
b1001010110100111 #
1!
#129100
b1001010011101110 #
0!
#129105
b1111110100001001 #
1!
#129110
b1001110101111 #
0!
#129115
b1010010010111010 #
1!
#129120
b110010101011001 #
0!
#129125
b1011011010110011 #
1!
#129130
b1011000110100100 #
0!
#129135
b1000000100100001 #
1!
#129140
b101000010100110 #
0!
#129145
b110011101100101 #
1!
#129150
b11111010000001 #
0!
#129155
b1011001101000011 #
1!
#129160
b111001001111100 #
0!
#129165
b111110001100010 #
1!
#129170
b11110010011100 #
0!
#129175
b1000100110000000 #
1!
#129180
b1010100110001110 #
0!
#129185
b10010100111110 #
1!
#129190
b1110001010000100 #
0!
#129195
b110000101111 #
1!
#129200
b1001000100000011 #
0!
#129205
b100100010101101 #
1!
#129210
b11000100011111 #
0!
#129215
b101011101110 #
1!
#129220
b1000001111111110 #
0!
#129225
b1001010001101100 #
1!
#129230
b1101111100010010 #
0!
#129235
b1000101000101 #
1!
#129240
b1001110010001100 #
0!
#129245
b111010000101110 #
1!
#129250
b110101110000001 #
0!
#129255
b110100001000110 #
1!
#129260
b1011100010101011 #
0!
#129265
b1011011010000 #
1!
#129270
b1000110000101 #
0!
#129275
b1111000110110 #
1!
#129280
b111011110011110 #
0!
#129285
b110011011000000 #
1!
#129290
b1100110101101101 #
0!
#129295
b11011111 #
1!
#129300
b11000101000001 #
0!
#129305
b110111011100 #
1!
#129310
b101101000100001 #
0!
#129315
b1001100010011100 #
1!
#129320
b10101110 #
0!
#129325
b111101010110010 #
1!
#129330
b11010011000000 #
0!
#129335
b11010110111011 #
1!
#129340
b1100010011001000 #
0!
#129345
b1101011001110000 #
1!
#129350
b1001101111010110 #
0!
#129355
b1101110101010001 #
1!
#129360
b1100011111111 #
0!
#129365
b1000001011011 #
1!
#129370
b1000010100111001 #
0!
#129375
b110001000001011 #
1!
#129380
b101101111111000 #
0!
#129385
b1101001100100110 #
1!
#129390
b1011000011101100 #
0!
#129395
b100110100101010 #
1!
#129400
b1010000101011010 #
0!
#129405
b1000101000001010 #
1!
#129410
b1001110100011000 #
0!
#129415
b1110101100100001 #
1!
#129420
b1100110101101000 #
0!
#129425
b110001011101010 #
1!
#129430
b1000000010000110 #
0!
#129435
b100100100010110 #
1!
#129440
b111100010110101 #
0!
#129445
b100011001011110 #
1!
#129450
b101100010001111 #
0!
#129455
b11000110110110 #
1!
#129460
b110011010 #
0!
#129465
b1110010000000111 #
1!
#129470
b1110010100001011 #
0!
#129475
b10111110010100 #
1!
#129480
b111111010101100 #
0!
#129485
b1010011011110100 #
1!
#129490
b1001111000011101 #
0!
#129495
b1000111010010110 #
1!
#129500
b1101000011101101 #
0!
#129505
b1011100110000011 #
1!
#129510
b1100000101101110 #
0!
#129515
b101111110010010 #
1!
#129520
b1001001111100101 #
0!
#129525
b100101111101 #
1!
#129530
b100101111000000 #
0!
#129535
b110100010101111 #
1!
#129540
b10000101101011 #
0!
#129545
b100000011100101 #
1!
#129550
b1111010101010010 #
0!
#129555
b11101010100110 #
1!
#129560
b1001011001001010 #
0!
#129565
b1100111100101111 #
1!
#129570
b11110100010010 #
0!
#129575
b1111001110111 #
1!
#129580
b1101000001111001 #
0!
#129585
b1101110001011000 #
1!
#129590
b101111000010100 #
0!
#129595
b10000010101001 #
1!
#129600
b110101100101100 #
0!
#129605
b101011010011011 #
1!
#129610
b101011000111110 #
0!
#129615
b111010110111 #
1!
#129620
b1011111001100011 #
0!
#129625
b1110101100101110 #
1!
#129630
b1110000010110000 #
0!
#129635
b111001010110010 #
1!
#129640
b1110110100111111 #
0!
#129645
b1111011100 #
1!
#129650
b111011111010011 #
0!
#129655
b1001101010111100 #
1!
#129660
b1100110111001110 #
0!
#129665
b1100101011000011 #
1!
#129670
b101100010001001 #
0!
#129675
b1001000101110001 #
1!
#129680
b1111110001111110 #
0!
#129685
b11000100101101 #
1!
#129690
b111111110000000 #
0!
#129695
b10000111011001 #
1!
#129700
b1101100100000110 #
0!
#129705
b1101111110111100 #
1!
#129710
b1010011100010000 #
0!
#129715
b1101100011101101 #
1!
#129720
b111110111100010 #
0!
#129725
b100001111011011 #
1!
#129730
b100110110101011 #
0!
#129735
b1001011100 #
1!
#129740
b1100010100101100 #
0!
#129745
b1000011110110011 #
1!
#129750
b1010110001001011 #
0!
#129755
b1010101110011001 #
1!
#129760
b100110100000111 #
0!
#129765
b1001011110011001 #
1!
#129770
b1100001111100010 #
0!
#129775
b1001111111010000 #
1!
#129780
b110111101001001 #
0!
#129785
b10000100110001 #
1!
#129790
b100101000111001 #
0!
#129795
b110100011010100 #
1!
#129800
b100101110101100 #
0!
#129805
b1000111000110001 #
1!
#129810
b1100000000111011 #
0!
#129815
b101011010101100 #
1!
#129820
b1011100100110101 #
0!
#129825
b111000010101 #
1!
#129830
b101111100100000 #
0!
#129835
b111001011000011 #
1!
#129840
b101011100001011 #
0!
#129845
b1000100110011001 #
1!
#129850
b10001110000010 #
0!
#129855
b1000100101100001 #
1!
#129860
b1000000001110000 #
0!
#129865
b1010111001011000 #
1!
#129870
b1100101010101101 #
0!
#129875
b10010110001001 #
1!
#129880
b101001100100001 #
0!
#129885
b1110011001100100 #
1!
#129890
b1100111001010110 #
0!
#129895
b1001010010111111 #
1!
#129900
b1010100011001000 #
0!
#129905
b110000100101101 #
1!
#129910
b110110111111110 #
0!
#129915
b1110010111100110 #
1!
#129920
b1111111000100 #
0!
#129925
b11010010110 #
1!
#129930
b1010000100100000 #
0!
#129935
b1101111111000011 #
1!
#129940
b111011101111 #
0!
#129945
b1000011010000110 #
1!
#129950
b10010010001001 #
0!
#129955
b111100110010 #
1!
#129960
b1001100110101011 #
0!
#129965
b100101011011000 #
1!
#129970
b111100011100101 #
0!
#129975
b1100000011000010 #
1!
#129980
b1001010011100101 #
0!
#129985
b1000000011111000 #
1!
#129990
b1101011111100011 #
0!
#129995
b1010110010 #
1!
#130000
b1010000101000101 #
0!
#130005
b1001000001011 #
1!
#130010
b11100100000010 #
0!
#130015
b1001111111110110 #
1!
#130020
b1100001001010 #
0!
#130025
b1010110111111011 #
1!
#130030
b101110001100110 #
0!
#130035
b10001001011100 #
1!
#130040
b1100101111110 #
0!
#130045
b1011101100110111 #
1!
#130050
b1011111111000001 #
0!
#130055
b1101100101100100 #
1!
#130060
b111110010001011 #
0!
#130065
b110101010001110 #
1!
#130070
b1001101010111001 #
0!
#130075
b1100111011101010 #
1!
#130080
b1110000001011000 #
0!
#130085
b1010100111100101 #
1!
#130090
b1110110111010000 #
0!
#130095
b1100110000101100 #
1!
#130100
b1001111011110010 #
0!
#130105
b1110000111101 #
1!
#130110
b111000000111000 #
0!
#130115
b110001101011001 #
1!
#130120
b1101011101110010 #
0!
#130125
b11011011001010 #
1!
#130130
b1010000010011001 #
0!
#130135
b1101110100101111 #
1!
#130140
b110000010011000 #
0!
#130145
b10001010000000 #
1!
#130150
b1011110000111000 #
0!
#130155
b100010111000110 #
1!
#130160
b1101101001011110 #
0!
#130165
b1100101011100010 #
1!
#130170
b1011110101110111 #
0!
#130175
b110011100100001 #
1!
#130180
b1010000000101011 #
0!
#130185
b1101101001111111 #
1!
#130190
b110000000110000 #
0!
#130195
b1101000110100010 #
1!
#130200
b1100111011101000 #
0!
#130205
b1100000011011100 #
1!
#130210
b10000111010000 #
0!
#130215
b1100110111101011 #
1!
#130220
b100000110101001 #
0!
#130225
b1010010100111000 #
1!
#130230
b11101011000000 #
0!
#130235
b110011101010100 #
1!
#130240
b1001001100110000 #
0!
#130245
b111100011110010 #
1!
#130250
b1010101000000111 #
0!
#130255
b110110101111111 #
1!
#130260
b1111111100110 #
0!
#130265
b1110010111111100 #
1!
#130270
b10101110011000 #
0!
#130275
b110100100110010 #
1!
#130280
b10110101001 #
0!
#130285
b101010100011010 #
1!
#130290
b11101101011001 #
0!
#130295
b1010100111111101 #
1!
#130300
b1110111111110 #
0!
#130305
b1111010101011010 #
1!
#130310
b1001000111111 #
0!
#130315
b11011111011001 #
1!
#130320
b10011111101 #
0!
#130325
b1011001110010111 #
1!
#130330
b1011001010010001 #
0!
#130335
b1101111101000000 #
1!
#130340
b1100010100100 #
0!
#130345
b11100001011001 #
1!
#130350
b1101001110111000 #
0!
#130355
b10111111101100 #
1!
#130360
b111010111000110 #
0!
#130365
b1111010111110001 #
1!
#130370
b1111000110011110 #
0!
#130375
b111000111001000 #
1!
#130380
b1111010101010010 #
0!
#130385
b1000000100100 #
1!
#130390
b100100100001101 #
0!
#130395
b1011000100101110 #
1!
#130400
b11010000101111 #
0!
#130405
b111100001000011 #
1!
#130410
b1101011000001101 #
0!
#130415
b1011110100001000 #
1!
#130420
b1000111101010111 #
0!
#130425
b1101101000000100 #
1!
#130430
b101011010110011 #
0!
#130435
b1111011111001 #
1!
#130440
b10001101110110 #
0!
#130445
b1010000011110001 #
1!
#130450
b100001001011100 #
0!
#130455
b10001100001101 #
1!
#130460
b1100100011000011 #
0!
#130465
b1111011111001100 #
1!
#130470
b1101101011001111 #
0!
#130475
b1101011000100001 #
1!
#130480
b1111101000101 #
0!
#130485
b1100101010111010 #
1!
#130490
b1011000110101 #
0!
#130495
b11110001100 #
1!
#130500
b1000000100111101 #
0!
#130505
b1100011010010100 #
1!
#130510
b1011010001100101 #
0!
#130515
b11101000100111 #
1!
#130520
b101011110111 #
0!
#130525
b101100100101011 #
1!
#130530
b11001110000010 #
0!
#130535
b1100001001001010 #
1!
#130540
b1001100010101100 #
0!
#130545
b1010101111100010 #
1!
#130550
b1100100101010101 #
0!
#130555
b1010101111010111 #
1!
#130560
b1100011010110100 #
0!
#130565
b1010100101110010 #
1!
#130570
b111001001100110 #
0!
#130575
b1011101011101011 #
1!
#130580
b1110111111000111 #
0!
#130585
b100101011 #
1!
#130590
b1111000101001001 #
0!
#130595
b1000010101000111 #
1!
#130600
b11000001110001 #
0!
#130605
b1110110010010 #
1!
#130610
b1011110000010011 #
0!
#130615
b100111000011010 #
1!
#130620
b110010010001000 #
0!
#130625
b10100110110010 #
1!
#130630
b1000101111001 #
0!
#130635
b10100100101011 #
1!
#130640
b10100011001101 #
0!
#130645
b1001111110011 #
1!
#130650
b1110110010000010 #
0!
#130655
b1101110000010100 #
1!
#130660
b1101100001110101 #
0!
#130665
b1000011011010010 #
1!
#130670
b100101010011 #
0!
#130675
b1111100110010011 #
1!
#130680
b1001000111010010 #
0!
#130685
b1110110101011001 #
1!
#130690
b1110001100000111 #
0!
#130695
b1100011010010101 #
1!
#130700
b10110011010011 #
0!
#130705
b111010010011110 #
1!
#130710
b1011011000000010 #
0!
#130715
b101001000001010 #
1!
#130720
b100011110010100 #
0!
#130725
b100100110101 #
1!
#130730
b1000000111001100 #
0!
#130735
b110101000100010 #
1!
#130740
b11111010110101 #
0!
#130745
b101011011100000 #
1!
#130750
b1111110011010100 #
0!
#130755
b1001100100001010 #
1!
#130760
b10110010101111 #
0!
#130765
b1100100001010110 #
1!
#130770
b1010010000100111 #
0!
#130775
b10101010110100 #
1!
#130780
b1111000011100111 #
0!
#130785
b1000110010000010 #
1!
#130790
b1011100010000011 #
0!
#130795
b10101011011010 #
1!
#130800
b10001010100111 #
0!
#130805
b1000101000000010 #
1!
#130810
b11000111001110 #
0!
#130815
b110010111000000 #
1!
#130820
b10000111000100 #
0!
#130825
b111010101010000 #
1!
#130830
b1100101101011000 #
0!
#130835
b110011111001101 #
1!
#130840
b11000100110 #
0!
#130845
b1011000101100001 #
1!
#130850
b1011110001 #
0!
#130855
b111101110101000 #
1!
#130860
b1011000011011111 #
0!
#130865
b110111000010110 #
1!
#130870
b1010000111000 #
0!
#130875
b1010110111010110 #
1!
#130880
b1011100100011011 #
0!
#130885
b1001101101010110 #
1!
#130890
b1111110100110010 #
0!
#130895
b1100101010000011 #
1!
#130900
b111111010010010 #
0!
#130905
b1101110100101010 #
1!
#130910
b111011010000110 #
0!
#130915
b101111110000111 #
1!
#130920
b1101010111010 #
0!
#130925
b1010010010110001 #
1!
#130930
b1111111101110111 #
0!
#130935
b1011010001000101 #
1!
#130940
b110110101110011 #
0!
#130945
b1111101001010 #
1!
#130950
b1100111011101100 #
0!
#130955
b1101101001101101 #
1!
#130960
b110101011100 #
0!
#130965
b11010010111111 #
1!
#130970
b1110011010100111 #
0!
#130975
b1001110001001111 #
1!
#130980
b101100110011011 #
0!
#130985
b1001001011011111 #
1!
#130990
b1111111100000010 #
0!
#130995
b1000001011000111 #
1!
#131000
b110110000111001 #
0!
#131005
b1010010001000001 #
1!
#131010
b1001010100111101 #
0!
#131015
b1101110001011000 #
1!
#131020
b10010111011100 #
0!
#131025
b1001100110100110 #
1!
#131030
b1110010111010011 #
0!
#131035
b1011011010100100 #
1!
#131040
b1101100001110 #
0!
#131045
b101101010111100 #
1!
#131050
b1110101111000001 #
0!
#131055
b1101100010110111 #
1!
#131060
b1010111011001100 #
0!
#131065
b1001001010101001 #
1!
#131070
b110000101001001 #
0!
#131075
b1101010001011111 #
1!
#131080
b1111100110010110 #
0!
#131085
b1011001000101100 #
1!
#131090
b1100011000011101 #
0!
#131095
b1111000000001111 #
1!
#131100
b1101100110110100 #
0!
#131105
b1110000010101101 #
1!
#131110
b101011001101101 #
0!
#131115
b11110001110111 #
1!
#131120
b1110011011101100 #
0!
#131125
b110100011100 #
1!
#131130
b101111010101 #
0!
#131135
b1000001001011010 #
1!
#131140
b1000000101100001 #
0!
#131145
b1110000011101100 #
1!
#131150
b1010000010010101 #
0!
#131155
b101000011001011 #
1!
#131160
b1100001011001011 #
0!
#131165
b1100101100010000 #
1!
#131170
b1001010100100000 #
0!
#131175
b1111000101010100 #
1!
#131180
b1000100011010010 #
0!
#131185
b1111010000111101 #
1!
#131190
b10001101100110 #
0!
#131195
b110111100110101 #
1!
#131200
b110110010101010 #
0!
#131205
b100101101100001 #
1!
#131210
b100011011011101 #
0!
#131215
b1001100001000100 #
1!
#131220
b1100111111000110 #
0!
#131225
b111101010010101 #
1!
#131230
b1011110110111101 #
0!
#131235
b1111100110001000 #
1!
#131240
b1100011010111100 #
0!
#131245
b1110111001101010 #
1!
#131250
b101101000 #
0!
#131255
b1101110100101101 #
1!
#131260
b11010100101101 #
0!
#131265
b1101001011101010 #
1!
#131270
b100110101110101 #
0!
#131275
b100111011100101 #
1!
#131280
b1011000011010001 #
0!
#131285
b1010100011110 #
1!
#131290
b1001111001010101 #
0!
#131295
b1101101010000 #
1!
#131300
b1001100101110110 #
0!
#131305
b101111101111001 #
1!
#131310
b1011010000010000 #
0!
#131315
b1100111001111100 #
1!
#131320
b100100010011 #
0!
#131325
b1111011111011 #
1!
#131330
b11100000110 #
0!
#131335
b1011010100100000 #
1!
#131340
b1101110010111101 #
0!
#131345
b111111001100101 #
1!
#131350
b1101001000111100 #
0!
#131355
b1101100110100010 #
1!
#131360
b1010111010100100 #
0!
#131365
b110101001011010 #
1!
#131370
b1010000011111 #
0!
#131375
b100110000101 #
1!
#131380
b1101111011011100 #
0!
#131385
b1001000010111011 #
1!
#131390
b1000011000111011 #
0!
#131395
b1100111101010000 #
1!
#131400
b1000010000100001 #
0!
#131405
b101101100100100 #
1!
#131410
b1010100111100001 #
0!
#131415
b111100010001111 #
1!
#131420
b1000000101011000 #
0!
#131425
b1111010111010110 #
1!
#131430
b1011001100101010 #
0!
#131435
b111011111100 #
1!
#131440
b110101111111100 #
0!
#131445
b100110111101000 #
1!
#131450
b1010010101011110 #
0!
#131455
b110001101111001 #
1!
#131460
b1010000100110010 #
0!
#131465
b110100100010 #
1!
#131470
b11011100100111 #
0!
#131475
b1111101011010101 #
1!
#131480
b11111010111111 #
0!
#131485
b1010001101001001 #
1!
#131490
b1110011010010011 #
0!
#131495
b10011000011010 #
1!
#131500
b1111010010100 #
0!
#131505
b11100001000000 #
1!
#131510
b1111000001011001 #
0!
#131515
b1111001101011011 #
1!
#131520
b1110000100101001 #
0!
#131525
b1011101111010011 #
1!
#131530
b101000101011011 #
0!
#131535
b10100110101101 #
1!
#131540
b1101111001100010 #
0!
#131545
b1101011110000011 #
1!
#131550
b1100001011010111 #
0!
#131555
b101010001011111 #
1!
#131560
b11001000101110 #
0!
#131565
b1111011000101110 #
1!
#131570
b1100000101001001 #
0!
#131575
b1100001011111111 #
1!
#131580
b1011101110100111 #
0!
#131585
b100100011011110 #
1!
#131590
b1000101101101101 #
0!
#131595
b1000000101011001 #
1!
#131600
b1010011010101 #
0!
#131605
b1011010110110001 #
1!
#131610
b1100001011111 #
0!
#131615
b101100111110011 #
1!
#131620
b1001100011100101 #
0!
#131625
b1110110100011010 #
1!
#131630
b10101101001001 #
0!
#131635
b1101100100101000 #
1!
#131640
b110010111110111 #
0!
#131645
b101011101011000 #
1!
#131650
b11100010100100 #
0!
#131655
b100101001111000 #
1!
#131660
b101001101000101 #
0!
#131665
b10001110000101 #
1!
#131670
b1000000001111000 #
0!
#131675
b1011101100101001 #
1!
#131680
b1111011111 #
0!
#131685
b11110100010000 #
1!
#131690
b1111111010011010 #
0!
#131695
b1111011011001001 #
1!
#131700
b1100111110100100 #
0!
#131705
b100110111101101 #
1!
#131710
b110110101011000 #
0!
#131715
b1000100110110010 #
1!
#131720
b1101000111001000 #
0!
#131725
b1100001101110000 #
1!
#131730
b100101010011000 #
0!
#131735
b1011111100011110 #
1!
#131740
b1110011110000100 #
0!
#131745
b1100101100000110 #
1!
#131750
b1101000011010110 #
0!
#131755
b1010001111110000 #
1!
#131760
b1010111100111110 #
0!
#131765
b100111111001010 #
1!
#131770
b1111111011111101 #
0!
#131775
b10111000 #
1!
#131780
b1000000111010111 #
0!
#131785
b1111101100101100 #
1!
#131790
b1000110110011010 #
0!
#131795
b110011100100001 #
1!
#131800
b111101101011001 #
0!
#131805
b11101010011110 #
1!
#131810
b1111100101001101 #
0!
#131815
b1111001001000 #
1!
#131820
b111011110110110 #
0!
#131825
b11110110001000 #
1!
#131830
b111111000001101 #
0!
#131835
b11010100101100 #
1!
#131840
b1010111100001 #
0!
#131845
b1110110001101110 #
1!
#131850
b1101000011111 #
0!
#131855
b111011110111011 #
1!
#131860
b1010111011100110 #
0!
#131865
b1111001110010000 #
1!
#131870
b1000100101000000 #
0!
#131875
b110111010100000 #
1!
#131880
b101111001001000 #
0!
#131885
b1100000011101101 #
1!
#131890
b100001111111110 #
0!
#131895
b110101101101000 #
1!
#131900
b1001010000 #
0!
#131905
b111110011101101 #
1!
#131910
b1000100010110010 #
0!
#131915
b111001000001110 #
1!
#131920
b11011010001111 #
0!
#131925
b1011010011010 #
1!
#131930
b101001100011000 #
0!
#131935
b101100010010111 #
1!
#131940
b101100001001000 #
0!
#131945
b11100110111100 #
1!
#131950
b101111011111000 #
0!
#131955
b1010001011000001 #
1!
#131960
b111111111111100 #
0!
#131965
b101000010101010 #
1!
#131970
b10101111011010 #
0!
#131975
b1010000101101111 #
1!
#131980
b1000101011000100 #
0!
#131985
b1000100100110000 #
1!
#131990
b1110111101000011 #
0!
#131995
b101111011011110 #
1!
#132000
b1011111000101 #
0!
#132005
b1100110101100000 #
1!
#132010
b1010011001100101 #
0!
#132015
b1010011001000000 #
1!
#132020
b111111101100100 #
0!
#132025
b1100101010011011 #
1!
#132030
b1001111001001 #
0!
#132035
b10011011001 #
1!
#132040
b1101110110000011 #
0!
#132045
b1110110011000000 #
1!
#132050
b1010110011100100 #
0!
#132055
b1100010000101101 #
1!
#132060
b111101100110 #
0!
#132065
b101111011000111 #
1!
#132070
b1010111100001011 #
0!
#132075
b1111010001011000 #
1!
#132080
b1011000110011001 #
0!
#132085
b111110100010 #
1!
#132090
b1100011000110 #
0!
#132095
b101111100110111 #
1!
#132100
b1111101110000 #
0!
#132105
b1010011111000011 #
1!
#132110
b1010001111111000 #
0!
#132115
b1001000001100100 #
1!
#132120
b111010101110000 #
0!
#132125
b1001010100100001 #
1!
#132130
b1100101011010001 #
0!
#132135
b1101010110101100 #
1!
#132140
b1000111101000110 #
0!
#132145
b1100000000 #
1!
#132150
b1100110011111110 #
0!
#132155
b11011100001110 #
1!
#132160
b100110010111 #
0!
#132165
b1101110001110011 #
1!
#132170
b1010010000011110 #
0!
#132175
b1000010011101011 #
1!
#132180
b11110101010010 #
0!
#132185
b1101000111010100 #
1!
#132190
b111111100101 #
0!
#132195
b100100001100011 #
1!
#132200
b100101111000010 #
0!
#132205
b100100100011011 #
1!
#132210
b1000010111101011 #
0!
#132215
b1101000110010110 #
1!
#132220
b101000010111 #
0!
#132225
b111000001100010 #
1!
#132230
b100011010011110 #
0!
#132235
b10011011001010 #
1!
#132240
b1101010100101 #
0!
#132245
b11011101111001 #
1!
#132250
b100110001010100 #
0!
#132255
b1011100011000 #
1!
#132260
b1101011101111111 #
0!
#132265
b100010011010111 #
1!
#132270
b101010011101001 #
0!
#132275
b10111010111101 #
1!
#132280
b101101110111011 #
0!
#132285
b100111000001 #
1!
#132290
b1101101111101101 #
0!
#132295
b1011100010010011 #
1!
#132300
b1000001000001010 #
0!
#132305
b1010110100001111 #
1!
#132310
b1101011011000 #
0!
#132315
b1100000111100111 #
1!
#132320
b1110101011011110 #
0!
#132325
b1110101001011 #
1!
#132330
b1000000110100 #
0!
#132335
b1010100101000 #
1!
#132340
b1110110111011100 #
0!
#132345
b11010011100 #
1!
#132350
b111100000111100 #
0!
#132355
b11111110011101 #
1!
#132360
b1010100111001000 #
0!
#132365
b1101010001000111 #
1!
#132370
b1100111011101010 #
0!
#132375
b1000110110100110 #
1!
#132380
b1111011110101110 #
0!
#132385
b1011010100100011 #
1!
#132390
b100110011100101 #
0!
#132395
b100010111001 #
1!
#132400
b111010101110101 #
0!
#132405
b1000111111010001 #
1!
#132410
b1111000001001011 #
0!
#132415
b111111110010010 #
1!
#132420
b111111110011101 #
0!
#132425
b1010100100001 #
1!
#132430
b111100111001111 #
0!
#132435
b111101011010101 #
1!
#132440
b11000101011100 #
0!
#132445
b1010110001100010 #
1!
#132450
b101110000100100 #
0!
#132455
b100101110010011 #
1!
#132460
b110011111010101 #
0!
#132465
b1000011100010000 #
1!
#132470
b1101101100100110 #
0!
#132475
b1111101011101000 #
1!
#132480
b1011110010010101 #
0!
#132485
b1000110010100101 #
1!
#132490
b1110111111001010 #
0!
#132495
b101010100111011 #
1!
#132500
b1000110100100101 #
0!
#132505
b110110011101001 #
1!
#132510
b101001100110000 #
0!
#132515
b1110010100111101 #
1!
#132520
b1111011011010010 #
0!
#132525
b1001000010101000 #
1!
#132530
b1000011011110010 #
0!
#132535
b1111011000110111 #
1!
#132540
b1101001101101101 #
0!
#132545
b10011000000110 #
1!
#132550
b1100010000001101 #
0!
#132555
b1001100011010001 #
1!
#132560
b1011111101000001 #
0!
#132565
b1100101110001 #
1!
#132570
b11101100111 #
0!
#132575
b1001010011010101 #
1!
#132580
b1011111101001 #
0!
#132585
b1001101100101 #
1!
#132590
b101001100111 #
0!
#132595
b111100000010000 #
1!
#132600
b1111011101001011 #
0!
#132605
b1000000011110001 #
1!
#132610
b100110110100000 #
0!
#132615
b1000111111110000 #
1!
#132620
b11101101100101 #
0!
#132625
b1001000001001100 #
1!
#132630
b100011110011 #
0!
#132635
b1110010011101001 #
1!
#132640
b111111100110010 #
0!
#132645
b10111001010011 #
1!
#132650
b11101000111010 #
0!
#132655
b100001000111111 #
1!
#132660
b1110001001010 #
0!
#132665
b1101001011 #
1!
#132670
b1001111011011010 #
0!
#132675
b11100001010001 #
1!
#132680
b11010010010001 #
0!
#132685
b111110010110110 #
1!
#132690
b1010111001001100 #
0!
#132695
b1001011111010 #
1!
#132700
b1001111010001101 #
0!
#132705
b1100100110100010 #
1!
#132710
b1010101011111111 #
0!
#132715
b1101101100011000 #
1!
#132720
b1111100010111001 #
0!
#132725
b1101000000111010 #
1!
#132730
b1000101010100000 #
0!
#132735
b101110111100111 #
1!
#132740
b1001111101111100 #
0!
#132745
b100000011111110 #
1!
#132750
b111000101000 #
0!
#132755
b10011000101000 #
1!
#132760
b1010110011110101 #
0!
#132765
b1000011101110100 #
1!
#132770
b1010111111001000 #
0!
#132775
b1000001011001010 #
1!
#132780
b1111111101110001 #
0!
#132785
b1100101110100011 #
1!
#132790
b1010100000000011 #
0!
#132795
b111110000011101 #
1!
#132800
b11000010100001 #
0!
#132805
b1111111101000100 #
1!
#132810
b1111100100010111 #
0!
#132815
b1110001000101000 #
1!
#132820
b1001110101011111 #
0!
#132825
b1100101011101001 #
1!
#132830
b101100100001101 #
0!
#132835
b11111001000010 #
1!
#132840
b110001100110000 #
0!
#132845
b1001101100000101 #
1!
#132850
b100100001111000 #
0!
#132855
b1101111101111000 #
1!
#132860
b101101001000000 #
0!
#132865
b1001101000100011 #
1!
#132870
b101011011 #
0!
#132875
b1100110011101011 #
1!
#132880
b10001000001000 #
0!
#132885
b1011100100100011 #
1!
#132890
b1000000100100011 #
0!
#132895
b1101010010101010 #
1!
#132900
b1011001100101 #
0!
#132905
b1001111111100000 #
1!
#132910
b1000000000111111 #
0!
#132915
b1000010100110000 #
1!
#132920
b101001001000010 #
0!
#132925
b1011101000001001 #
1!
#132930
b111111100110110 #
0!
#132935
b10011100010101 #
1!
#132940
b1011001010100110 #
0!
#132945
b11011110001111 #
1!
#132950
b1011011011010000 #
0!
#132955
b1100011000001011 #
1!
#132960
b1101001001001000 #
0!
#132965
b1111111101111010 #
1!
#132970
b10010000101011 #
0!
#132975
b11001111000010 #
1!
#132980
b110101101111 #
0!
#132985
b1100000110000010 #
1!
#132990
b1000010101010001 #
0!
#132995
b1111010011001100 #
1!
#133000
b1000000101010011 #
0!
#133005
b1110011000111111 #
1!
#133010
b101000000101110 #
0!
#133015
b101100100010011 #
1!
#133020
b11110110000 #
0!
#133025
b1001110101001110 #
1!
#133030
b1100100101110110 #
0!
#133035
b110110011111101 #
1!
#133040
b11110011001110 #
0!
#133045
b1101000000111101 #
1!
#133050
b1110010001011000 #
0!
#133055
b1111110111010100 #
1!
#133060
b111111110101101 #
0!
#133065
b10110010010101 #
1!
#133070
b110001110010000 #
0!
#133075
b1001000110010011 #
1!
#133080
b1110100110010001 #
0!
#133085
b1111011100111 #
1!
#133090
b1100000111000001 #
0!
#133095
b111100110100000 #
1!
#133100
b101011110101010 #
0!
#133105
b1101000000100001 #
1!
#133110
b11011010001110 #
0!
#133115
b1100000110010100 #
1!
#133120
b110010100000011 #
0!
#133125
b10111000010010 #
1!
#133130
b1100000101111001 #
0!
#133135
b11000010110000 #
1!
#133140
b110110001111110 #
0!
#133145
b1110011101101100 #
1!
#133150
b1111011100111 #
0!
#133155
b101101000001000 #
1!
#133160
b1000111000010100 #
0!
#133165
b110001100100101 #
1!
#133170
b1100101101100000 #
0!
#133175
b1000010100000110 #
1!
#133180
b1010001000000000 #
0!
#133185
b1100111010000010 #
1!
#133190
b1111111001100010 #
0!
#133195
b1011111101011011 #
1!
#133200
b100011000100100 #
0!
#133205
b1100010110000 #
1!
#133210
b1011101111011101 #
0!
#133215
b1101001011110101 #
1!
#133220
b1101011101010011 #
0!
#133225
b1110110001000001 #
1!
#133230
b1011011010111010 #
0!
#133235
b100111000010100 #
1!
#133240
b110111110111001 #
0!
#133245
b1011001001011100 #
1!
#133250
b111000001110011 #
0!
#133255
b111110100001111 #
1!
#133260
b1110101100011011 #
0!
#133265
b1001101100000011 #
1!
#133270
b10010100101001 #
0!
#133275
b110100011110001 #
1!
#133280
b1110010100100111 #
0!
#133285
b1000111101000000 #
1!
#133290
b1100111100111010 #
0!
#133295
b1110000101101110 #
1!
#133300
b1011110110001001 #
0!
#133305
b11110110011000 #
1!
#133310
b10101011001010 #
0!
#133315
b110111001100100 #
1!
#133320
b1000101100000111 #
0!
#133325
b111010010010 #
1!
#133330
b1011001100110101 #
0!
#133335
b110000001100001 #
1!
#133340
b10111001001000 #
0!
#133345
b11001010110010 #
1!
#133350
b1010011111100101 #
0!
#133355
b1100000101101010 #
1!
#133360
b100000010011010 #
0!
#133365
b1001000010111101 #
1!
#133370
b1111111110001000 #
0!
#133375
b101101001110101 #
1!
#133380
b1111001010000 #
0!
#133385
b1101101010011111 #
1!
#133390
b111100000010010 #
0!
#133395
b1011110111001100 #
1!
#133400
b1110010000001001 #
0!
#133405
b111011011001110 #
1!
#133410
b1001000110010010 #
0!
#133415
b11000111100001 #
1!
#133420
b110111110010000 #
0!
#133425
b1001010101110101 #
1!
#133430
b1000001101000100 #
0!
#133435
b1100001110110010 #
1!
#133440
b101011010000010 #
0!
#133445
b10000001010001 #
1!
#133450
b100101111100010 #
0!
#133455
b100000101010000 #
1!
#133460
b1111110010000011 #
0!
#133465
b1100001110001101 #
1!
#133470
b1010010110101011 #
0!
#133475
b11010010100110 #
1!
#133480
b111100000110101 #
0!
#133485
b1110101101111001 #
1!
#133490
b110000001101 #
0!
#133495
b1110101000001111 #
1!
#133500
b1010101110011100 #
0!
#133505
b1100010001101100 #
1!
#133510
b1011110001111111 #
0!
#133515
b111000111101000 #
1!
#133520
b10101000111010 #
0!
#133525
b11101110111010 #
1!
#133530
b1011010101101000 #
0!
#133535
b1001001110010100 #
1!
#133540
b101011010010010 #
0!
#133545
b1111100000000011 #
1!
#133550
b1010110110100110 #
0!
#133555
b1101100000101111 #
1!
#133560
b100101001001000 #
0!
#133565
b110101010111100 #
1!
#133570
b10001010011010 #
0!
#133575
b1001001001101011 #
1!
#133580
b1110001110010101 #
0!
#133585
b1011111001010001 #
1!
#133590
b101001000111010 #
0!
#133595
b1100110011000001 #
1!
#133600
b1011100001010111 #
0!
#133605
b1110000110101000 #
1!
#133610
b11100000011011 #
0!
#133615
b100111010000010 #
1!
#133620
b10110001011001 #
0!
#133625
b111100101101010 #
1!
#133630
b1000111111110010 #
0!
#133635
b1010101111101101 #
1!
#133640
b101011000100011 #
0!
#133645
b1111100011100010 #
1!
#133650
b1101010110000010 #
0!
#133655
b10011011010001 #
1!
#133660
b1011100000101 #
0!
#133665
b1000011111010110 #
1!
#133670
b100010101100111 #
0!
#133675
b1101001011101000 #
1!
#133680
b10010000101 #
0!
#133685
b1001000011010 #
1!
#133690
b1101100111000010 #
0!
#133695
b111100001101001 #
1!
#133700
b111111100000100 #
0!
#133705
b100011101010110 #
1!
#133710
b100111100111010 #
0!
#133715
b1010011100001000 #
1!
#133720
b1010000010110100 #
0!
#133725
b1001000010111010 #
1!
#133730
b10001001000000 #
0!
#133735
b1010011011011011 #
1!
#133740
b100011110110010 #
0!
#133745
b1101000000111 #
1!
#133750
b1001000000100000 #
0!
#133755
b1000010001011101 #
1!
#133760
b101101100110 #
0!
#133765
b1101000011000010 #
1!
#133770
b1001010011000111 #
0!
#133775
b111000000111 #
1!
#133780
b100110011101110 #
0!
#133785
b110000111100101 #
1!
#133790
b1110101111000011 #
0!
#133795
b1100111110101111 #
1!
#133800
b10010111001100 #
0!
#133805
b11010111110010 #
1!
#133810
b111001100100 #
0!
#133815
b1001101000001 #
1!
#133820
b111001110000100 #
0!
#133825
b111100010101100 #
1!
#133830
b11101010001100 #
0!
#133835
b1110010111010111 #
1!
#133840
b1100111001110011 #
0!
#133845
b1101101100011 #
1!
#133850
b110110100010111 #
0!
#133855
b1000111100100 #
1!
#133860
b1001011110000011 #
0!
#133865
b1100010000011101 #
1!
#133870
b110001001001101 #
0!
#133875
b10010001111000 #
1!
#133880
b1110011000000101 #
0!
#133885
b1110010101111000 #
1!
#133890
b1001010001110000 #
0!
#133895
b110101100110111 #
1!
#133900
b1001101001100011 #
0!
#133905
b1010010010100010 #
1!
#133910
b100000111000000 #
0!
#133915
b1110111000100000 #
1!
#133920
b100110111100001 #
0!
#133925
b1111000000110010 #
1!
#133930
b110001100000001 #
0!
#133935
b111111110111010 #
1!
#133940
b101110100011110 #
0!
#133945
b111011001001110 #
1!
#133950
b1011010011110101 #
0!
#133955
b1010010110111101 #
1!
#133960
b1110001010100001 #
0!
#133965
b1010000111100000 #
1!
#133970
b1011011010111010 #
0!
#133975
b1010111111010000 #
1!
#133980
b1011111000010101 #
0!
#133985
b1001101001000011 #
1!
#133990
b1010000010010111 #
0!
#133995
b1010010101111010 #
1!
#134000
b1000100001110110 #
0!
#134005
b101001000110110 #
1!
#134010
b111001000011011 #
0!
#134015
b101100111001101 #
1!
#134020
b1001111011101000 #
0!
#134025
b111001001110011 #
1!
#134030
b1110010000010011 #
0!
#134035
b101000011111100 #
1!
#134040
b1110101101001 #
0!
#134045
b110100110111101 #
1!
#134050
b111010001001101 #
0!
#134055
b1101110101011100 #
1!
#134060
b1101110000100000 #
0!
#134065
b101111111000010 #
1!
#134070
b101111010011101 #
0!
#134075
b100011111010 #
1!
#134080
b111111101110110 #
0!
#134085
b100000110100110 #
1!
#134090
b1001111000011011 #
0!
#134095
b1001111001010000 #
1!
#134100
b101110010111100 #
0!
#134105
b1011110010001101 #
1!
#134110
b1111000100011011 #
0!
#134115
b10101000111011 #
1!
#134120
b1001000010001110 #
0!
#134125
b11110000000001 #
1!
#134130
b1100111111000110 #
0!
#134135
b1111100011001001 #
1!
#134140
b1111100110101000 #
0!
#134145
b1110111110001010 #
1!
#134150
b111100011100111 #
0!
#134155
b1011111101101 #
1!
#134160
b11001001110111 #
0!
#134165
b1011101001001011 #
1!
#134170
b1110011110111110 #
0!
#134175
b100111011000011 #
1!
#134180
b1001011100000100 #
0!
#134185
b101001100001010 #
1!
#134190
b1101100101111010 #
0!
#134195
b10111101100101 #
1!
#134200
b100001010001000 #
0!
#134205
b1110001100101 #
1!
#134210
b1100011000110110 #
0!
#134215
b100000001 #
1!
#134220
b1000101010101 #
0!
#134225
b100100010100000 #
1!
#134230
b1110111011110100 #
0!
#134235
b1101000100110100 #
1!
#134240
b1010000101001010 #
0!
#134245
b1100001111100001 #
1!
#134250
b100110110100000 #
0!
#134255
b110110101010100 #
1!
#134260
b100110010010110 #
0!
#134265
b11001100100000 #
1!
#134270
b1001101101111101 #
0!
#134275
b101111110101001 #
1!
#134280
b10111111110110 #
0!
#134285
b100110111110 #
1!
#134290
b101100000000000 #
0!
#134295
b1111010001001100 #
1!
#134300
b10010100101000 #
0!
#134305
b111000100000100 #
1!
#134310
b1011111110010010 #
0!
#134315
b11100010100110 #
1!
#134320
b1100110111010110 #
0!
#134325
b101010001110011 #
1!
#134330
b1100110100100101 #
0!
#134335
b1111011000111110 #
1!
#134340
b111111010011101 #
0!
#134345
b110000100101111 #
1!
#134350
b11101100101000 #
0!
#134355
b1011110011011110 #
1!
#134360
b101100110000000 #
0!
#134365
b1100111 #
1!
#134370
b1000011110111110 #
0!
#134375
b1101010110110001 #
1!
#134380
b11010001101000 #
0!
#134385
b110001000001110 #
1!
#134390
b1110110110111000 #
0!
#134395
b100101001101111 #
1!
#134400
b1011001111111010 #
0!
#134405
b111001011000000 #
1!
#134410
b110100101010010 #
0!
#134415
b1110110100101010 #
1!
#134420
b10110001101111 #
0!
#134425
b1101100100011111 #
1!
#134430
b1011011100011110 #
0!
#134435
b100010011011110 #
1!
#134440
b1011110110110100 #
0!
#134445
b11010011001 #
1!
#134450
b101000100011001 #
0!
#134455
b1010000001010100 #
1!
#134460
b100000101110111 #
0!
#134465
b10001011010000 #
1!
#134470
b111011101101001 #
0!
#134475
b100001110001 #
1!
#134480
b101010101101100 #
0!
#134485
b1110010010101 #
1!
#134490
b10000110110000 #
0!
#134495
b100111010001110 #
1!
#134500
b101011101110100 #
0!
#134505
b1001111011000100 #
1!
#134510
b110101111011 #
0!
#134515
b1111100011101010 #
1!
#134520
b101110011101001 #
0!
#134525
b1011011010001 #
1!
#134530
b1011100110110001 #
0!
#134535
b101011011010101 #
1!
#134540
b100100110111001 #
0!
#134545
b1010111001110101 #
1!
#134550
b101110010010011 #
0!
#134555
b111010110100011 #
1!
#134560
b1011010110011011 #
0!
#134565
b101001100110110 #
1!
#134570
b1111010100101011 #
0!
#134575
b1110100001110 #
1!
#134580
b1111110100000011 #
0!
#134585
b1011000000111001 #
1!
#134590
b100000010110111 #
0!
#134595
b1101101100001000 #
1!
#134600
b11101100011011 #
0!
#134605
b11001000101101 #
1!
#134610
b1011101111111000 #
0!
#134615
b1111101010110010 #
1!
#134620
b100110101101111 #
0!
#134625
b10010100010 #
1!
#134630
b1001110111110010 #
0!
#134635
b1000101101110011 #
1!
#134640
b1100111110001011 #
0!
#134645
b1010110110010 #
1!
#134650
b1110011011110100 #
0!
#134655
b101010011011010 #
1!
#134660
b1110001000010 #
0!
#134665
b110001000100 #
1!
#134670
b101000010000110 #
0!
#134675
b1110011101100100 #
1!
#134680
b101001111010001 #
0!
#134685
b101101011001010 #
1!
#134690
b101100000010101 #
0!
#134695
b1000101110101000 #
1!
#134700
b100110110011100 #
0!
#134705
b10100111010110 #
1!
#134710
b11101111101011 #
0!
#134715
b100110100100001 #
1!
#134720
b1010011110111001 #
0!
#134725
b110001101010000 #
1!
#134730
b1111001101011111 #
0!
#134735
b1111101100010011 #
1!
#134740
b1011101000000110 #
0!
#134745
b1011011010110101 #
1!
#134750
b11110010111000 #
0!
#134755
b1111110101110 #
1!
#134760
b1010100111110110 #
0!
#134765
b1000111000101011 #
1!
#134770
b1001001010111111 #
0!
#134775
b11100010000 #
1!
#134780
b100100111100001 #
0!
#134785
b1011111001000 #
1!
#134790
b11010101101110 #
0!
#134795
b1011110100100111 #
1!
#134800
b11100111111011 #
0!
#134805
b11110111100010 #
1!
#134810
b1101011000001 #
0!
#134815
b110100100011 #
1!
#134820
b1101010010110101 #
0!
#134825
b1010101011000011 #
1!
#134830
b1000011000 #
0!
#134835
b1000010001111110 #
1!
#134840
b11100110111111 #
0!
#134845
b1100111110010000 #
1!
#134850
b110100000100101 #
0!
#134855
b110111101000001 #
1!
#134860
b100000001011111 #
0!
#134865
b1101001111001010 #
1!
#134870
b1000100011011001 #
0!
#134875
b1101011010010010 #
1!
#134880
b1000100101011011 #
0!
#134885
b1010001000110010 #
1!
#134890
b101111001010110 #
0!
#134895
b1000101000100100 #
1!
#134900
b110101000100011 #
0!
#134905
b1110110101110010 #
1!
#134910
b1010011101001101 #
0!
#134915
b1010010101111 #
1!
#134920
b11010000111 #
0!
#134925
b1101001011110 #
1!
#134930
b1101110011000110 #
0!
#134935
b1100001011110000 #
1!
#134940
b11010110010111 #
0!
#134945
b101101100100110 #
1!
#134950
b11101011010100 #
0!
#134955
b1001111001100100 #
1!
#134960
b1001001111111101 #
0!
#134965
b1001010001010101 #
1!
#134970
b1011111100011100 #
0!
#134975
b111010000111111 #
1!
#134980
b111110101110101 #
0!
#134985
b111101111101100 #
1!
#134990
b10011110110111 #
0!
#134995
b1101000011000011 #
1!
#135000
b111010110010 #
0!
#135005
b111001001111001 #
1!
#135010
b1110101001010110 #
0!
#135015
b10001110 #
1!
#135020
b10010001001001 #
0!
#135025
b1010110110000010 #
1!
#135030
b100100100110010 #
0!
#135035
b1000011110110 #
1!
#135040
b101101011111011 #
0!
#135045
b1001000011000 #
1!
#135050
b11110010110101 #
0!
#135055
b1100101000000111 #
1!
#135060
b101011111111 #
0!
#135065
b101001111100111 #
1!
#135070
b1000000001010101 #
0!
#135075
b1011101001000001 #
1!
#135080
b101010110001010 #
0!
#135085
b1101011010101000 #
1!
#135090
b1001010010011100 #
0!
#135095
b10110110101011 #
1!
#135100
b1000101010100 #
0!
#135105
b1100110100111011 #
1!
#135110
b1011001111010010 #
0!
#135115
b10111101010110 #
1!
#135120
b1101110001001010 #
0!
#135125
b1111101010100 #
1!
#135130
b1101010001000101 #
0!
#135135
b1000101111011111 #
1!
#135140
b1010000100100 #
0!
#135145
b111100000000010 #
1!
#135150
b1011100010100000 #
0!
#135155
b1100111100010101 #
1!
#135160
b1101010100100001 #
0!
#135165
b100011011110010 #
1!
#135170
b1101101001010100 #
0!
#135175
b100010001010100 #
1!
#135180
b1111100110010111 #
0!
#135185
b1011011111001000 #
1!
#135190
b111011110000000 #
0!
#135195
b1111101010100110 #
1!
#135200
b1110010010001 #
0!
#135205
b1011010001010110 #
1!
#135210
b1000100101010101 #
0!
#135215
b1011100101010110 #
1!
#135220
b1001101100110110 #
0!
#135225
b1110100000100100 #
1!
#135230
b1100110101101011 #
0!
#135235
b111011110010 #
1!
#135240
b1001001000110001 #
0!
#135245
b1100001100000011 #
1!
#135250
b1011110000001100 #
0!
#135255
b100100001110011 #
1!
#135260
b1101110111010001 #
0!
#135265
b110111000011010 #
1!
#135270
b1001100011010010 #
0!
#135275
b111000110000001 #
1!
#135280
b1011100010011 #
0!
#135285
b1101011000111110 #
1!
#135290
b101100010110001 #
0!
#135295
b101001010001001 #
1!
#135300
b1001110101011000 #
0!
#135305
b1010011111100000 #
1!
#135310
b1011110111001000 #
0!
#135315
b111110010110000 #
1!
#135320
b1000101111111100 #
0!
#135325
b100110010000011 #
1!
#135330
b11110100000100 #
0!
#135335
b11100100110000 #
1!
#135340
b1011110010000000 #
0!
#135345
b1111000011111100 #
1!
#135350
b1011100001000 #
0!
#135355
b1001001101010011 #
1!
#135360
b1100111110001000 #
0!
#135365
b1000010101011001 #
1!
#135370
b100011101001000 #
0!
#135375
b101100110000100 #
1!
#135380
b1101001011011 #
0!
#135385
b1011000011010000 #
1!
#135390
b1000011111100000 #
0!
#135395
b1010110101011 #
1!
#135400
b1100000000101001 #
0!
#135405
b1110000110000001 #
1!
#135410
b101011000010100 #
0!
#135415
b1010001010010 #
1!
#135420
b1001100111000001 #
0!
#135425
b100000101110010 #
1!
#135430
b1110111011110001 #
0!
#135435
b110001111000010 #
1!
#135440
b100000000000001 #
0!
#135445
b1011111110001011 #
1!
#135450
b100111100001110 #
0!
#135455
b1100101110011111 #
1!
#135460
b1010010100001 #
0!
#135465
b10011111001 #
1!
#135470
b10111111011100 #
0!
#135475
b1101101100100110 #
1!
#135480
b11000010101000 #
0!
#135485
b1000000011001010 #
1!
#135490
b110010000011 #
0!
#135495
b1101110110011010 #
1!
#135500
b111000100110001 #
0!
#135505
b101110100011001 #
1!
#135510
b10010111000101 #
0!
#135515
b1101110000000101 #
1!
#135520
b111000011000110 #
0!
#135525
b1000010010100101 #
1!
#135530
b111001111011010 #
0!
#135535
b1010100011011111 #
1!
#135540
b1000101011111011 #
0!
#135545
b1010011100101010 #
1!
#135550
b1011001010111101 #
0!
#135555
b1100101110101001 #
1!
#135560
b1101111110010010 #
0!
#135565
b10110001001101 #
1!
#135570
b101111011101110 #
0!
#135575
b1000111000101001 #
1!
#135580
b100010111001101 #
0!
#135585
b100001010001000 #
1!
#135590
b1011011000001000 #
0!
#135595
b1001001101 #
1!
#135600
b101101000110101 #
0!
#135605
b1101011011001100 #
1!
#135610
b1011001001000100 #
0!
#135615
b1111001101010111 #
1!
#135620
b111110010001000 #
0!
#135625
b1001001101011001 #
1!
#135630
b1000101000010 #
0!
#135635
b1110011001100001 #
1!
#135640
b1100011100000101 #
0!
#135645
b1110010101111100 #
1!
#135650
b100111000100100 #
0!
#135655
b10111111011101 #
1!
#135660
b1010111010000 #
0!
#135665
b1111011110101111 #
1!
#135670
b1010010001101010 #
0!
#135675
b1101011100011110 #
1!
#135680
b1010100111 #
0!
#135685
b1011010011010110 #
1!
#135690
b111010001100 #
0!
#135695
b1010011010001001 #
1!
#135700
b1110101010011001 #
0!
#135705
b1100110100001000 #
1!
#135710
b100110011000100 #
0!
#135715
b11000010000011 #
1!
#135720
b1110110100001001 #
0!
#135725
b1010100110101001 #
1!
#135730
b1101100000001001 #
0!
#135735
b1011101010110010 #
1!
#135740
b1110000010010111 #
0!
#135745
b111010000111000 #
1!
#135750
b1110110010100110 #
0!
#135755
b101010010110001 #
1!
#135760
b110010001001000 #
0!
#135765
b1111010101010 #
1!
#135770
b1000100101110001 #
0!
#135775
b1100100011000010 #
1!
#135780
b1101010010001101 #
0!
#135785
b101001110100011 #
1!
#135790
b110010000011000 #
0!
#135795
b1010010010100101 #
1!
#135800
b100110101101011 #
0!
#135805
b111100001101000 #
1!
#135810
b1111111001110100 #
0!
#135815
b11001000100000 #
1!
#135820
b1010100001111100 #
0!
#135825
b1100000111100111 #
1!
#135830
b1001001001100011 #
0!
#135835
b111111001010101 #
1!
#135840
b1000001100000000 #
0!
#135845
b1010110100000 #
1!
#135850
b1110100011001 #
0!
#135855
b101011001111110 #
1!
#135860
b11101110110010 #
0!
#135865
b10001011011100 #
1!
#135870
b101100001101111 #
0!
#135875
b100010000100111 #
1!
#135880
b1110100110100000 #
0!
#135885
b101010111101111 #
1!
#135890
b1100000000010000 #
0!
#135895
b1001011001111111 #
1!
#135900
b110110010111001 #
0!
#135905
b1101100011111000 #
1!
#135910
b1001010000010010 #
0!
#135915
b101011111010000 #
1!
#135920
b101111001001011 #
0!
#135925
b1001011011100100 #
1!
#135930
b1100110111101011 #
0!
#135935
b101000111000110 #
1!
#135940
b1110100100111 #
0!
#135945
b100000100010001 #
1!
#135950
b10011000110011 #
0!
#135955
b1001010001100 #
1!
#135960
b1100001010100110 #
0!
#135965
b11110101110100 #
1!
#135970
b1111100111000 #
0!
#135975
b1110011001100001 #
1!
#135980
b10110101001001 #
0!
#135985
b1011101010000010 #
1!
#135990
b1111000111010010 #
0!
#135995
b1101100010111100 #
1!
#136000
b1111010100011110 #
0!
#136005
b1010011111010000 #
1!
#136010
b1001100101110100 #
0!
#136015
b1011011110010010 #
1!
#136020
b111101110111001 #
0!
#136025
b1010100110101011 #
1!
#136030
b1101001111101110 #
0!
#136035
b101011011101 #
1!
#136040
b1101011011100010 #
0!
#136045
b11000110010001 #
1!
#136050
b1101011100000 #
0!
#136055
b10000111111001 #
1!
#136060
b1110100011000101 #
0!
#136065
b110101011010101 #
1!
#136070
b1010101001001100 #
0!
#136075
b11111101000 #
1!
#136080
b100100111000110 #
0!
#136085
b100000001010010 #
1!
#136090
b1000001101000001 #
0!
#136095
b1000100100100100 #
1!
#136100
b101010111000110 #
0!
#136105
b101111101111000 #
1!
#136110
b101101100100001 #
0!
#136115
b10111100001001 #
1!
#136120
b10100000000000 #
0!
#136125
b11000010011110 #
1!
#136130
b1011000101101100 #
0!
#136135
b100100001110101 #
1!
#136140
b1010000001000111 #
0!
#136145
b1110010111011010 #
1!
#136150
b1100000110010100 #
0!
#136155
b1110001010111011 #
1!
#136160
b101011111000111 #
0!
#136165
b110011101001000 #
1!
#136170
b1000011111000110 #
0!
#136175
b1100010101110000 #
1!
#136180
b1010101100011010 #
0!
#136185
b101111100010100 #
1!
#136190
b1011110100101011 #
0!
#136195
b1000000101000011 #
1!
#136200
b1011010011010011 #
0!
#136205
b11111100011001 #
1!
#136210
b1110001110010101 #
0!
#136215
b101110101100010 #
1!
#136220
b101010101000110 #
0!
#136225
b10110101110101 #
1!
#136230
b11001000001011 #
0!
#136235
b110100010001110 #
1!
#136240
b10001110111100 #
0!
#136245
b1100011100100 #
1!
#136250
b1010011100111001 #
0!
#136255
b110111001110011 #
1!
#136260
b111110011010010 #
0!
#136265
b1010110101000010 #
1!
#136270
b1111110000100110 #
0!
#136275
b1111110101100110 #
1!
#136280
b111111100110110 #
0!
#136285
b101011111111101 #
1!
#136290
b1011000101000101 #
0!
#136295
b101110000001010 #
1!
#136300
b10101111010 #
0!
#136305
b100000111100000 #
1!
#136310
b1111111100111100 #
0!
#136315
b1001101000010010 #
1!
#136320
b1010100100110111 #
0!
#136325
b101011100000111 #
1!
#136330
b1110001001110011 #
0!
#136335
b1000010010011100 #
1!
#136340
b1100101100111010 #
0!
#136345
b100011101010000 #
1!
#136350
b1100111001000 #
0!
#136355
b1010010001010000 #
1!
#136360
b1000001111101101 #
0!
#136365
b111101100101010 #
1!
#136370
b1110001111100 #
0!
#136375
b100100011010101 #
1!
#136380
b1011000010111100 #
0!
#136385
b1111000010011 #
1!
#136390
b10100010111111 #
0!
#136395
b111101010101110 #
1!
#136400
b1110110010100011 #
0!
#136405
b10000110100100 #
1!
#136410
b11101111010001 #
0!
#136415
b11000100100 #
1!
#136420
b1001010110101100 #
0!
#136425
b10101101110011 #
1!
#136430
b1000001000001 #
0!
#136435
b111101101000110 #
1!
#136440
b1100010010000000 #
0!
#136445
b1010101110111110 #
1!
#136450
b10001000101110 #
0!
#136455
b10000010100110 #
1!
#136460
b101100011100010 #
0!
#136465
b1100101000011101 #
1!
#136470
b1010111100010110 #
0!
#136475
b10111011100 #
1!
#136480
b1110101100100011 #
0!
#136485
b111011100011111 #
1!
#136490
b1011000000010100 #
0!
#136495
b1111010001110010 #
1!
#136500
b1101101001110011 #
0!
#136505
b101110100101100 #
1!
#136510
b1110001100011101 #
0!
#136515
b111101101010010 #
1!
#136520
b100000100100011 #
0!
#136525
b1110011001111101 #
1!
#136530
b1100010100100000 #
0!
#136535
b1110010001000001 #
1!
#136540
b1111110110100010 #
0!
#136545
b100000110000111 #
1!
#136550
b1000111010001111 #
0!
#136555
b11101010001101 #
1!
#136560
b1010011001101111 #
0!
#136565
b101100010110000 #
1!
#136570
b100000101000000 #
0!
#136575
b100111101111101 #
1!
#136580
b1001110010101010 #
0!
#136585
b1101100110100101 #
1!
#136590
b1001001000100110 #
0!
#136595
b1010011010100100 #
1!
#136600
b1111101010001101 #
0!
#136605
b10111000101000 #
1!
#136610
b1011001101 #
0!
#136615
b1001001110100110 #
1!
#136620
b1001101001110011 #
0!
#136625
b1000010110110011 #
1!
#136630
b1100110000100100 #
0!
#136635
b1111010000111 #
1!
#136640
b1110010111000 #
0!
#136645
b1100011010111110 #
1!
#136650
b1110110101111101 #
0!
#136655
b1010100100110 #
1!
#136660
b1101101000011011 #
0!
#136665
b1010001000010001 #
1!
#136670
b1111000111101 #
0!
#136675
b111110001 #
1!
#136680
b1110111111011111 #
0!
#136685
b1000001111100101 #
1!
#136690
b1101110001000001 #
0!
#136695
b10111101110010 #
1!
#136700
b11011001101010 #
0!
#136705
b1001010000111100 #
1!
#136710
b110011001011011 #
0!
#136715
b1010110111000111 #
1!
#136720
b101000010000111 #
0!
#136725
b1100000101000010 #
1!
#136730
b1011010111110101 #
0!
#136735
b100010010011110 #
1!
#136740
b1001010100011110 #
0!
#136745
b1011100000001100 #
1!
#136750
b1000011001000011 #
0!
#136755
b1000010111010011 #
1!
#136760
b10000010000011 #
0!
#136765
b1110001110011001 #
1!
#136770
b101010011111101 #
0!
#136775
b1011011001000000 #
1!
#136780
b1100111000011100 #
0!
#136785
b110111101011001 #
1!
#136790
b101110000100011 #
0!
#136795
b1110011111011110 #
1!
#136800
b11111010011011 #
0!
#136805
b100100000100111 #
1!
#136810
b1001101110110111 #
0!
#136815
b1110001111000011 #
1!
#136820
b1100101001111100 #
0!
#136825
b1100111111101 #
1!
#136830
b1100100111110001 #
0!
#136835
b11010000101010 #
1!
#136840
b1000110000000110 #
0!
#136845
b100111001001101 #
1!
#136850
b110011111010110 #
0!
#136855
b10101000001001 #
1!
#136860
b110001101111101 #
0!
#136865
b1011000111001 #
1!
#136870
b1010110110111001 #
0!
#136875
b1100111101010010 #
1!
#136880
b1110101111001100 #
0!
#136885
b101101110101001 #
1!
#136890
b1001101010010110 #
0!
#136895
b1110110001111111 #
1!
#136900
b111110101001111 #
0!
#136905
b1100011101110100 #
1!
#136910
b1110100010111110 #
0!
#136915
b1001101111101 #
1!
#136920
b11011000000001 #
0!
#136925
b1100011010001000 #
1!
#136930
b1010111010100 #
0!
#136935
b1000101110000010 #
1!
#136940
b1111001111000010 #
0!
#136945
b1000100101100011 #
1!
#136950
b101101110000101 #
0!
#136955
b110000100000000 #
1!
#136960
b101000011101001 #
0!
#136965
b1111100010110110 #
1!
#136970
b1011011000000110 #
0!
#136975
b110001000101100 #
1!
#136980
b1010101011011100 #
0!
#136985
b1011111110001000 #
1!
#136990
b1110010010111011 #
0!
#136995
b1101001010101 #
1!
#137000
b1101111110010 #
0!
#137005
b100110010110101 #
1!
#137010
b101111100010001 #
0!
#137015
b1101011110000000 #
1!
#137020
b111111100111111 #
0!
#137025
b1100100100011001 #
1!
#137030
b110010011111010 #
0!
#137035
b1001111101111001 #
1!
#137040
b111001010011000 #
0!
#137045
b10001101001101 #
1!
#137050
b1110111000000001 #
0!
#137055
b100010011110000 #
1!
#137060
b101010001111100 #
0!
#137065
b10100111110 #
1!
#137070
b1011101101110100 #
0!
#137075
b100111010100100 #
1!
#137080
b11101100011111 #
0!
#137085
b1101110110000001 #
1!
#137090
b100011110011101 #
0!
#137095
b110001010010 #
1!
#137100
b11101000101 #
0!
#137105
b1101010110111000 #
1!
#137110
b1100101101110110 #
0!
#137115
b1000101001100110 #
1!
#137120
b101001100110110 #
0!
#137125
b1101100011100000 #
1!
#137130
b100001111100011 #
0!
#137135
b1001001100011111 #
1!
#137140
b111101101110110 #
0!
#137145
b1001011111100001 #
1!
#137150
b110111011010011 #
0!
#137155
b1011000100100000 #
1!
#137160
b1001100001110101 #
0!
#137165
b111100000111001 #
1!
#137170
b1100100001011010 #
0!
#137175
b11000100100111 #
1!
#137180
b1000101000001000 #
0!
#137185
b1010101000010011 #
1!
#137190
b1000101100100101 #
0!
#137195
b10000111100011 #
1!
#137200
b1110110010111011 #
0!
#137205
b1101010110000 #
1!
#137210
b1011010101001100 #
0!
#137215
b100101010011001 #
1!
#137220
b1101011011111 #
0!
#137225
b111001101100111 #
1!
#137230
b1111111111111010 #
0!
#137235
b11110010100101 #
1!
#137240
b11000001101011 #
0!
#137245
b10000100101100 #
1!
#137250
b1110011111011101 #
0!
#137255
b100000101101100 #
1!
#137260
b101001111001 #
0!
#137265
b100111111011010 #
1!
#137270
b1010100111011010 #
0!
#137275
b110001111100001 #
1!
#137280
b100010010010001 #
0!
#137285
b1110100000110001 #
1!
#137290
b100000100000001 #
0!
#137295
b111000000101101 #
1!
#137300
b11100101111101 #
0!
#137305
b1001110011001111 #
1!
#137310
b110101000101011 #
0!
#137315
b1111010110010010 #
1!
#137320
b11011011100 #
0!
#137325
b1101010000001011 #
1!
#137330
b1010000101010001 #
0!
#137335
b11110000101010 #
1!
#137340
b1000011000101010 #
0!
#137345
b1011110111110100 #
1!
#137350
b10001111111001 #
0!
#137355
b101001110001010 #
1!
#137360
b101011101111110 #
0!
#137365
b100001101101000 #
1!
#137370
b1110100111000111 #
0!
#137375
b1011111000 #
1!
#137380
b1101001110100110 #
0!
#137385
b1000010000010 #
1!
#137390
b1011000110011111 #
0!
#137395
b1101101100110000 #
1!
#137400
b1011011101100 #
0!
#137405
b1001010001000111 #
1!
#137410
b1111011101010001 #
0!
#137415
b10010101100111 #
1!
#137420
b1111111100101100 #
0!
#137425
b1111100011100010 #
1!
#137430
b1111011101001100 #
0!
#137435
b1110110010011011 #
1!
#137440
b10011101111101 #
0!
#137445
b10100101001100 #
1!
#137450
b1010110101001010 #
0!
#137455
b111000100 #
1!
#137460
b1110100100011110 #
0!
#137465
b1101001010110001 #
1!
#137470
b1101010001101101 #
0!
#137475
b1110101100001010 #
1!
#137480
b110010011101000 #
0!
#137485
b110000101110100 #
1!
#137490
b1110101011001111 #
0!
#137495
b1111100110001001 #
1!
#137500
b111001111110000 #
0!
#137505
b100100000 #
1!
#137510
b10100111101110 #
0!
#137515
b11010011000101 #
1!
#137520
b1011000110100010 #
0!
#137525
b1001101000100110 #
1!
#137530
b1000110011110111 #
0!
#137535
b110101001100111 #
1!
#137540
b111101011111010 #
0!
#137545
b1110000110111001 #
1!
#137550
b1101010101100111 #
0!
#137555
b10011001010010 #
1!
#137560
b1110110000100001 #
0!
#137565
b11100110101000 #
1!
#137570
b111100111101101 #
0!
#137575
b1011011010110001 #
1!
#137580
b1110001100100101 #
0!
#137585
b1101001110000010 #
1!
#137590
b1011011100100000 #
0!
#137595
b10011100010010 #
1!
#137600
b1111100111111000 #
0!
#137605
b1001100111101111 #
1!
#137610
b1000101011100001 #
0!
#137615
b100000100100110 #
1!
#137620
b1000100101111101 #
0!
#137625
b11100001111111 #
1!
#137630
b1010111011111010 #
0!
#137635
b1001000100111110 #
1!
#137640
b1011001011010100 #
0!
#137645
b1110111011000 #
1!
#137650
b1010001011100100 #
0!
#137655
b110001000011110 #
1!
#137660
b100111110011011 #
0!
#137665
b111001110010110 #
1!
#137670
b1010000000110011 #
0!
#137675
b1100010100111111 #
1!
#137680
b1111101101100001 #
0!
#137685
b10010010110011 #
1!
#137690
b1010001010011100 #
0!
#137695
b1000000000010100 #
1!
#137700
b1001111111010 #
0!
#137705
b1101111011010001 #
1!
#137710
b110011000001111 #
0!
#137715
b10010001101100 #
1!
#137720
b1011001000000010 #
0!
#137725
b110000111100 #
1!
#137730
b110100011011101 #
0!
#137735
b1111101110001110 #
1!
#137740
b1011011000100010 #
0!
#137745
b1101110000000010 #
1!
#137750
b1110010101100000 #
0!
#137755
b1000100100000 #
1!
#137760
b1011101101110110 #
0!
#137765
b11101011101110 #
1!
#137770
b1101011000100000 #
0!
#137775
b10111001110000 #
1!
#137780
b1100010110101 #
0!
#137785
b1100111111000111 #
1!
#137790
b1111101011101011 #
0!
#137795
b1110010000111101 #
1!
#137800
b1111000101010100 #
0!
#137805
b100010101111 #
1!
#137810
b1100101011011000 #
0!
#137815
b111111010011100 #
1!
#137820
b1101101100110 #
0!
#137825
b1010011101001 #
1!
#137830
b1000011010101111 #
0!
#137835
b11111111110 #
1!
#137840
b11010001101010 #
0!
#137845
b1101110111101110 #
1!
#137850
b10011010101010 #
0!
#137855
b100100000000111 #
1!
#137860
b1001101011000000 #
0!
#137865
b110000100011 #
1!
#137870
b110101000001110 #
0!
#137875
b1101001000111001 #
1!
#137880
b110100011111100 #
0!
#137885
b1001100001011 #
1!
#137890
b1100101010000110 #
0!
#137895
b1110111000011110 #
1!
#137900
b111101111010111 #
0!
#137905
b1011001000100 #
1!
#137910
b1000010011010001 #
0!
#137915
b1010100111110111 #
1!
#137920
b110110011100101 #
0!
#137925
b101000110011 #
1!
#137930
b1001010110011010 #
0!
#137935
b1100111010010100 #
1!
#137940
b1001100111011011 #
0!
#137945
b1001011010110001 #
1!
#137950
b1011010100010010 #
0!
#137955
b1110101001101101 #
1!
#137960
b1111110010011 #
0!
#137965
b10011110001101 #
1!
#137970
b110010100101101 #
0!
#137975
b100101110001011 #
1!
#137980
b1101011110000010 #
0!
#137985
b1110011001001000 #
1!
#137990
b1101110000000011 #
0!
#137995
b1111100101011110 #
1!
#138000
b101111111101000 #
0!
#138005
b1100010111010000 #
1!
#138010
b1110101010010 #
0!
#138015
b1100000100100000 #
1!
#138020
b1001001011010 #
0!
#138025
b110101010100100 #
1!
#138030
b1101110110010000 #
0!
#138035
b11000011001101 #
1!
#138040
b111111111000 #
0!
#138045
b100011100110011 #
1!
#138050
b1001101010000100 #
0!
#138055
b1001001001010101 #
1!
#138060
b10111111110100 #
0!
#138065
b1000001111000001 #
1!
#138070
b1001001011101101 #
0!
#138075
b1111001000011101 #
1!
#138080
b111010101010 #
0!
#138085
b101011000101 #
1!
#138090
b1100000000011001 #
0!
#138095
b1111101011111 #
1!
#138100
b100011111011 #
0!
#138105
b1000110111111100 #
1!
#138110
b1110000111111001 #
0!
#138115
b1010000010001110 #
1!
#138120
b11110100110011 #
0!
#138125
b111001000011100 #
1!
#138130
b110110110011010 #
0!
#138135
b1100010101001101 #
1!
#138140
b1000001000011010 #
0!
#138145
b1110100001110111 #
1!
#138150
b1010010110000101 #
0!
#138155
b1001100100010100 #
1!
#138160
b111100001111010 #
0!
#138165
b1101110101101000 #
1!
#138170
b1000000011111001 #
0!
#138175
b1110100100010110 #
1!
#138180
b111101011010000 #
0!
#138185
b1111100111011111 #
1!
#138190
b1011111001111011 #
0!
#138195
b11110110010001 #
1!
#138200
b1010010001010011 #
0!
#138205
b1010101111101001 #
1!
#138210
b1101110110101100 #
0!
#138215
b1110010000000010 #
1!
#138220
b1101001000011111 #
0!
#138225
b1110110001010 #
1!
#138230
b1001111101001 #
0!
#138235
b1110110101110101 #
1!
#138240
b1010000010100000 #
0!
#138245
b11101010111111 #
1!
#138250
b101110010100000 #
0!
#138255
b1110101110101 #
1!
#138260
b110100100011000 #
0!
#138265
b1011001011111111 #
1!
#138270
b111101111100001 #
0!
#138275
b11110110110 #
1!
#138280
b100101001001111 #
0!
#138285
b1110111000011101 #
1!
#138290
b1110011100010000 #
0!
#138295
b1111000000011101 #
1!
#138300
b1111101001110 #
0!
#138305
b1101111010100 #
1!
#138310
b1101101101000101 #
0!
#138315
b1110101000101100 #
1!
#138320
b1000001000111010 #
0!
#138325
b10010011100000 #
1!
#138330
b101011000111110 #
0!
#138335
b1011111001111010 #
1!
#138340
b1101001100100011 #
0!
#138345
b1011100111110110 #
1!
#138350
b1001001101101 #
0!
#138355
b1111101001001000 #
1!
#138360
b10101111100110 #
0!
#138365
b11111001111100 #
1!
#138370
b1000110000001011 #
0!
#138375
b1110100011001001 #
1!
#138380
b110011111110100 #
0!
#138385
b1110011001001001 #
1!
#138390
b10101111 #
0!
#138395
b1001010100110111 #
1!
#138400
b10000000011110 #
0!
#138405
b1001101101010101 #
1!
#138410
b110101001101001 #
0!
#138415
b1100110001010001 #
1!
#138420
b1011100000101110 #
0!
#138425
b100110101001 #
1!
#138430
b1000011011000010 #
0!
#138435
b1101101010100 #
1!
#138440
b100011101111011 #
0!
#138445
b1001101101101100 #
1!
#138450
b1100111110110111 #
0!
#138455
b1100110000001011 #
1!
#138460
b1010101100111010 #
0!
#138465
b111111001010100 #
1!
#138470
b1000001000001010 #
0!
#138475
b1110110100001011 #
1!
#138480
b111110010111010 #
0!
#138485
b1001110101110111 #
1!
#138490
b1001101111110111 #
0!
#138495
b100011010110010 #
1!
#138500
b1101101001010 #
0!
#138505
b1010011110100110 #
1!
#138510
b1101010010111011 #
0!
#138515
b110100100001110 #
1!
#138520
b1010000011111110 #
0!
#138525
b1001010010 #
1!
#138530
b1010110011100011 #
0!
#138535
b1001110000101001 #
1!
#138540
b1110101100001010 #
0!
#138545
b1110000000111110 #
1!
#138550
b101111011100011 #
0!
#138555
b1110111111110011 #
1!
#138560
b1001001111110001 #
0!
#138565
b10110011010011 #
1!
#138570
b1110011011100110 #
0!
#138575
b10110001000110 #
1!
#138580
b1111100100110010 #
0!
#138585
b1000111010000010 #
1!
#138590
b1010000 #
0!
#138595
b1110000100101110 #
1!
#138600
b11010111000001 #
0!
#138605
b111011111111001 #
1!
#138610
b10100011110000 #
0!
#138615
b101011100000010 #
1!
#138620
b10011111101111 #
0!
#138625
b1000110000100 #
1!
#138630
b1001100101010100 #
0!
#138635
b1001110101101110 #
1!
#138640
b110011100000000 #
0!
#138645
b100011110000101 #
1!
#138650
b101000100110011 #
0!
#138655
b111111000000000 #
1!
#138660
b101001000110101 #
0!
#138665
b1100010001000000 #
1!
#138670
b100001110011 #
0!
#138675
b1000010001010100 #
1!
#138680
b11001100010 #
0!
#138685
b1111011011101010 #
1!
#138690
b11111010110011 #
0!
#138695
b1111111101110111 #
1!
#138700
b101111011110000 #
0!
#138705
b101101000010 #
1!
#138710
b10111011100001 #
0!
#138715
b1111100110010010 #
1!
#138720
b1111010001011100 #
0!
#138725
b1110110010011101 #
1!
#138730
b1101010111000010 #
0!
#138735
b11101010000001 #
1!
#138740
b10100000001111 #
0!
#138745
b100010010101001 #
1!
#138750
b1110101111110010 #
0!
#138755
b101011101100011 #
1!
#138760
b1001010100101 #
0!
#138765
b1000010111010000 #
1!
#138770
b1111000101010100 #
0!
#138775
b1001001011000011 #
1!
#138780
b1001001101110110 #
0!
#138785
b1101001010001010 #
1!
#138790
b10000101011011 #
0!
#138795
b1111111001101001 #
1!
#138800
b100000110010000 #
0!
#138805
b1111001111011 #
1!
#138810
b111010100111000 #
0!
#138815
b110010101111001 #
1!
#138820
b111101111001101 #
0!
#138825
b1001110110001 #
1!
#138830
b1010101001011001 #
0!
#138835
b101001011100110 #
1!
#138840
b101110101010011 #
0!
#138845
b1110111011000 #
1!
#138850
b11111100101110 #
0!
#138855
b1001111100001 #
1!
#138860
b1100001100101010 #
0!
#138865
b110011011001000 #
1!
#138870
b110110110111100 #
0!
#138875
b1011000101010101 #
1!
#138880
b100011100011110 #
0!
#138885
b1101110100110001 #
1!
#138890
b11000011011111 #
0!
#138895
b1111101100000101 #
1!
#138900
b100100110101001 #
0!
#138905
b10110111010101 #
1!
#138910
b100011011001011 #
0!
#138915
b111101001101010 #
1!
#138920
b1110000000100000 #
0!
#138925
b1100000100010010 #
1!
#138930
b10101010110010 #
0!
#138935
b111111011101000 #
1!
#138940
b1110111111010011 #
0!
#138945
b1100010000100010 #
1!
#138950
b1011100001101 #
0!
#138955
b1000001101010 #
1!
#138960
b101001100001 #
0!
#138965
b10011011100001 #
1!
#138970
b100110000100 #
0!
#138975
b1111110100001111 #
1!
#138980
b1001001011110000 #
0!
#138985
b1001000001111011 #
1!
#138990
b1011111011101011 #
0!
#138995
b1101000111100110 #
1!
#139000
b1010001110000110 #
0!
#139005
b111000011001101 #
1!
#139010
b1011000101000001 #
0!
#139015
b1101011001101101 #
1!
#139020
b1011100111000 #
0!
#139025
b1111000111010111 #
1!
#139030
b1110100111111 #
0!
#139035
b1101111010101 #
1!
#139040
b1000100101101011 #
0!
#139045
b1111110000100001 #
1!
#139050
b1111111001011000 #
0!
#139055
b110101010101110 #
1!
#139060
b101100111011101 #
0!
#139065
b100001001010101 #
1!
#139070
b1000110110101 #
0!
#139075
b101000100010010 #
1!
#139080
b1001111010100110 #
0!
#139085
b10110111111010 #
1!
#139090
b1101001000010011 #
0!
#139095
b1101011100010 #
1!
#139100
b11101011111111 #
0!
#139105
b1110011010100001 #
1!
#139110
b111110000010010 #
0!
#139115
b1101000100110101 #
1!
#139120
b1100010011100101 #
0!
#139125
b101111001010111 #
1!
#139130
b111111001111 #
0!
#139135
b100010110001000 #
1!
#139140
b1001101101111000 #
0!
#139145
b11111110111010 #
1!
#139150
b100000001011111 #
0!
#139155
b1111110011001110 #
1!
#139160
b1101100100101010 #
0!
#139165
b1111010110001101 #
1!
#139170
b1001000100010001 #
0!
#139175
b100100111111000 #
1!
#139180
b101100010001110 #
0!
#139185
b1010101100010010 #
1!
#139190
b11101111101110 #
0!
#139195
b11010100000001 #
1!
#139200
b1011101111110000 #
0!
#139205
b100110000011010 #
1!
#139210
b11101010000000 #
0!
#139215
b1000101100101111 #
1!
#139220
b101100101111101 #
0!
#139225
b1000100100010000 #
1!
#139230
b100110100111111 #
0!
#139235
b1101011010000000 #
1!
#139240
b100110100100011 #
0!
#139245
b1100100011011010 #
1!
#139250
b1110101110111000 #
0!
#139255
b110010111111011 #
1!
#139260
b111010011101011 #
0!
#139265
b11101111110101 #
1!
#139270
b101010011001001 #
0!
#139275
b100001111100110 #
1!
#139280
b110111000000100 #
0!
#139285
b1100011110010101 #
1!
#139290
b1000001000000110 #
0!
#139295
b11101010000100 #
1!
#139300
b1001001000110100 #
0!
#139305
b1111100100001 #
1!
#139310
b11010010100011 #
0!
#139315
b1101101101110010 #
1!
#139320
b1111111011101000 #
0!
#139325
b1010100111110111 #
1!
#139330
b1110001111111001 #
0!
#139335
b110110100111000 #
1!
#139340
b1000110010011011 #
0!
#139345
b1001010010110001 #
1!
#139350
b1100101100000100 #
0!
#139355
b1111110000100100 #
1!
#139360
b1101110011010010 #
0!
#139365
b1100111011100001 #
1!
#139370
b1110100111011111 #
0!
#139375
b101100100010101 #
1!
#139380
b100100001010110 #
0!
#139385
b1111111110000101 #
1!
#139390
b1111011110110100 #
0!
#139395
b101000110101 #
1!
#139400
b1110101011111000 #
0!
#139405
b1001010000011011 #
1!
#139410
b111010100011001 #
0!
#139415
b110000101010110 #
1!
#139420
b1010000110000010 #
0!
#139425
b1011110110100100 #
1!
#139430
b1001101001001011 #
0!
#139435
b110010011110011 #
1!
#139440
b100000100000 #
0!
#139445
b110000001101011 #
1!
#139450
b110100001001111 #
0!
#139455
b1110001001111100 #
1!
#139460
b111101011101100 #
0!
#139465
b10110011111011 #
1!
#139470
b1001011101011010 #
0!
#139475
b110100111111101 #
1!
#139480
b1010111011100 #
0!
#139485
b1000110000000001 #
1!
#139490
b1010001010001110 #
0!
#139495
b100000010111011 #
1!
#139500
b1011000011000101 #
0!
#139505
b1010111010000110 #
1!
#139510
b1100100001110101 #
0!
#139515
b111011111011110 #
1!
#139520
b1110111110101101 #
0!
#139525
b111111101010001 #
1!
#139530
b10100111010 #
0!
#139535
b1101100111000010 #
1!
#139540
b10100100101101 #
0!
#139545
b1010010111001100 #
1!
#139550
b1001100010110 #
0!
#139555
b1111000000000110 #
1!
#139560
b111100000000001 #
0!
#139565
b1001001001000010 #
1!
#139570
b110110011100110 #
0!
#139575
b110111101010 #
1!
#139580
b1011110010100110 #
0!
#139585
b110111011001001 #
1!
#139590
b101001001100110 #
0!
#139595
b11010000100111 #
1!
#139600
b1001000100010001 #
0!
#139605
b10100111000010 #
1!
#139610
b1011110100001010 #
0!
#139615
b11101010111110 #
1!
#139620
b101001001100000 #
0!
#139625
b110101000101011 #
1!
#139630
b110100111100100 #
0!
#139635
b1010010011110000 #
1!
#139640
b1100110011111 #
0!
#139645
b1010001110111001 #
1!
#139650
b1101010010011110 #
0!
#139655
b1100001011100110 #
1!
#139660
b1100010001101001 #
0!
#139665
b1111101111111001 #
1!
#139670
b11100011101100 #
0!
#139675
b1010000000100110 #
1!
#139680
b1111000110011000 #
0!
#139685
b101111101011110 #
1!
#139690
b1001000110001011 #
0!
#139695
b100101110011 #
1!
#139700
b1111100110111100 #
0!
#139705
b111110010010100 #
1!
#139710
b1001110100011110 #
0!
#139715
b1000011000100010 #
1!
#139720
b1111011010010010 #
0!
#139725
b1011111111100110 #
1!
#139730
b1101011100001000 #
0!
#139735
b110011010001011 #
1!
#139740
b1100100000110000 #
0!
#139745
b101000000011011 #
1!
#139750
b111100110100010 #
0!
#139755
b1011011010101000 #
1!
#139760
b101000101000 #
0!
#139765
b10000110011001 #
1!
#139770
b1000001011001101 #
0!
#139775
b100000101110011 #
1!
#139780
b1100001001000 #
0!
#139785
b1101100000101101 #
1!
#139790
b1010110101010110 #
0!
#139795
b1001001100100111 #
1!
#139800
b111000111111 #
0!
#139805
b1110011101000111 #
1!
#139810
b111010100101011 #
0!
#139815
b1111011111110111 #
1!
#139820
b1100100011011110 #
0!
#139825
b111010000001101 #
1!
#139830
b1011111001101 #
0!
#139835
b111100001001111 #
1!
#139840
b1110001100011110 #
0!
#139845
b110111000010110 #
1!
#139850
b1000111000000011 #
0!
#139855
b1110011100111011 #
1!
#139860
b1011011010111000 #
0!
#139865
b1000001100100100 #
1!
#139870
b1001100100111100 #
0!
#139875
b1100101100010000 #
1!
#139880
b110010101110011 #
0!
#139885
b1101110111011 #
1!
#139890
b1010111010011111 #
0!
#139895
b111001111100010 #
1!
#139900
b1100010111110011 #
0!
#139905
b110001111100110 #
1!
#139910
b1000100111110 #
0!
#139915
b1110100011110011 #
1!
#139920
b111010000101111 #
0!
#139925
b100100100001010 #
1!
#139930
b1011011001100110 #
0!
#139935
b1111100110011010 #
1!
#139940
b1101000101010011 #
0!
#139945
b111011100010011 #
1!
#139950
b101111001111100 #
0!
#139955
b11000111010100 #
1!
#139960
b1111010001000011 #
0!
#139965
b101101011100110 #
1!
#139970
b1000010001110010 #
0!
#139975
b1101101000000100 #
1!
#139980
b1011110101110001 #
0!
#139985
b1111101011001 #
1!
#139990
b110010100110011 #
0!
#139995
b1100000000 #
1!
#140000
b1100010001000101 #
0!
#140005
b1010111110011011 #
1!
#140010
b1111101000001110 #
0!
#140015
b111011100000111 #
1!
#140020
b110011111001101 #
0!
#140025
b1011100101011100 #
1!
#140030
b1010011100 #
0!
#140035
b1100000110101111 #
1!
#140040
b1100001111101010 #
0!
#140045
b1010011010001011 #
1!
#140050
b1111100000000100 #
0!
#140055
b10111001110001 #
1!
#140060
b1011000110111001 #
0!
#140065
b1010011000010001 #
1!
#140070
b1011100110010 #
0!
#140075
b1100101011011011 #
1!
#140080
b1100111101100101 #
0!
#140085
b1010000001000011 #
1!
#140090
b101101011011011 #
0!
#140095
b110000100001010 #
1!
#140100
b111100100101010 #
0!
#140105
b100011110001001 #
1!
#140110
b1000001111011101 #
0!
#140115
b111110010000010 #
1!
#140120
b1100101010101011 #
0!
#140125
b1111111011101111 #
1!
#140130
b11111101001 #
0!
#140135
b110110011111011 #
1!
#140140
b1010000101101001 #
0!
#140145
b1111100000010001 #
1!
#140150
b10010111110001 #
0!
#140155
b11110000111011 #
1!
#140160
b1001011010001010 #
0!
#140165
b1111100101011 #
1!
#140170
b1101100101001110 #
0!
#140175
b1011011110011001 #
1!
#140180
b11110011111 #
0!
#140185
b1111110110001 #
1!
#140190
b1101110000011101 #
0!
#140195
b110011100110101 #
1!
#140200
b1000110110000 #
0!
#140205
b110001100111000 #
1!
#140210
b1011000011001000 #
0!
#140215
b1001100010010001 #
1!
#140220
b1000110101000011 #
0!
#140225
b1100000010111 #
1!
#140230
b1000111000101101 #
0!
#140235
b101101110001110 #
1!
#140240
b1100110000101 #
0!
#140245
b10101010001110 #
1!
#140250
b111000101101011 #
0!
#140255
b111011001110100 #
1!
#140260
b1000001101101 #
0!
#140265
b100010011010010 #
1!
#140270
b1010110110101 #
0!
#140275
b111101100010100 #
1!
#140280
b1001000011101100 #
0!
#140285
b1101001111001111 #
1!
#140290
b1111011000111011 #
0!
#140295
b1011000010100001 #
1!
#140300
b111010000000100 #
0!
#140305
b1111111011 #
1!
#140310
b101001110010011 #
0!
#140315
b10011101011000 #
1!
#140320
b101100011100001 #
0!
#140325
b1100000100011001 #
1!
#140330
b10010110011101 #
0!
#140335
b1010010010001101 #
1!
#140340
b1001011111001001 #
0!
#140345
b1011010100110101 #
1!
#140350
b10100001011010 #
0!
#140355
b1011101100110001 #
1!
#140360
b100111011111001 #
0!
#140365
b100111010111100 #
1!
#140370
b1101100110110001 #
0!
#140375
b1011010001110100 #
1!
#140380
b101100001001011 #
0!
#140385
b1011101100001110 #
1!
#140390
b111010110010111 #
0!
#140395
b1001110110010001 #
1!
#140400
b101001110111111 #
0!
#140405
b1110001001001011 #
1!
#140410
b1111010110001101 #
0!
#140415
b11111101100000 #
1!
#140420
b1001100010110100 #
0!
#140425
b111001011001010 #
1!
#140430
b1100111111011 #
0!
#140435
b10100111000100 #
1!
#140440
b100011011110111 #
0!
#140445
b1101100000001100 #
1!
#140450
b101100101001101 #
0!
#140455
b1010010010010011 #
1!
#140460
b11100001110110 #
0!
#140465
b11110001111011 #
1!
#140470
b1111001001011100 #
0!
#140475
b1011111100001000 #
1!
#140480
b101110111000 #
0!
#140485
b1001000011010010 #
1!
#140490
b1110001100001101 #
0!
#140495
b100010001010111 #
1!
#140500
b1011011100000 #
0!
#140505
b111110110001101 #
1!
#140510
b1110001110100011 #
0!
#140515
b1100000110001001 #
1!
#140520
b111110001101111 #
0!
#140525
b110110000101010 #
1!
#140530
b111001011000010 #
0!
#140535
b1000000000100100 #
1!
#140540
b1010010000011 #
0!
#140545
b1000110110100100 #
1!
#140550
b1100101110001111 #
0!
#140555
b1000111011000000 #
1!
#140560
b111110010111100 #
0!
#140565
b1100101011110001 #
1!
#140570
b1110101011101111 #
0!
#140575
b1011011000101100 #
1!
#140580
b1000010001110 #
0!
#140585
b1101000111100010 #
1!
#140590
b1000101001011011 #
0!
#140595
b1000011100100101 #
1!
#140600
b1110110100110010 #
0!
#140605
b110001000100 #
1!
#140610
b10100000111011 #
0!
#140615
b100100001001000 #
1!
#140620
b1110110111101111 #
0!
#140625
b1010100010001000 #
1!
#140630
b101001000 #
0!
#140635
b100101010011 #
1!
#140640
b1010110011110011 #
0!
#140645
b1001000011011001 #
1!
#140650
b111111101010 #
0!
#140655
b1001010001000011 #
1!
#140660
b1000011001101111 #
0!
#140665
b111001011111001 #
1!
#140670
b111000000100 #
0!
#140675
b111011001111101 #
1!
#140680
b1001101100110110 #
0!
#140685
b1011100010101011 #
1!
#140690
b111101100110011 #
0!
#140695
b1111101110000010 #
1!
#140700
b1100000110010110 #
0!
#140705
b1000111000011101 #
1!
#140710
b1001001011101100 #
0!
#140715
b10111001001111 #
1!
#140720
b1001011010011101 #
0!
#140725
b1110001100010001 #
1!
#140730
b100111101110111 #
0!
#140735
b1101111000010000 #
1!
#140740
b111100110000011 #
0!
#140745
b101111100101000 #
1!
#140750
b110110000111011 #
0!
#140755
b1001001000100001 #
1!
#140760
b1000001001111011 #
0!
#140765
b111000100101111 #
1!
#140770
b110101101011010 #
0!
#140775
b1001101100001110 #
1!
#140780
b1001000110010101 #
0!
#140785
b100001010110100 #
1!
#140790
b1000000000001011 #
0!
#140795
b1110011010 #
1!
#140800
b11111111110000 #
0!
#140805
b1100000011001100 #
1!
#140810
b1010101010110101 #
0!
#140815
b1001001001110100 #
1!
#140820
b1110011011111011 #
0!
#140825
b1001100001010000 #
1!
#140830
b1010100100111100 #
0!
#140835
b1101110010100011 #
1!
#140840
b1010100011101000 #
0!
#140845
b11010110000010 #
1!
#140850
b1111010101110011 #
0!
#140855
b10011001001000 #
1!
#140860
b101110100100101 #
0!
#140865
b1100000001010111 #
1!
#140870
b1100100100111110 #
0!
#140875
b1000000011001100 #
1!
#140880
b1010000011111011 #
0!
#140885
b10101001010010 #
1!
#140890
b10010101000100 #
0!
#140895
b1011010100011101 #
1!
#140900
b1101000000010100 #
0!
#140905
b1111000111101 #
1!
#140910
b1100000010111001 #
0!
#140915
b101000111111100 #
1!
#140920
b100000101011 #
0!
#140925
b10110011001 #
1!
#140930
b1101000110110 #
0!
#140935
b1001111000001001 #
1!
#140940
b10010010000100 #
0!
#140945
b110100101001 #
1!
#140950
b110111100001110 #
0!
#140955
b1010101010010110 #
1!
#140960
b1011111110000011 #
0!
#140965
b10000101011101 #
1!
#140970
b1011100000101001 #
0!
#140975
b100001111100111 #
1!
#140980
b11011111111111 #
0!
#140985
b1110111100000010 #
1!
#140990
b1011010011000101 #
0!
#140995
b1111000011101010 #
1!
#141000
b1010010110011000 #
0!
#141005
b1110000000001001 #
1!
#141010
b1101110100101100 #
0!
#141015
b1000000111 #
1!
#141020
b1110100011001011 #
0!
#141025
b10010111000111 #
1!
#141030
b111000011001101 #
0!
#141035
b1000001000011011 #
1!
#141040
b1001101011100110 #
0!
#141045
b1010001101110111 #
1!
#141050
b110100010101100 #
0!
#141055
b11110000111010 #
1!
#141060
b1100110111000 #
0!
#141065
b110101011101 #
1!
#141070
b1000001010101010 #
0!
#141075
b1011111001010001 #
1!
#141080
b111111000001111 #
0!
#141085
b1100100001101001 #
1!
#141090
b11101110010011 #
0!
#141095
b101001000111000 #
1!
#141100
b1010100111010011 #
0!
#141105
b11110100111 #
1!
#141110
b1100110101110111 #
0!
#141115
b10001010111 #
1!
#141120
b11000111111001 #
0!
#141125
b1011001001011010 #
1!
#141130
b11010100111001 #
0!
#141135
b1010001001101110 #
1!
#141140
b111011111101111 #
0!
#141145
b111010100010101 #
1!
#141150
b10111111010001 #
0!
#141155
b1011011010011000 #
1!
#141160
b1001001111010010 #
0!
#141165
b1011110110110010 #
1!
#141170
b11011100111101 #
0!
#141175
b1000110000101011 #
1!
#141180
b110010000011000 #
0!
#141185
b1011011101111010 #
1!
#141190
b1000011010010111 #
0!
#141195
b11001101111001 #
1!
#141200
b1000010011101000 #
0!
#141205
b100110001010101 #
1!
#141210
b1111000111110 #
0!
#141215
b111010100100110 #
1!
#141220
b101000011100000 #
0!
#141225
b10101101011011 #
1!
#141230
b1011011010011011 #
0!
#141235
b1101101100010000 #
1!
#141240
b1110010001101111 #
0!
#141245
b1011110010011101 #
1!
#141250
b1100110101101111 #
0!
#141255
b1011010001110000 #
1!
#141260
b1110010010001 #
0!
#141265
b11000110001000 #
1!
#141270
b1001110100100001 #
0!
#141275
b111001000110 #
1!
#141280
b1001001100011000 #
0!
#141285
b111001010100111 #
1!
#141290
b10001100001111 #
0!
#141295
b1011000010110101 #
1!
#141300
b1010011000111000 #
0!
#141305
b10101100101001 #
1!
#141310
b1100101001001 #
0!
#141315
b10110101001101 #
1!
#141320
b111000010011000 #
0!
#141325
b1100101000000111 #
1!
#141330
b1111111111000000 #
0!
#141335
b1100100111110011 #
1!
#141340
b1101000010010111 #
0!
#141345
b111100000010101 #
1!
#141350
b111001010101 #
0!
#141355
b1001010101111010 #
1!
#141360
b101111100000010 #
0!
#141365
b10010111011110 #
1!
#141370
b100001011000000 #
0!
#141375
b101101001111010 #
1!
#141380
b111100011110011 #
0!
#141385
b111100110100010 #
1!
#141390
b101100011010010 #
0!
#141395
b1010100010000111 #
1!
#141400
b11101000001001 #
0!
#141405
b1110001101001100 #
1!
#141410
b1100110011111101 #
0!
#141415
b1100100101011111 #
1!
#141420
b1000000111000010 #
0!
#141425
b1000110110111101 #
1!
#141430
b1101101010011110 #
0!
#141435
b1100011100100101 #
1!
#141440
b1110010000011011 #
0!
#141445
b110001000111111 #
1!
#141450
b111111100001100 #
0!
#141455
b111000001000001 #
1!
#141460
b1100011100111101 #
0!
#141465
b1001001110100 #
1!
#141470
b111010111001110 #
0!
#141475
b101000011111110 #
1!
#141480
b11111101100101 #
0!
#141485
b11010101011 #
1!
#141490
b11100000000100 #
0!
#141495
b1011010001111010 #
1!
#141500
b10110111001010 #
0!
#141505
b110101111010110 #
1!
#141510
b10001110101 #
0!
#141515
b1010011000001100 #
1!
#141520
b10100010101101 #
0!
#141525
b10110000011011 #
1!
#141530
b1101011100110001 #
0!
#141535
b1111001110100101 #
1!
#141540
b1001000001010001 #
0!
#141545
b1111011000110110 #
1!
#141550
b110110101001101 #
0!
#141555
b10011101010110 #
1!
#141560
b1000000000010101 #
0!
#141565
b11011110100011 #
1!
#141570
b11111010101010 #
0!
#141575
b1000110110001010 #
1!
#141580
b1101010001100110 #
0!
#141585
b1011011001111 #
1!
#141590
b1000101100111011 #
0!
#141595
b11000100001011 #
1!
#141600
b10011110111001 #
0!
#141605
b1000001000110111 #
1!
#141610
b100110011001101 #
0!
#141615
b1110000101101101 #
1!
#141620
b1101011001011010 #
0!
#141625
b10100011000111 #
1!
#141630
b11111110111011 #
0!
#141635
b10011111111010 #
1!
#141640
b1111110000101100 #
0!
#141645
b111001101010111 #
1!
#141650
b1110000010010011 #
0!
#141655
b101000010110010 #
1!
#141660
b111100100101011 #
0!
#141665
b1000110010010001 #
1!
#141670
b110101000011111 #
0!
#141675
b110011001110010 #
1!
#141680
b1110001011011001 #
0!
#141685
b110010000101010 #
1!
#141690
b1101110011000110 #
0!
#141695
b11101011101110 #
1!
#141700
b1001100001010010 #
0!
#141705
b1010010110110010 #
1!
#141710
b1110111111000000 #
0!
#141715
b101001001111001 #
1!
#141720
b1011011001000010 #
0!
#141725
b1011101011101001 #
1!
#141730
b1111000011010 #
0!
#141735
b1111111101010000 #
1!
#141740
b1011101110001 #
0!
#141745
b1101000011011111 #
1!
#141750
b1010100011111011 #
0!
#141755
b100101101101001 #
1!
#141760
b101100000011110 #
0!
#141765
b1101001010111011 #
1!
#141770
b1000100000100011 #
0!
#141775
b101101100 #
1!
#141780
b1101011111100011 #
0!
#141785
b110111010001000 #
1!
#141790
b111101100100000 #
0!
#141795
b1010110011101001 #
1!
#141800
b1010101101011000 #
0!
#141805
b111111011110 #
1!
#141810
b1111100100101100 #
0!
#141815
b1001101101100100 #
1!
#141820
b1011001000101100 #
0!
#141825
b1110000110110101 #
1!
#141830
b100001100110011 #
0!
#141835
b1101100101001011 #
1!
#141840
b1000110111110000 #
0!
#141845
b1100110001000100 #
1!
#141850
b101000011101111 #
0!
#141855
b11000101110110 #
1!
#141860
b1001000101000110 #
0!
#141865
b1000010101001000 #
1!
#141870
b1110001110011001 #
0!
#141875
b11000101000011 #
1!
#141880
b1101110010110110 #
0!
#141885
b110111001111100 #
1!
#141890
b111000000101010 #
0!
#141895
b10001011100110 #
1!
#141900
b100101111010010 #
0!
#141905
b1011101110100111 #
1!
#141910
b11100010011001 #
0!
#141915
b1001100001000 #
1!
#141920
b111101011101110 #
0!
#141925
b101010100001111 #
1!
#141930
b11011100011000 #
0!
#141935
b1100111001001010 #
1!
#141940
b1100011100100100 #
0!
#141945
b1110010010110111 #
1!
#141950
b10010111000110 #
0!
#141955
b1110000011001001 #
1!
#141960
b100100111001100 #
0!
#141965
b1101101000101011 #
1!
#141970
b1000001011001000 #
0!
#141975
b1001011100110001 #
1!
#141980
b1101111000110111 #
0!
#141985
b110001001000101 #
1!
#141990
b1000100001001000 #
0!
#141995
b1111101010001001 #
1!
#142000
b10011111010010 #
0!
#142005
b110011110111001 #
1!
#142010
b11011101010010 #
0!
#142015
b1101100100110100 #
1!
#142020
b111100001110101 #
0!
#142025
b1001001011000101 #
1!
#142030
b100010111111110 #
0!
#142035
b1011111101011110 #
1!
#142040
b1111001000010001 #
0!
#142045
b101001111010011 #
1!
#142050
b11000011101110 #
0!
#142055
b1111011001011010 #
1!
#142060
b110111001101110 #
0!
#142065
b1101010001110111 #
1!
#142070
b11011110001000 #
0!
#142075
b1000110000001001 #
1!
#142080
b1000110101001000 #
0!
#142085
b10110010000 #
1!
#142090
b101001111110000 #
0!
#142095
b100111011101011 #
1!
#142100
b1010011001100001 #
0!
#142105
b1000101011101010 #
1!
#142110
b100000100110001 #
0!
#142115
b1100011011110000 #
1!
#142120
b1101011011100011 #
0!
#142125
b1101100000111110 #
1!
#142130
b111101110011000 #
0!
#142135
b100001010010101 #
1!
#142140
b1111101010101101 #
0!
#142145
b1010011011111 #
1!
#142150
b100000010101101 #
0!
#142155
b1100101101111010 #
1!
#142160
b1010111111011000 #
0!
#142165
b10111011110010 #
1!
#142170
b1000101111001100 #
0!
#142175
b11000011110111 #
1!
#142180
b101000000011111 #
0!
#142185
b1101000010001010 #
1!
#142190
b1011111001100 #
0!
#142195
b1111101011001101 #
1!
#142200
b1111011101101001 #
0!
#142205
b110100001111010 #
1!
#142210
b110001110110011 #
0!
#142215
b111100110010001 #
1!
#142220
b1000001000100101 #
0!
#142225
b10000000111001 #
1!
#142230
b1010011111110101 #
0!
#142235
b1011011111100100 #
1!
#142240
b1000111110111111 #
0!
#142245
b1110010110110001 #
1!
#142250
b1101111100100100 #
0!
#142255
b111111100001011 #
1!
#142260
b111011011010110 #
0!
#142265
b110001101010001 #
1!
#142270
b1100101010010111 #
0!
#142275
b101110100001101 #
1!
#142280
b101010001110000 #
0!
#142285
b10000110011 #
1!
#142290
b1110010100000011 #
0!
#142295
b1001110111011111 #
1!
#142300
b11011101001 #
0!
#142305
b1111011110111001 #
1!
#142310
b110011001101010 #
0!
#142315
b100110011000011 #
1!
#142320
b10100011010100 #
0!
#142325
b10011101101111 #
1!
#142330
b101000001110110 #
0!
#142335
b11011001101000 #
1!
#142340
b1011101111100 #
0!
#142345
b11111110010101 #
1!
#142350
b101101110011000 #
0!
#142355
b1110100111101011 #
1!
#142360
b1110110001001101 #
0!
#142365
b1010110000011001 #
1!
#142370
b1011111101 #
0!
#142375
b1010110001001010 #
1!
#142380
b1000011111001011 #
0!
#142385
b1001101101101110 #
1!
#142390
b1000010011000011 #
0!
#142395
b1000111101101010 #
1!
#142400
b1000000001100010 #
0!
#142405
b1111010000000000 #
1!
#142410
b1101110101100111 #
0!
#142415
b101110100111101 #
1!
#142420
b11010010110111 #
0!
#142425
b110100010110100 #
1!
#142430
b1100011011101101 #
0!
#142435
b1010000100100111 #
1!
#142440
b1100001010111101 #
0!
#142445
b110000000111100 #
1!
#142450
b1011110110101011 #
0!
#142455
b1010100100111011 #
1!
#142460
b1000111100 #
0!
#142465
b100010011111 #
1!
#142470
b1111111000111111 #
0!
#142475
b111111001100000 #
1!
#142480
b1001001100001110 #
0!
#142485
b100111111001000 #
1!
#142490
b1000010110011101 #
0!
#142495
b1110111000000110 #
1!
#142500
b1100111010111100 #
0!
#142505
b1101110101110111 #
1!
#142510
b110110110000 #
0!
#142515
b1000011101101001 #
1!
#142520
b1101001011000100 #
0!
#142525
b10000001101110 #
1!
#142530
b1001010001000 #
0!
#142535
b1001000000011001 #
1!
#142540
b111101000101110 #
0!
#142545
b100010000101111 #
1!
#142550
b1101001110001100 #
0!
#142555
b1100011000100 #
1!
#142560
b110001010110100 #
0!
#142565
b11010000011111 #
1!
#142570
b100100110100011 #
0!
#142575
b1110110011101101 #
1!
#142580
b1110010100110000 #
0!
#142585
b1001111001110000 #
1!
#142590
b11000011011001 #
0!
#142595
b1001011110011101 #
1!
#142600
b10000010001110 #
0!
#142605
b1110110010100011 #
1!
#142610
b11101100111 #
0!
#142615
b110010010101001 #
1!
#142620
b1110111111110001 #
0!
#142625
b100110011111000 #
1!
#142630
b10110100010 #
0!
#142635
b110000110100111 #
1!
#142640
b1110110001000111 #
0!
#142645
b1010011110101101 #
1!
#142650
b10100111000111 #
0!
#142655
b101011100101001 #
1!
#142660
b111011100000110 #
0!
#142665
b1010110001011011 #
1!
#142670
b11000000011010 #
0!
#142675
b1101001001010100 #
1!
#142680
b1010100101001110 #
0!
#142685
b1100010101001111 #
1!
#142690
b1001010101001010 #
0!
#142695
b10001001101100 #
1!
#142700
b101111000010101 #
0!
#142705
b1111000101101 #
1!
#142710
b1001001010100101 #
0!
#142715
b101001101110010 #
1!
#142720
b11010110110010 #
0!
#142725
b1010010011001011 #
1!
#142730
b10011011111011 #
0!
#142735
b10110001011111 #
1!
#142740
b1000010001100100 #
0!
#142745
b10001111110 #
1!
#142750
b101010111111 #
0!
#142755
b11110100100101 #
1!
#142760
b110111100011110 #
0!
#142765
b1010100111001001 #
1!
#142770
b1011111101001001 #
0!
#142775
b1100111000000011 #
1!
#142780
b1100101101001010 #
0!
#142785
b1011111110111111 #
1!
#142790
b111110011000011 #
0!
#142795
b1111000101000011 #
1!
#142800
b11011110111000 #
0!
#142805
b11000111100110 #
1!
#142810
b11111110110100 #
0!
#142815
b110110000000000 #
1!
#142820
b111001111100 #
0!
#142825
b1010101100000110 #
1!
#142830
b1100001010010010 #
0!
#142835
b1101000000001101 #
1!
#142840
b110111011100001 #
0!
#142845
b1001100010101010 #
1!
#142850
b1000010101101110 #
0!
#142855
b110011010001010 #
1!
#142860
b11001000111110 #
0!
#142865
b10100010110011 #
1!
#142870
b1100000100011000 #
0!
#142875
b11110001001101 #
1!
#142880
b1111011111010010 #
0!
#142885
b100011111011001 #
1!
#142890
b111001011001010 #
0!
#142895
b1101010101101 #
1!
#142900
b1010101110000 #
0!
#142905
b1001101101101100 #
1!
#142910
b101011010110111 #
0!
#142915
b1001000011001110 #
1!
#142920
b1010110000011111 #
0!
#142925
b1001010000101010 #
1!
#142930
b1110011110011000 #
0!
#142935
b1110101011111011 #
1!
#142940
b1001011101111111 #
0!
#142945
b110000110001010 #
1!
#142950
b110001010001010 #
0!
#142955
b11001100111001 #
1!
#142960
b111000000010010 #
0!
#142965
b1110100001010100 #
1!
#142970
b1100001001011001 #
0!
#142975
b11010110010100 #
1!
#142980
b1001011000110011 #
0!
#142985
b1101100011010010 #
1!
#142990
b1100011010001111 #
0!
#142995
b111111001010000 #
1!
#143000
b10010011101011 #
0!
#143005
b1001111010000101 #
1!
#143010
b1110011001011000 #
0!
#143015
b101101110010000 #
1!
#143020
b1111011101011101 #
0!
#143025
b110001010011111 #
1!
#143030
b110000010101010 #
0!
#143035
b1101010110000110 #
1!
#143040
b1010100100000001 #
0!
#143045
b1011000110101 #
1!
#143050
b11000010100001 #
0!
#143055
b1011101111001101 #
1!
#143060
b1001010001100111 #
0!
#143065
b110001001100011 #
1!
#143070
b1000010010011 #
0!
#143075
b1001011111111111 #
1!
#143080
b1101101110111101 #
0!
#143085
b1011001001010111 #
1!
#143090
b1000000111010101 #
0!
#143095
b1011011100011100 #
1!
#143100
b101001111000101 #
0!
#143105
b11001010000111 #
1!
#143110
b1011100010010110 #
0!
#143115
b10010011100111 #
1!
#143120
b1001101101111111 #
0!
#143125
b1101000111101110 #
1!
#143130
b1011100011100101 #
0!
#143135
b1010110111000011 #
1!
#143140
b111000111110 #
0!
#143145
b11011110110010 #
1!
#143150
b11100100111101 #
0!
#143155
b1101110100101110 #
1!
#143160
b1100101101010101 #
0!
#143165
b1101001011111110 #
1!
#143170
b1011011010100110 #
0!
#143175
b1111111001110011 #
1!
#143180
b1010101000100010 #
0!
#143185
b1100111001101101 #
1!
#143190
b110111111010110 #
0!
#143195
b1111010100101 #
1!
#143200
b100101010100011 #
0!
#143205
b1011111100010 #
1!
#143210
b101110001001011 #
0!
#143215
b101010001010 #
1!
#143220
b10001010111 #
0!
#143225
b101100100100000 #
1!
#143230
b11110111011101 #
0!
#143235
b100110001110110 #
1!
#143240
b1111100010011011 #
0!
#143245
b1111111011111011 #
1!
#143250
b1000100010111001 #
0!
#143255
b11000111000101 #
1!
#143260
b1111111101000011 #
0!
#143265
b11010001111010 #
1!
#143270
b1000000100111111 #
0!
#143275
b1100010100000000 #
1!
#143280
b1011010110011110 #
0!
#143285
b1110100011000101 #
1!
#143290
b1110010111110 #
0!
#143295
b1101010101000110 #
1!
#143300
b111011110100010 #
0!
#143305
b1100010000110010 #
1!
#143310
b1101110000010 #
0!
#143315
b1110100100010011 #
1!
#143320
b110000001111101 #
0!
#143325
b11011001001101 #
1!
#143330
b1111100000101100 #
0!
#143335
b101000000000001 #
1!
#143340
b100111100110010 #
0!
#143345
b110100000101101 #
1!
#143350
b1110111111001111 #
0!
#143355
b1100010001100 #
1!
#143360
b1101110110010110 #
0!
#143365
b100011111111101 #
1!
#143370
b1111100111001011 #
0!
#143375
b100010000111 #
1!
#143380
b110010101000001 #
0!
#143385
b111111111111011 #
1!
#143390
b1101011111010101 #
0!
#143395
b1011001001001010 #
1!
#143400
b11111010010 #
0!
#143405
b111101011010111 #
1!
#143410
b1000110011 #
0!
#143415
b101110000110010 #
1!
#143420
b1001101100011100 #
0!
#143425
b110011011000001 #
1!
#143430
b1011011110010011 #
0!
#143435
b1011110010010 #
1!
#143440
b1011111110001001 #
0!
#143445
b11000000000001 #
1!
#143450
b1111001110000011 #
0!
#143455
b1010101110101100 #
1!
#143460
b1100111001100010 #
0!
#143465
b1000010101110101 #
1!
#143470
b110111111111100 #
0!
#143475
b1010011011000010 #
1!
#143480
b1110011100111001 #
0!
#143485
b1100101010111110 #
1!
#143490
b1010100111110110 #
0!
#143495
b101010011100000 #
1!
#143500
b1110001100101100 #
0!
#143505
b11001110001000 #
1!
#143510
b1101110010000001 #
0!
#143515
b1100000101110010 #
1!
#143520
b101110000101101 #
0!
#143525
b1010011010111010 #
1!
#143530
b11101011011 #
0!
#143535
b1011100001000000 #
1!
#143540
b1011010000100011 #
0!
#143545
b1101010111100100 #
1!
#143550
b1110001101110110 #
0!
#143555
b1100011111101010 #
1!
#143560
b1011110111 #
0!
#143565
b10011011000110 #
1!
#143570
b1110101101101101 #
0!
#143575
b11100101110011 #
1!
#143580
b10011001101011 #
0!
#143585
b1100101001010000 #
1!
#143590
b101111101011011 #
0!
#143595
b1100000000001 #
1!
#143600
b1011100111010001 #
0!
#143605
b1010100111100011 #
1!
#143610
b11011100001010 #
0!
#143615
b11001101011101 #
1!
#143620
b1011101110011 #
0!
#143625
b111001100110110 #
1!
#143630
b11000100000000 #
0!
#143635
b1010101010101 #
1!
#143640
b101110011011010 #
0!
#143645
b1000111010111000 #
1!
#143650
b1100100001001000 #
0!
#143655
b100110001110 #
1!
#143660
b110011010100100 #
0!
#143665
b10110111000000 #
1!
#143670
b11101010001110 #
0!
#143675
b1101011101001 #
1!
#143680
b1100111000111000 #
0!
#143685
b11100101100110 #
1!
#143690
b1000001101101101 #
0!
#143695
b1100100001001 #
1!
#143700
b1111010011110000 #
0!
#143705
b101101001100001 #
1!
#143710
b101110101110000 #
0!
#143715
b1000110000011100 #
1!
#143720
b1111000000010101 #
0!
#143725
b1110111011 #
1!
#143730
b100010011000111 #
0!
#143735
b1100001001110010 #
1!
#143740
b1010001001000001 #
0!
#143745
b101110110110110 #
1!
#143750
b111010100010101 #
0!
#143755
b1100100100001001 #
1!
#143760
b1010001001111110 #
0!
#143765
b101001111000010 #
1!
#143770
b1110110101100010 #
0!
#143775
b110101110011001 #
1!
#143780
b100111011000111 #
0!
#143785
b1001000111000111 #
1!
#143790
b110010010011011 #
0!
#143795
b11000000111110 #
1!
#143800
b1100001100100101 #
0!
#143805
b1000001010111001 #
1!
#143810
b101101010011111 #
0!
#143815
b110101001100000 #
1!
#143820
b1101101000101010 #
0!
#143825
b101011110101101 #
1!
#143830
b101101010100 #
0!
#143835
b10010111011000 #
1!
#143840
b11000011111001 #
0!
#143845
b1111100001100100 #
1!
#143850
b111000010101100 #
0!
#143855
b10011100001101 #
1!
#143860
b10010010010101 #
0!
#143865
b1000110010010 #
1!
#143870
b100011000101110 #
0!
#143875
b1111111111 #
1!
#143880
b1100111110101101 #
0!
#143885
b1000010111110 #
1!
#143890
b110111011001 #
0!
#143895
b1111111111110010 #
1!
#143900
b111110100111 #
0!
#143905
b1111100010111 #
1!
#143910
b1111110111111010 #
0!
#143915
b10101011000001 #
1!
#143920
b111110100010011 #
0!
#143925
b10101000001110 #
1!
#143930
b1000011010001 #
0!
#143935
b101000001110111 #
1!
#143940
b111011101000101 #
0!
#143945
b1101111000010101 #
1!
#143950
b11010010011 #
0!
#143955
b1111111101001001 #
1!
#143960
b1100001011001 #
0!
#143965
b1010100101011000 #
1!
#143970
b101101110110000 #
0!
#143975
b111111110000100 #
1!
#143980
b11111001000010 #
0!
#143985
b1011001111000001 #
1!
#143990
b100100011100100 #
0!
#143995
b1101110010000010 #
1!
#144000
b1000001100101110 #
0!
#144005
b1110100100110001 #
1!
#144010
b1100110111111011 #
0!
#144015
b1110011101010001 #
1!
#144020
b100010011110100 #
0!
#144025
b1111100000101110 #
1!
#144030
b1010001111010000 #
0!
#144035
b10011100001011 #
1!
#144040
b1001110010111100 #
0!
#144045
b100110011110100 #
1!
#144050
b100011101110100 #
0!
#144055
b1110101010001100 #
1!
#144060
b110101110100001 #
0!
#144065
b1000000110001 #
1!
#144070
b1111001111111000 #
0!
#144075
b11110010010011 #
1!
#144080
b100011010000111 #
0!
#144085
b11001001010000 #
1!
#144090
b1010010111010110 #
0!
#144095
b1110100011100110 #
1!
#144100
b1000111011001101 #
0!
#144105
b101110110100011 #
1!
#144110
b1101001100101 #
0!
#144115
b111110010011000 #
1!
#144120
b101111100101111 #
0!
#144125
b1111110101000010 #
1!
#144130
b1100110101100111 #
0!
#144135
b100001011111111 #
1!
#144140
b1001001101101011 #
0!
#144145
b11110000000110 #
1!
#144150
b1111100000001010 #
0!
#144155
b100011001111110 #
1!
#144160
b1100010100001101 #
0!
#144165
b100001100001 #
1!
#144170
b1001101001110011 #
0!
#144175
b101011110101111 #
1!
#144180
b101010011101011 #
0!
#144185
b111110000100 #
1!
#144190
b110110000110000 #
0!
#144195
b1111110100001100 #
1!
#144200
b101101010110011 #
0!
#144205
b1011100110010101 #
1!
#144210
b1110111110100000 #
0!
#144215
b1000011010110001 #
1!
#144220
b1011011100101000 #
0!
#144225
b11001001011000 #
1!
#144230
b101100110111000 #
0!
#144235
b1111110101000101 #
1!
#144240
b101001011 #
0!
#144245
b110101100101001 #
1!
#144250
b1010101100100110 #
0!
#144255
b11000010110000 #
1!
#144260
b1001011000111000 #
0!
#144265
b101010001011 #
1!
#144270
b1001110101000111 #
0!
#144275
b1010100010100110 #
1!
#144280
b1001010011010011 #
0!
#144285
b1000000100111110 #
1!
#144290
b1010110011101000 #
0!
#144295
b1011010010110000 #
1!
#144300
b1101010000011100 #
0!
#144305
b1111011000011011 #
1!
#144310
b1011001001011 #
0!
#144315
b110000010111110 #
1!
#144320
b1111011001000010 #
0!
#144325
b101100110100000 #
1!
#144330
b1101011101100111 #
0!
#144335
b111011011011100 #
1!
#144340
b101010001001101 #
0!
#144345
b101010101111011 #
1!
#144350
b1010100011011111 #
0!
#144355
b1000001000101011 #
1!
#144360
b100101111111 #
0!
#144365
b101010111110100 #
1!
#144370
b11110011101 #
0!
#144375
b1101000010101011 #
1!
#144380
b1111000100101101 #
0!
#144385
b1000011001111010 #
1!
#144390
b11000010011000 #
0!
#144395
b110111011110100 #
1!
#144400
b1010101101001001 #
0!
#144405
b1101001001001111 #
1!
#144410
b1111110110001 #
0!
#144415
b10011001110011 #
1!
#144420
b1000111101010100 #
0!
#144425
b1110101110000001 #
1!
#144430
b1001000000100110 #
0!
#144435
b1000011001000101 #
1!
#144440
b1011101011101111 #
0!
#144445
b11010000101010 #
1!
#144450
b1111111010010000 #
0!
#144455
b1101100001001101 #
1!
#144460
b100011000001 #
0!
#144465
b1110000100111011 #
1!
#144470
b1010011111100000 #
0!
#144475
b10100110001010 #
1!
#144480
b1100111110001 #
0!
#144485
b1101101110110010 #
1!
#144490
b1000010001100010 #
0!
#144495
b100010001100011 #
1!
#144500
b100010111100110 #
0!
#144505
b1100101010010011 #
1!
#144510
b101001100100111 #
0!
#144515
b1011011011100110 #
1!
#144520
b1010011110000010 #
0!
#144525
b10000101111010 #
1!
#144530
b1001000111100100 #
0!
#144535
b1100110010011101 #
1!
#144540
b1110010011011 #
0!
#144545
b100100011100 #
1!
#144550
b111011010110000 #
0!
#144555
b1001000100010100 #
1!
#144560
b100010111100001 #
0!
#144565
b110110010010100 #
1!
#144570
b10010011101 #
0!
#144575
b1100111110100111 #
1!
#144580
b111011011101010 #
0!
#144585
b1111100111010001 #
1!
#144590
b1111001110101000 #
0!
#144595
b1010010100001 #
1!
#144600
b1101000110011111 #
0!
#144605
b1100011111101 #
1!
#144610
b1011111111110011 #
0!
#144615
b1010110101100001 #
1!
#144620
b10110111000000 #
0!
#144625
b1111101000110111 #
1!
#144630
b1010010110111111 #
0!
#144635
b1010001010000010 #
1!
#144640
b10101010111001 #
0!
#144645
b1000101001110011 #
1!
#144650
b1010000100100110 #
0!
#144655
b1100010010101000 #
1!
#144660
b10010101111010 #
0!
#144665
b111000111100011 #
1!
#144670
b110111000001010 #
0!
#144675
b1001110000010011 #
1!
#144680
b11010110010110 #
0!
#144685
b1111110101100 #
1!
#144690
b1000100000100110 #
0!
#144695
b111100001111110 #
1!
#144700
b11100001010100 #
0!
#144705
b1011101001011100 #
1!
#144710
b10111011001111 #
0!
#144715
b110000001110011 #
1!
#144720
b1100110111101101 #
0!
#144725
b11010111011111 #
1!
#144730
b101100101001000 #
0!
#144735
b10011010011100 #
1!
#144740
b100111010111011 #
0!
#144745
b11011101011100 #
1!
#144750
b1100010000101010 #
0!
#144755
b101000100111011 #
1!
#144760
b1101010101111100 #
0!
#144765
b10111011000011 #
1!
#144770
b1111000111011101 #
0!
#144775
b10111101010100 #
1!
#144780
b100000101111001 #
0!
#144785
b100011101110111 #
1!
#144790
b1010110010001 #
0!
#144795
b1100110010011111 #
1!
#144800
b10110010101101 #
0!
#144805
b110101011011001 #
1!
#144810
b10110110101110 #
0!
#144815
b1111010011100110 #
1!
#144820
b1111010111000100 #
0!
#144825
b100100100011001 #
1!
#144830
b1111100001000000 #
0!
#144835
b11001011100001 #
1!
#144840
b1011001100010000 #
0!
#144845
b100101000100001 #
1!
#144850
b1111001101001011 #
0!
#144855
b1101001000100010 #
1!
#144860
b100010100110001 #
0!
#144865
b1001110111101101 #
1!
#144870
b101010001111110 #
0!
#144875
b1110001100110011 #
1!
#144880
b100011110111101 #
0!
#144885
b10110100110001 #
1!
#144890
b1111101001000 #
0!
#144895
b10110001111001 #
1!
#144900
b1010101111101 #
0!
#144905
b1010010010011111 #
1!
#144910
b100111000001 #
0!
#144915
b11111111101111 #
1!
#144920
b1100101110010101 #
0!
#144925
b111001010100100 #
1!
#144930
b1001000001010100 #
0!
#144935
b110001101100100 #
1!
#144940
b100010001000000 #
0!
#144945
b1100000011111101 #
1!
#144950
b1111001110111011 #
0!
#144955
b1010010000110010 #
1!
#144960
b1111101011011 #
0!
#144965
b111101011101110 #
1!
#144970
b10101000101011 #
0!
#144975
b1101001100110010 #
1!
#144980
b1011001001111010 #
0!
#144985
b100111001111101 #
1!
#144990
b1111010000111100 #
0!
#144995
b111011011010111 #
1!
#145000
b10000110111001 #
0!
#145005
b1010011010001101 #
1!
#145010
b1100101101110011 #
0!
#145015
b1101111100110010 #
1!
#145020
b100000000000101 #
0!
#145025
b1010111100011111 #
1!
#145030
b1110110111111010 #
0!
#145035
b1010011010100 #
1!
#145040
b1011000100011010 #
0!
#145045
b101010010100011 #
1!
#145050
b101001001101101 #
0!
#145055
b1110010100111110 #
1!
#145060
b1100110011100001 #
0!
#145065
b100001010101101 #
1!
#145070
b1011101000111011 #
0!
#145075
b1101110011110000 #
1!
#145080
b1011000101101111 #
0!
#145085
b1110011111011110 #
1!
#145090
b1010000010010011 #
0!
#145095
b100011010100101 #
1!
#145100
b11100001100011 #
0!
#145105
b110101001100011 #
1!
#145110
b100000101011000 #
0!
#145115
b10111011100100 #
1!
#145120
b111001000 #
0!
#145125
b1011101111010111 #
1!
#145130
b1001011100001001 #
0!
#145135
b110001001110111 #
1!
#145140
b110001001000110 #
0!
#145145
b1000010011101111 #
1!
#145150
b101111000100110 #
0!
#145155
b110110111010100 #
1!
#145160
b111111111010100 #
0!
#145165
b11001010111010 #
1!
#145170
b1010111110110 #
0!
#145175
b1001101100110000 #
1!
#145180
b10110110011010 #
0!
#145185
b1111001011010101 #
1!
#145190
b1111001000111101 #
0!
#145195
b1111011000101000 #
1!
#145200
b101101000110 #
0!
#145205
b1010110101100011 #
1!
#145210
b1111011010111101 #
0!
#145215
b100110111000011 #
1!
#145220
b111010110001111 #
0!
#145225
b1001100110000 #
1!
#145230
b1101111100011110 #
0!
#145235
b10100011000111 #
1!
#145240
b1000011100001011 #
0!
#145245
b1000101111000111 #
1!
#145250
b10001100010000 #
0!
#145255
b1101100000000101 #
1!
#145260
b1110000101001 #
0!
#145265
b100010011011001 #
1!
#145270
b111011 #
0!
#145275
b110100110110110 #
1!
#145280
b1101001001110000 #
0!
#145285
b10101111010000 #
1!
#145290
b111010011101010 #
0!
#145295
b1010001001111000 #
1!
#145300
b1011001101 #
0!
#145305
b1110101111100101 #
1!
#145310
b11100111100000 #
0!
#145315
b1001000001111 #
1!
#145320
b1100110000011110 #
0!
#145325
b1110111010001010 #
1!
#145330
b1100110101100110 #
0!
#145335
b10101110101 #
1!
#145340
b100010110001 #
0!
#145345
b110010110001101 #
1!
#145350
b110101011110100 #
0!
#145355
b1000011101011101 #
1!
#145360
b101010011111001 #
0!
#145365
b11011110111010 #
1!
#145370
b110001110101 #
0!
#145375
b110001110111000 #
1!
#145380
b110100100110 #
0!
#145385
b1000001101100 #
1!
#145390
b111000110100110 #
0!
#145395
b10011001011000 #
1!
#145400
b100110011011111 #
0!
#145405
b101111111001101 #
1!
#145410
b1001101110101 #
0!
#145415
b1110001001011 #
1!
#145420
b1111000111001111 #
0!
#145425
b100111100101000 #
1!
#145430
b10111011110001 #
0!
#145435
b101001011111111 #
1!
#145440
b1001010101001001 #
0!
#145445
b1100110000101110 #
1!
#145450
b1100000010101000 #
0!
#145455
b1001000111010010 #
1!
#145460
b1001001010101011 #
0!
#145465
b1000000101101111 #
1!
#145470
b1000010100000100 #
0!
#145475
b110011000010101 #
1!
#145480
b101111001000 #
0!
#145485
b1101101111111000 #
1!
#145490
b1111010110001011 #
0!
#145495
b10000100110010 #
1!
#145500
b1101010000000100 #
0!
#145505
b11101011100 #
1!
#145510
b101000010001000 #
0!
#145515
b1100100111110111 #
1!
#145520
b1000111001100011 #
0!
#145525
b1110111100001001 #
1!
#145530
b1001000000001101 #
0!
#145535
b10101110100011 #
1!
#145540
b1001010000111111 #
0!
#145545
b11111100111101 #
1!
#145550
b111010011001001 #
0!
#145555
b1101010011011101 #
1!
#145560
b1111011010 #
0!
#145565
b110010101110110 #
1!
#145570
b111010010101001 #
0!
#145575
b1000000010011 #
1!
#145580
b1011010110001100 #
0!
#145585
b1000100110110010 #
1!
#145590
b1100111010111100 #
0!
#145595
b1110101001110010 #
1!
#145600
b100011111000000 #
0!
#145605
b1001110101011100 #
1!
#145610
b111111101010110 #
0!
#145615
b11000111110111 #
1!
#145620
b1001101110011 #
0!
#145625
b100100000110011 #
1!
#145630
b11111011100010 #
0!
#145635
b110110011001110 #
1!
#145640
b11100001111101 #
0!
#145645
b1111100100010100 #
1!
#145650
b1000111101100100 #
0!
#145655
b1110110101110011 #
1!
#145660
b1001000001000101 #
0!
#145665
b1101100111101111 #
1!
#145670
b1010011000011000 #
0!
#145675
b1011101011010011 #
1!
#145680
b1011100100101111 #
0!
#145685
b1101011111001000 #
1!
#145690
b1000011000110011 #
0!
#145695
b1010001011100110 #
1!
#145700
b110001101010 #
0!
#145705
b1001110100010101 #
1!
#145710
b1110011100110101 #
0!
#145715
b11001111101001 #
1!
#145720
b1010100101100011 #
0!
#145725
b1001100001100001 #
1!
#145730
b100010011000110 #
0!
#145735
b1011010111010100 #
1!
#145740
b110100110001101 #
0!
#145745
b1111010001110001 #
1!
#145750
b1101110110010111 #
0!
#145755
b11010100010101 #
1!
#145760
b1110100010111001 #
0!
#145765
b1001110011011111 #
1!
#145770
b1010101000111101 #
0!
#145775
b1000000100110101 #
1!
#145780
b1000001110110010 #
0!
#145785
b11111101110001 #
1!
#145790
b110101010000101 #
0!
#145795
b10001101111000 #
1!
#145800
b101011001100001 #
0!
#145805
b100010000001010 #
1!
#145810
b1001011100101011 #
0!
#145815
b110011100011000 #
1!
#145820
b11110000011111 #
0!
#145825
b1101101010001100 #
1!
#145830
b110111101111100 #
0!
#145835
b101101000100110 #
1!
#145840
b1101001001111100 #
0!
#145845
b1110111110000110 #
1!
#145850
b1110101111001110 #
0!
#145855
b1100101110110111 #
1!
#145860
b111010000101110 #
0!
#145865
b10101000000000 #
1!
#145870
b1100100101010000 #
0!
#145875
b11111101100111 #
1!
#145880
b11111101011000 #
0!
#145885
b1111110001000011 #
1!
#145890
b1000011100100011 #
0!
#145895
b11111011100 #
1!
#145900
b110111111000 #
0!
#145905
b1000111011110100 #
1!
#145910
b101110000110111 #
0!
#145915
b10111101001011 #
1!
#145920
b111101010010001 #
0!
#145925
b1100110101010011 #
1!
#145930
b100011011100010 #
0!
#145935
b111111010101101 #
1!
#145940
b1110001011101011 #
0!
#145945
b110010100000001 #
1!
#145950
b10010101110 #
0!
#145955
b1000100110101010 #
1!
#145960
b110010000001111 #
0!
#145965
b1100000100011100 #
1!
#145970
b1000001010000 #
0!
#145975
b1001001011011011 #
1!
#145980
b1101100000110011 #
0!
#145985
b110000010000 #
1!
#145990
b1010010101000010 #
0!
#145995
b1010110101111101 #
1!
#146000
b1101110011100101 #
0!
#146005
b11011011101101 #
1!
#146010
b1100000111111011 #
0!
#146015
b1010000100100110 #
1!
#146020
b1100110100001011 #
0!
#146025
b1110101010100000 #
1!
#146030
b1110100110101 #
0!
#146035
b1111110110011001 #
1!
#146040
b1100010000010010 #
0!
#146045
b1001000011101011 #
1!
#146050
b11011001001010 #
0!
#146055
b101001001111 #
1!
#146060
b1010000011101100 #
0!
#146065
b101100001100101 #
1!
#146070
b100101000000110 #
0!
#146075
b1101011011001100 #
1!
#146080
b1111101100011110 #
0!
#146085
b10110001101100 #
1!
#146090
b101010011111101 #
0!
#146095
b10111001011101 #
1!
#146100
b11001110011011 #
0!
#146105
b1011101101010001 #
1!
#146110
b1000111010110 #
0!
#146115
b1001110101010011 #
1!
#146120
b110000010011000 #
0!
#146125
b110110010100100 #
1!
#146130
b1111100101111100 #
0!
#146135
b110111101001110 #
1!
#146140
b110010100011011 #
0!
#146145
b111000011110000 #
1!
#146150
b100110010110011 #
0!
#146155
b1010111110111100 #
1!
#146160
b1101011001111001 #
0!
#146165
b1010111110111011 #
1!
#146170
b10000010001 #
0!
#146175
b10100100011011 #
1!
#146180
b1010101111010 #
0!
#146185
b1101100000110001 #
1!
#146190
b1101111010111100 #
0!
#146195
b110101100011010 #
1!
#146200
b11101001011110 #
0!
#146205
b101010000111111 #
1!
#146210
b101011000000010 #
0!
#146215
b1011111100101011 #
1!
#146220
b10010001111101 #
0!
#146225
b101001110000110 #
1!
#146230
b1010100100101000 #
0!
#146235
b11000010101000 #
1!
#146240
b110110110101100 #
0!
#146245
b1011111011110110 #
1!
#146250
b1101000010000010 #
0!
#146255
b1000111100011000 #
1!
#146260
b111001100110101 #
0!
#146265
b100000101101000 #
1!
#146270
b1000101000101111 #
0!
#146275
b110001010111001 #
1!
#146280
b100111110001001 #
0!
#146285
b100100100010100 #
1!
#146290
b101001010001110 #
0!
#146295
b1111100011011010 #
1!
#146300
b1110000101101010 #
0!
#146305
b1100111001 #
1!
#146310
b110001111001110 #
0!
#146315
b101111100011111 #
1!
#146320
b1100000011000010 #
0!
#146325
b101100011001010 #
1!
#146330
b1011101110011111 #
0!
#146335
b110000001010110 #
1!
#146340
b100110011101010 #
0!
#146345
b1111011010000111 #
1!
#146350
b1001101110001 #
0!
#146355
b1000011011011110 #
1!
#146360
b1010000110000101 #
0!
#146365
b100100000111101 #
1!
#146370
b1110100101000101 #
0!
#146375
b10000001000111 #
1!
#146380
b1001100010111010 #
0!
#146385
b111110010110000 #
1!
#146390
b111100001111001 #
0!
#146395
b11101101001000 #
1!
#146400
b1100111100000000 #
0!
#146405
b111111011010110 #
1!
#146410
b1011111110011011 #
0!
#146415
b1001110010001001 #
1!
#146420
b1010001000100101 #
0!
#146425
b1111011011100110 #
1!
#146430
b111010110100010 #
0!
#146435
b1101100001111100 #
1!
#146440
b10110011100100 #
0!
#146445
b101011011110110 #
1!
#146450
b1101010011111 #
0!
#146455
b11010111000001 #
1!
#146460
b100110110101000 #
0!
#146465
b1100010010010000 #
1!
#146470
b1110101101001010 #
0!
#146475
b1100000100111100 #
1!
#146480
b1001101011000001 #
0!
#146485
b11000000001010 #
1!
#146490
b1101111001101011 #
0!
#146495
b100011001101110 #
1!
#146500
b111010111000011 #
0!
#146505
b100010000001011 #
1!
#146510
b1011010010011010 #
0!
#146515
b101010000101101 #
1!
#146520
b1111011101000011 #
0!
#146525
b110111011111100 #
1!
#146530
b1110100001001000 #
0!
#146535
b11010101010000 #
1!
#146540
b1111110110101010 #
0!
#146545
b1101100111010100 #
1!
#146550
b1011011110001100 #
0!
#146555
b1111001001101101 #
1!
#146560
b10000101010111 #
0!
#146565
b110111100001000 #
1!
#146570
b1101010101010 #
0!
#146575
b101110100110100 #
1!
#146580
b1100001111010000 #
0!
#146585
b1101111000000010 #
1!
#146590
b1101000111010000 #
0!
#146595
b1111110110010001 #
1!
#146600
b1111101100100100 #
0!
#146605
b1001001011101101 #
1!
#146610
b101010000000000 #
0!
#146615
b10000000011101 #
1!
#146620
b1010100001011000 #
0!
#146625
b1011011000110010 #
1!
#146630
b1110000010010110 #
0!
#146635
b1101001100000000 #
1!
#146640
b110010011101110 #
0!
#146645
b11100010000011 #
1!
#146650
b111001001110100 #
0!
#146655
b1101111111010011 #
1!
#146660
b1000110101100110 #
0!
#146665
b1100001111000010 #
1!
#146670
b1100100100110100 #
0!
#146675
b1101001010101100 #
1!
#146680
b11110111010010 #
0!
#146685
b1100001010101010 #
1!
#146690
b101101001111001 #
0!
#146695
b1111100111001100 #
1!
#146700
b101000101001001 #
0!
#146705
b110001001111010 #
1!
#146710
b110011010101100 #
0!
#146715
b101110100110000 #
1!
#146720
b110001001100111 #
0!
#146725
b1000111110100000 #
1!
#146730
b1110100001001001 #
0!
#146735
b1100110001110101 #
1!
#146740
b1101001010010000 #
0!
#146745
b1111010110001100 #
1!
#146750
b1001101000010100 #
0!
#146755
b1101001101001000 #
1!
#146760
b1011100100111101 #
0!
#146765
b1111111110110011 #
1!
#146770
b1111110000111001 #
0!
#146775
b1011110111100000 #
1!
#146780
b1111010111110100 #
0!
#146785
b1101100011110101 #
1!
#146790
b100011111011011 #
0!
#146795
b1001001010101110 #
1!
#146800
b1111100111011 #
0!
#146805
b111000001010100 #
1!
#146810
b111100111101111 #
0!
#146815
b10011111001101 #
1!
#146820
b1001010000101001 #
0!
#146825
b111000101000111 #
1!
#146830
b100101111110101 #
0!
#146835
b1111111001010100 #
1!
#146840
b111001111011111 #
0!
#146845
b100011110001100 #
1!
#146850
b11101001111011 #
0!
#146855
b110101100011000 #
1!
#146860
b1001001110001110 #
0!
#146865
b1110111000101 #
1!
#146870
b1000010011011101 #
0!
#146875
b111011000000000 #
1!
#146880
b1001010101011011 #
0!
#146885
b1101111111001001 #
1!
#146890
b10010101001100 #
0!
#146895
b1110110001111111 #
1!
#146900
b1101001110111011 #
0!
#146905
b11101011101001 #
1!
#146910
b1101011101111101 #
0!
#146915
b101100101000110 #
1!
#146920
b110011010011000 #
0!
#146925
b1001101000011001 #
1!
#146930
b1010000001011 #
0!
#146935
b11011010010 #
1!
#146940
b10111011101110 #
0!
#146945
b10110101000110 #
1!
#146950
b1111111110111 #
0!
#146955
b10111100011 #
1!
#146960
b1100100100010000 #
0!
#146965
b1101100010110111 #
1!
#146970
b1110110101001100 #
0!
#146975
b1110001111011 #
1!
#146980
b1000110101011110 #
0!
#146985
b101000011001101 #
1!
#146990
b11111101001010 #
0!
#146995
b1101110101111001 #
1!
#147000
b1001100010010001 #
0!
#147005
b1111101000000001 #
1!
#147010
b1000110000101010 #
0!
#147015
b1000111001101010 #
1!
#147020
b1100011001100111 #
0!
#147025
b11001101110 #
1!
#147030
b1010111011010 #
0!
#147035
b11111010101000 #
1!
#147040
b1011011011011010 #
0!
#147045
b110000111001001 #
1!
#147050
b1101001010111101 #
0!
#147055
b1011101001011111 #
1!
#147060
b1100001110011011 #
0!
#147065
b1011000000011010 #
1!
#147070
b1000000011010111 #
0!
#147075
b1000110110001100 #
1!
#147080
b10100011001 #
0!
#147085
b110011100001010 #
1!
#147090
b1001111101101110 #
0!
#147095
b1010010111 #
1!
#147100
b101101110101111 #
0!
#147105
b1010111100101010 #
1!
#147110
b110010010000011 #
0!
#147115
b10011110010101 #
1!
#147120
b110001101001111 #
0!
#147125
b111001111111011 #
1!
#147130
b1101001100110001 #
0!
#147135
b1100010011010110 #
1!
#147140
b111010101001100 #
0!
#147145
b101111100011111 #
1!
#147150
b1010000101011001 #
0!
#147155
b110101011000101 #
1!
#147160
b1010111110001000 #
0!
#147165
b1101111001111111 #
1!
#147170
b100110010011100 #
0!
#147175
b110001011010000 #
1!
#147180
b1110101110111010 #
0!
#147185
b10000011000101 #
1!
#147190
b1001000010111 #
0!
#147195
b1011100001001000 #
1!
#147200
b1100100011111111 #
0!
#147205
b1000011111011 #
1!
#147210
b1110111111011101 #
0!
#147215
b11101111111000 #
1!
#147220
b1010001101110110 #
0!
#147225
b101011110110110 #
1!
#147230
b1001110010100010 #
0!
#147235
b111001001101111 #
1!
#147240
b1001001100011011 #
0!
#147245
b110010110001001 #
1!
#147250
b1001011110010010 #
0!
#147255
b1010111010100111 #
1!
#147260
b111011010011011 #
0!
#147265
b110000000111110 #
1!
#147270
b1110111001100 #
0!
#147275
b1111011000010000 #
1!
#147280
b1110101001010000 #
0!
#147285
b11101110001001 #
1!
#147290
b10011001111100 #
0!
#147295
b1110010101011 #
1!
#147300
b100110100110010 #
0!
#147305
b1001110110100000 #
1!
#147310
b111001111111111 #
0!
#147315
b1010011100111011 #
1!
#147320
b1011001011011010 #
0!
#147325
b1111010110010101 #
1!
#147330
b111111000011101 #
0!
#147335
b1110010100101111 #
1!
#147340
b1111111101100100 #
0!
#147345
b110110010110011 #
1!
#147350
b1000001011000000 #
0!
#147355
b1110001101010111 #
1!
#147360
b1100101101100000 #
0!
#147365
b1111000111010100 #
1!
#147370
b111101000101001 #
0!
#147375
b110101000000101 #
1!
#147380
b111001110000110 #
0!
#147385
b10111011101011 #
1!
#147390
b10011100011000 #
0!
#147395
b100010011111 #
1!
#147400
b1000101110001 #
0!
#147405
b1001000010101111 #
1!
#147410
b11100000 #
0!
#147415
b100001010101 #
1!
#147420
b1000001000001010 #
0!
#147425
b100001110111000 #
1!
#147430
b100001011011100 #
0!
#147435
b111100011111001 #
1!
#147440
b110010111100100 #
0!
#147445
b11001111100000 #
1!
#147450
b1110110001000100 #
0!
#147455
b10001010100101 #
1!
#147460
b1001101001001 #
0!
#147465
b101001001100 #
1!
#147470
b1011011011010001 #
0!
#147475
b1001010000110110 #
1!
#147480
b1010100100010111 #
0!
#147485
b11100111101000 #
1!
#147490
b1111000110000 #
0!
#147495
b1100001000101 #
1!
#147500
b1100111100 #
0!
#147505
b1110011110111011 #
1!
#147510
b110000110110110 #
0!
#147515
b1011101110101000 #
1!
#147520
b1011110100001010 #
0!
#147525
b111100000 #
1!
#147530
b111100101010001 #
0!
#147535
b100100000011010 #
1!
#147540
b11000100000001 #
0!
#147545
b11010110000010 #
1!
#147550
b10001000101010 #
0!
#147555
b100110100100001 #
1!
#147560
b111111101100110 #
0!
#147565
b1110110110101111 #
1!
#147570
b1101100011111000 #
0!
#147575
b1010011001001 #
1!
#147580
b111111001001110 #
0!
#147585
b101010001100100 #
1!
#147590
b1101101101110000 #
0!
#147595
b1010101101001100 #
1!
#147600
b1100111101010101 #
0!
#147605
b101101010011001 #
1!
#147610
b10000111010111 #
0!
#147615
b1101101001000001 #
1!
#147620
b1100101011000010 #
0!
#147625
b1010100110110101 #
1!
#147630
b110100100011101 #
0!
#147635
b11001101101000 #
1!
#147640
b1000111101000100 #
0!
#147645
b1010110000110111 #
1!
#147650
b10111110010011 #
0!
#147655
b1111110010101000 #
1!
#147660
b1111011100010000 #
0!
#147665
b1001000011110101 #
1!
#147670
b1010111110010111 #
0!
#147675
b100010001100010 #
1!
#147680
b1001111010000010 #
0!
#147685
b100000111000011 #
1!
#147690
b1110010101000000 #
0!
#147695
b1101100010100100 #
1!
#147700
b1110000000010001 #
0!
#147705
b110101111011000 #
1!
#147710
b1000110110000001 #
0!
#147715
b100001101010101 #
1!
#147720
b1101110010111100 #
0!
#147725
b111100111010011 #
1!
#147730
b10001010110011 #
0!
#147735
b1101000100000110 #
1!
#147740
b110101110110010 #
0!
#147745
b1001100010101000 #
1!
#147750
b1110000000000010 #
0!
#147755
b1000110101011110 #
1!
#147760
b10100101100011 #
0!
#147765
b1011001001100101 #
1!
#147770
b1100010010111011 #
0!
#147775
b100001111011000 #
1!
#147780
b111001111000011 #
0!
#147785
b111100100000111 #
1!
#147790
b1000110111101000 #
0!
#147795
b111111011011011 #
1!
#147800
b110010011100010 #
0!
#147805
b101000101011000 #
1!
#147810
b1011000000111010 #
0!
#147815
b1000111011000101 #
1!
#147820
b1101101010100101 #
0!
#147825
b110101100010010 #
1!
#147830
b110111110110101 #
0!
#147835
b111111000000111 #
1!
#147840
b111000111000100 #
0!
#147845
b1011000100111001 #
1!
#147850
b1100001000011001 #
0!
#147855
b1100011100101 #
1!
#147860
b1000000111011011 #
0!
#147865
b1101000011100110 #
1!
#147870
b110011010000000 #
0!
#147875
b1110100011110010 #
1!
#147880
b10101110110000 #
0!
#147885
b11010001111100 #
1!
#147890
b1101101000100001 #
0!
#147895
b11101111100101 #
1!
#147900
b100011001110111 #
0!
#147905
b101010000001 #
1!
#147910
b101100111000000 #
0!
#147915
b1110011011100 #
1!
#147920
b111001001000111 #
0!
#147925
b11110100001011 #
1!
#147930
b1101101010110000 #
0!
#147935
b101100010011010 #
1!
#147940
b101101101100 #
0!
#147945
b111011000000101 #
1!
#147950
b1111111110001 #
0!
#147955
b111110011110100 #
1!
#147960
b10101111100111 #
0!
#147965
b10010000111000 #
1!
#147970
b1010000101010010 #
0!
#147975
b1101001011100011 #
1!
#147980
b1010111110111001 #
0!
#147985
b111010001011100 #
1!
#147990
b1001110000011100 #
0!
#147995
b110100001101111 #
1!
#148000
b11001001000110 #
0!
#148005
b101001100010110 #
1!
#148010
b111000110111 #
0!
#148015
b11011111001 #
1!
#148020
b1000001111010 #
0!
#148025
b110011000111011 #
1!
#148030
b1011001000111111 #
0!
#148035
b11110000000101 #
1!
#148040
b110100011110010 #
0!
#148045
b10000100100110 #
1!
#148050
b1010001011 #
0!
#148055
b101011000011001 #
1!
#148060
b1001011011000 #
0!
#148065
b1010110110000100 #
1!
#148070
b11111010010001 #
0!
#148075
b101111011001010 #
1!
#148080
b1010110110110010 #
0!
#148085
b1111010101101011 #
1!
#148090
b101111110101011 #
0!
#148095
b10000010001110 #
1!
#148100
b1001001111010110 #
0!
#148105
b1010010100001010 #
1!
#148110
b10001110101011 #
0!
#148115
b10101001101100 #
1!
#148120
b1110000011000010 #
0!
#148125
b10101111100000 #
1!
#148130
b1100111110 #
0!
#148135
b1100011100011110 #
1!
#148140
b111001000000011 #
0!
#148145
b1010111010110100 #
1!
#148150
b11110110010000 #
0!
#148155
b11001011 #
1!
#148160
b1110010011110100 #
0!
#148165
b10001101000111 #
1!
#148170
b1100110000101011 #
0!
#148175
b1010011111010100 #
1!
#148180
b1001000100000011 #
0!
#148185
b10111111111110 #
1!
#148190
b110110110010000 #
0!
#148195
b100001011110110 #
1!
#148200
b1001011110101111 #
0!
#148205
b11111101100010 #
1!
#148210
b1001110001110001 #
0!
#148215
b10001000101010 #
1!
#148220
b1100111100000110 #
0!
#148225
b111111011011111 #
1!
#148230
b1001010100010101 #
0!
#148235
b101000110000101 #
1!
#148240
b1101011011001101 #
0!
#148245
b1101110101111110 #
1!
#148250
b101010111011011 #
0!
#148255
b1001100010010100 #
1!
#148260
b101000010001 #
0!
#148265
b1100001010 #
1!
#148270
b1001010101000101 #
0!
#148275
b1000100001010101 #
1!
#148280
b1000011001011010 #
0!
#148285
b101111101101011 #
1!
#148290
b1101001110011011 #
0!
#148295
b110101101101101 #
1!
#148300
b10011100110000 #
0!
#148305
b1101110010010 #
1!
#148310
b100101110001011 #
0!
#148315
b100101110100011 #
1!
#148320
b1000011000110100 #
0!
#148325
b10001011010000 #
1!
#148330
b1111100011000000 #
0!
#148335
b1111011101000010 #
1!
#148340
b110000010 #
0!
#148345
b10010011101101 #
1!
#148350
b1001100011111100 #
0!
#148355
b1111100010000011 #
1!
#148360
b1011010110001010 #
0!
#148365
b1000101011011011 #
1!
#148370
b1010010110001011 #
0!
#148375
b1001110001111010 #
1!
#148380
b111101100101100 #
0!
#148385
b1000000101010110 #
1!
#148390
b101110010100100 #
0!
#148395
b1111000011000010 #
1!
#148400
b1111000000111001 #
0!
#148405
b1111010001010011 #
1!
#148410
b1011100110100110 #
0!
#148415
b1100000001100011 #
1!
#148420
b111001000100101 #
0!
#148425
b1001000110001111 #
1!
#148430
b111011010100100 #
0!
#148435
b1001010000011100 #
1!
#148440
b1110000001110 #
0!
#148445
b1100001000010001 #
1!
#148450
b1010100111111 #
0!
#148455
b1011110110011110 #
1!
#148460
b1100101011100110 #
0!
#148465
b1011010000001001 #
1!
#148470
b1100101001000001 #
0!
#148475
b100010011011000 #
1!
#148480
b1100111100010 #
0!
#148485
b101001111001101 #
1!
#148490
b1001010011111001 #
0!
#148495
b1111010111100111 #
1!
#148500
b110000011111010 #
0!
#148505
b100101001100001 #
1!
#148510
b11001011000110 #
0!
#148515
b101111111000011 #
1!
#148520
b1100001010011101 #
0!
#148525
b11101010010 #
1!
#148530
b1111011001010 #
0!
#148535
b1100100101000100 #
1!
#148540
b1011101101010 #
0!
#148545
b1011001101000110 #
1!
#148550
b1001001101001101 #
0!
#148555
b100001110001101 #
1!
#148560
b1111101000001111 #
0!
#148565
b11110000010100 #
1!
#148570
b1000111110101011 #
0!
#148575
b1001011010001100 #
1!
#148580
b1100101100010000 #
0!
#148585
b101000010111101 #
1!
#148590
b1100101101100110 #
0!
#148595
b101001110000010 #
1!
#148600
b1010001110110101 #
0!
#148605
b101011100100001 #
1!
#148610
b1100010000110100 #
0!
#148615
b1100000101010101 #
1!
#148620
b101111011000011 #
0!
#148625
b111111011000001 #
1!
#148630
b1011100010011110 #
0!
#148635
b1110110110100011 #
1!
#148640
b1001100101010100 #
0!
#148645
b1011001101110010 #
1!
#148650
b1010001000010000 #
0!
#148655
b1010010100111101 #
1!
#148660
b1011000101100111 #
0!
#148665
b1010000001001000 #
1!
#148670
b11111011100101 #
0!
#148675
b111001000100101 #
1!
#148680
b1011111101111011 #
0!
#148685
b1011001010100010 #
1!
#148690
b11001010111 #
0!
#148695
b1010010010011000 #
1!
#148700
b1010001111011100 #
0!
#148705
b1011010100110 #
1!
#148710
b11101111010111 #
0!
#148715
b100010001001100 #
1!
#148720
b1111010111011111 #
0!
#148725
b1011010000000000 #
1!
#148730
b1101001011000001 #
0!
#148735
b1111001110101 #
1!
#148740
b1001011001100 #
0!
#148745
b11111101001111 #
1!
#148750
b1000110011100000 #
0!
#148755
b1100000010100010 #
1!
#148760
b1100110011101 #
0!
#148765
b1101111111111 #
1!
#148770
b1110010111000000 #
0!
#148775
b111010000010000 #
1!
#148780
b1110001001011110 #
0!
#148785
b111100111111011 #
1!
#148790
b1011001000101 #
0!
#148795
b100011010010100 #
1!
#148800
b101101010110 #
0!
#148805
b100010000001011 #
1!
#148810
b1111101111000 #
0!
#148815
b10110011010 #
1!
#148820
b1111000110111110 #
0!
#148825
b10011100101010 #
1!
#148830
b1011100100001100 #
0!
#148835
b11100101110000 #
1!
#148840
b1010110100101111 #
0!
#148845
b1000111010111110 #
1!
#148850
b110000110010001 #
0!
#148855
b10111001100000 #
1!
#148860
b1111010010010 #
0!
#148865
b1010100100000001 #
1!
#148870
b101000111000010 #
0!
#148875
b1111010010111010 #
1!
#148880
b1101111010110100 #
0!
#148885
b101111001110000 #
1!
#148890
b1000100111110101 #
0!
#148895
b101011001011111 #
1!
#148900
b100101001001001 #
0!
#148905
b101110010011000 #
1!
#148910
b1100000000011111 #
0!
#148915
b1101110111101110 #
1!
#148920
b111111010001110 #
0!
#148925
b111000101010 #
1!
#148930
b111011001011111 #
0!
#148935
b1101011100100110 #
1!
#148940
b101011101000011 #
0!
#148945
b1010001110010010 #
1!
#148950
b1110011110010001 #
0!
#148955
b101000110010101 #
1!
#148960
b110110000101101 #
0!
#148965
b10011111101 #
1!
#148970
b110011011010 #
0!
#148975
b1001000100111 #
1!
#148980
b10000111101010 #
0!
#148985
b1101110000100101 #
1!
#148990
b1010001010100101 #
0!
#148995
b1010111111000001 #
1!
#149000
b1000101100111101 #
0!
#149005
b1001110110101111 #
1!
#149010
b10100100010010 #
0!
#149015
b110101001011111 #
1!
#149020
b1000101110011000 #
0!
#149025
b110101101111110 #
1!
#149030
b1101100101000101 #
0!
#149035
b101011111101101 #
1!
#149040
b1011100100001101 #
0!
#149045
b11011011010011 #
1!
#149050
b1010110010001110 #
0!
#149055
b11110101100001 #
1!
#149060
b111001101101101 #
0!
#149065
b1010101010000011 #
1!
#149070
b110001111101000 #
0!
#149075
b1010101000110010 #
1!
#149080
b1101010111000111 #
0!
#149085
b11010100111001 #
1!
#149090
b111011111000101 #
0!
#149095
b1110101111000100 #
1!
#149100
b1011101011111001 #
0!
#149105
b1111111011110101 #
1!
#149110
b10010110010111 #
0!
#149115
b100111100101 #
1!
#149120
b1011111110010110 #
0!
#149125
b1111010011000011 #
1!
#149130
b110100000011001 #
0!
#149135
b1101001011101010 #
1!
#149140
b100000011001111 #
0!
#149145
b1100010011110001 #
1!
#149150
b1111111011001111 #
0!
#149155
b1101001110010000 #
1!
#149160
b101100110011111 #
0!
#149165
b1101100110010111 #
1!
#149170
b110001010101001 #
0!
#149175
b101011000101110 #
1!
#149180
b1110011011101111 #
0!
#149185
b101110011011010 #
1!
#149190
b1100111101001111 #
0!
#149195
b110100001010001 #
1!
#149200
b1000001011100011 #
0!
#149205
b11111110110010 #
1!
#149210
b100000000001010 #
0!
#149215
b1101010101101100 #
1!
#149220
b1000101100011010 #
0!
#149225
b10100110010100 #
1!
#149230
b111011010111011 #
0!
#149235
b10100010010000 #
1!
#149240
b1101011111111 #
0!
#149245
b1000100011011001 #
1!
#149250
b1110100011100000 #
0!
#149255
b1010111011110000 #
1!
#149260
b111011111111 #
0!
#149265
b1000100100101110 #
1!
#149270
b1101010000100001 #
0!
#149275
b111001000011110 #
1!
#149280
b11000110 #
0!
#149285
b1010011110010 #
1!
#149290
b11011101010001 #
0!
#149295
b100001010111110 #
1!
#149300
b101000001001001 #
0!
#149305
b1101101111011101 #
1!
#149310
b1100100001100110 #
0!
#149315
b1010100110101100 #
1!
#149320
b1011011001000 #
0!
#149325
b100010010110001 #
1!
#149330
b101101100000 #
0!
#149335
b1111001100111110 #
1!
#149340
b11001010010000 #
0!
#149345
b111111101101001 #
1!
#149350
b11010110001001 #
0!
#149355
b10100110101011 #
1!
#149360
b11110110101001 #
0!
#149365
b111011010101100 #
1!
#149370
b100011000100001 #
0!
#149375
b1110101000110 #
1!
#149380
b1001001100100111 #
0!
#149385
b1101011011100110 #
1!
#149390
b1111100011001010 #
0!
#149395
b101010010000100 #
1!
#149400
b101000001100100 #
0!
#149405
b110011010001 #
1!
#149410
b1100100111010010 #
0!
#149415
b10000110000111 #
1!
#149420
b101000011001001 #
0!
#149425
b100001011011110 #
1!
#149430
b1111001110110011 #
0!
#149435
b1000110000110000 #
1!
#149440
b11001001101011 #
0!
#149445
b110010000110111 #
1!
#149450
b111001011010010 #
0!
#149455
b110001101010110 #
1!
#149460
b101000100101100 #
0!
#149465
b10000111010001 #
1!
#149470
b10111111011 #
0!
#149475
b10111100111011 #
1!
#149480
b1100010110100011 #
0!
#149485
b1110000101001111 #
1!
#149490
b10001101110110 #
0!
#149495
b11110011011001 #
1!
#149500
b110110001101111 #
0!
#149505
b1101001100011001 #
1!
#149510
b110001010010 #
0!
#149515
b1001101100011000 #
1!
#149520
b1110011001000101 #
0!
#149525
b1101111001111011 #
1!
#149530
b1011101011000000 #
0!
#149535
b1001010001111 #
1!
#149540
b1000101001100100 #
0!
#149545
b1011011000101011 #
1!
#149550
b1110110000000101 #
0!
#149555
b11001111011110 #
1!
#149560
b111011010011101 #
0!
#149565
b1100000100000000 #
1!
#149570
b1101111111010 #
0!
#149575
b100010000111111 #
1!
#149580
b1000010111000110 #
0!
#149585
b10110000111111 #
1!
#149590
b1000001110001000 #
0!
#149595
b101010101100100 #
1!
#149600
b101010010101000 #
0!
#149605
b1110011001010101 #
1!
#149610
b10000100101000 #
0!
#149615
b11000100111111 #
1!
#149620
b100000101000101 #
0!
#149625
b1001011001001011 #
1!
#149630
b1010111111010110 #
0!
#149635
b110001110111100 #
1!
#149640
b110001110010011 #
0!
#149645
b1010110111011011 #
1!
#149650
b1010110001100100 #
0!
#149655
b11100000100001 #
1!
#149660
b1001100001110100 #
0!
#149665
b101010101101111 #
1!
#149670
b101001011000000 #
0!
#149675
b1011110100001100 #
1!
#149680
b1000000100011010 #
0!
#149685
b111100011101111 #
1!
#149690
b1010000000001110 #
0!
#149695
b1011101111000000 #
1!
#149700
b111001010011000 #
0!
#149705
b1100010110110000 #
1!
#149710
b100111000010001 #
0!
#149715
b1100000011001011 #
1!
#149720
b1000110011001010 #
0!
#149725
b1010010101011010 #
1!
#149730
b1101101111101010 #
0!
#149735
b1100110100101 #
1!
#149740
b1010100101011100 #
0!
#149745
b100011100100001 #
1!
#149750
b1000000110010011 #
0!
#149755
b1100111001011011 #
1!
#149760
b110011100011011 #
0!
#149765
b1001011000101000 #
1!
#149770
b11110100010110 #
0!
#149775
b1011000111011011 #
1!
#149780
b10000101010110 #
0!
#149785
b11110101100011 #
1!
#149790
b1100101111111001 #
0!
#149795
b100100100000101 #
1!
#149800
b1111000001110010 #
0!
#149805
b1010101011010111 #
1!
#149810
b1010010011011010 #
0!
#149815
b1110010000010000 #
1!
#149820
b1011010010000001 #
0!
#149825
b11110001000 #
1!
#149830
b101010100100 #
0!
#149835
b1000110101010100 #
1!
#149840
b100000000001 #
0!
#149845
b100000011101111 #
1!
#149850
b1111010001101001 #
0!
#149855
b1001000100111 #
1!
#149860
b100101010000101 #
0!
#149865
b1001010111 #
1!
#149870
b10000001001011 #
0!
#149875
b1111110111001100 #
1!
#149880
b1001000010000010 #
0!
#149885
b1011101111101111 #
1!
#149890
b110101110001 #
0!
#149895
b1001101000100001 #
1!
#149900
b1011110011101000 #
0!
#149905
b1001001011101110 #
1!
#149910
b1111000010000001 #
0!
#149915
b1111100100001101 #
1!
#149920
b110100011011001 #
0!
#149925
b111011110100100 #
1!
#149930
b1100100110010100 #
0!
#149935
b1110000101100111 #
1!
#149940
b1111000100011100 #
0!
#149945
b1010111000111 #
1!
#149950
b101010000011110 #
0!
#149955
b1101111101000110 #
1!
#149960
b110111010010101 #
0!
#149965
b1101011011011110 #
1!
#149970
b111011000001 #
0!
#149975
b11111101110111 #
1!
#149980
b1100000001110010 #
0!
#149985
b1110100000011001 #
1!
#149990
b11000010000101 #
0!
#149995
b111100010100 #
1!
#150000
b1000001001001010 #
0!
#150005
b11100001111011 #
1!
#150010
b1011101001101000 #
0!
#150015
b1100111101100 #
1!
#150020
b1000111100010 #
0!
#150025
b111000110011011 #
1!
#150030
b110010111001000 #
0!
#150035
b1110101110111110 #
1!
#150040
b1000011111010010 #
0!
#150045
b1111111011100100 #
1!
#150050
b1010110110010001 #
0!
#150055
b1100111111101110 #
1!
#150060
b1100000111000001 #
0!
#150065
b110010100111 #
1!
#150070
b1100111110110100 #
0!
#150075
b1101000011001011 #
1!
#150080
b101101001101111 #
0!
#150085
b1000011111010111 #
1!
#150090
b1100011111010111 #
0!
#150095
b1011111011110110 #
1!
#150100
b1010111101001011 #
0!
