$date
	Sun Aug 30 15:56:29 2026
$end
$version
	Icarus Verilog
$end
$timescale
	1ps
$end
$scope module tb $end
$scope module stim1 $end
$var wire 1 ! clk $end
$upscope $end
$upscope $end
$scope module tb $end
$var wire 1 " tb_mismatch $end
$upscope $end
$scope module tb $end
$var reg 1 ! clk $end
$upscope $end
$scope module tb $end
$var wire 1 # reset $end
$upscope $end
$scope module tb $end
$var wire 10 $ q_ref [9:0] $end
$upscope $end
$scope module tb $end
$var wire 10 % q_dut [9:0] $end
$upscope $end
$enddefinitions $end
#0
$dumpvars
bx %
bx $
1#
0"
0!
$end
#5
0"
b0 $
b0 %
1!
#10
0!
#15
0#
1!
#20
0!
#25
0"
b1 $
b1 %
1!
#30
0!
#35
0"
b10 %
b10 $
1!
#40
0!
#45
0"
b11 $
b11 %
1!
#50
1#
0!
#55
0"
b0 %
b0 $
1!
#60
0!
#65
0#
1!
#70
0!
#75
0"
b1 %
b1 $
1!
#80
0!
#85
0"
b10 $
b10 %
1!
#90
0!
#95
0"
b11 %
b11 $
1!
#100
0!
#105
0"
b100 $
b100 %
1!
#110
0!
#115
0"
b101 %
b101 $
1!
#120
0!
#125
0"
b110 $
b110 %
1!
#130
0!
#135
0"
b111 %
b111 $
1!
#140
0!
#145
0"
b1000 $
b1000 %
1!
#150
0!
#155
0"
b1001 %
b1001 $
1!
#160
0!
#165
0"
b1010 $
b1010 %
1!
#170
0!
#175
0"
b1011 %
b1011 $
1!
#180
0!
#185
0"
b1100 $
b1100 %
1!
#190
0!
#195
0"
b1101 %
b1101 $
1!
#200
0!
#205
0"
b1110 $
b1110 %
1!
#210
0!
#215
0"
b1111 %
b1111 $
1!
#220
0!
#225
0"
b10000 $
b10000 %
1!
#230
0!
#235
0"
b10001 %
b10001 $
1!
#240
0!
#245
0"
b10010 $
b10010 %
1!
#250
0!
#255
0"
b10011 %
b10011 $
1!
#260
0!
#265
0"
b10100 $
b10100 %
1!
#270
0!
#275
0"
b10101 %
b10101 $
1!
#280
0!
#285
0"
b10110 $
b10110 %
1!
#290
0!
#295
0"
b10111 %
b10111 $
1!
#300
0!
#305
0"
b11000 $
b11000 %
1!
#310
0!
#315
0"
b11001 %
b11001 $
1!
#320
0!
#325
0"
b11010 $
b11010 %
1!
#330
0!
#335
0"
b11011 %
b11011 $
1!
#340
0!
#345
0"
b11100 $
b11100 %
1!
#350
0!
#355
0"
b11101 %
b11101 $
1!
#360
0!
#365
0"
b11110 $
b11110 %
1!
#370
0!
#375
0"
b11111 %
b11111 $
1!
#380
0!
#385
0"
b100000 $
b100000 %
1!
#390
0!
#395
0"
b100001 %
b100001 $
1!
#400
0!
#405
0"
b100010 $
b100010 %
1!
#410
0!
#415
0"
b100011 %
b100011 $
1!
#420
0!
#425
0"
b100100 $
b100100 %
1!
#430
0!
#435
0"
b100101 %
b100101 $
1!
#440
0!
#445
0"
b100110 $
b100110 %
1!
#450
0!
#455
0"
b100111 %
b100111 $
1!
#460
0!
#465
0"
b101000 $
b101000 %
1!
#470
0!
#475
0"
b101001 %
b101001 $
1!
#480
0!
#485
0"
b101010 $
b101010 %
1!
#490
0!
#495
0"
b101011 %
b101011 $
1!
#500
0!
#505
0"
b101100 $
b101100 %
1!
#510
0!
#515
0"
b101101 %
b101101 $
1!
#520
0!
#525
0"
b101110 $
b101110 %
1!
#530
0!
#535
0"
b101111 %
b101111 $
1!
#540
0!
#545
0"
b110000 $
b110000 %
1!
#550
0!
#555
0"
b110001 %
b110001 $
1!
#560
0!
#565
0"
b110010 $
b110010 %
1!
#570
0!
#575
0"
b110011 %
b110011 $
1!
#580
0!
#585
0"
b110100 $
b110100 %
1!
#590
0!
#595
0"
b110101 %
b110101 $
1!
#600
0!
#605
0"
b110110 $
b110110 %
1!
#610
0!
#615
0"
b110111 %
b110111 $
1!
#620
0!
#625
0"
b111000 $
b111000 %
1!
#630
0!
#635
0"
b111001 %
b111001 $
1!
#640
0!
#645
0"
b111010 $
b111010 %
1!
#650
0!
#655
0"
b111011 %
b111011 $
1!
#660
0!
#665
0"
b111100 $
b111100 %
1!
#670
0!
#675
0"
b111101 %
b111101 $
1!
#680
0!
#685
0"
b111110 $
b111110 %
1!
#690
0!
#695
0"
b111111 %
b111111 $
1!
#700
0!
#705
0"
b1000000 $
b1000000 %
1!
#710
0!
#715
0"
b1000001 %
b1000001 $
1!
#720
0!
#725
0"
b1000010 $
b1000010 %
1!
#730
0!
#735
0"
b1000011 %
b1000011 $
1!
#740
0!
#745
0"
b1000100 $
b1000100 %
1!
#750
0!
#755
0"
b1000101 %
b1000101 $
1!
#760
0!
#765
0"
b1000110 $
b1000110 %
1!
#770
0!
#775
0"
b1000111 %
b1000111 $
1!
#780
0!
#785
0"
b1001000 $
b1001000 %
1!
#790
0!
#795
0"
b1001001 %
b1001001 $
1!
#800
0!
#805
0"
b1001010 $
b1001010 %
1!
#810
0!
#815
0"
b1001011 %
b1001011 $
1!
#820
0!
#825
0"
b1001100 $
b1001100 %
1!
#830
0!
#835
0"
b1001101 %
b1001101 $
1!
#840
0!
#845
0"
b1001110 $
b1001110 %
1!
#850
0!
#855
0"
b1001111 %
b1001111 $
1!
#860
0!
#865
0"
b1010000 $
b1010000 %
1!
#870
0!
#875
0"
b1010001 %
b1010001 $
1!
#880
0!
#885
0"
b1010010 $
b1010010 %
1!
#890
0!
#895
0"
b1010011 %
b1010011 $
1!
#900
0!
#905
0"
b1010100 $
b1010100 %
1!
#910
0!
#915
0"
b1010101 %
b1010101 $
1!
#920
0!
#925
0"
b1010110 $
b1010110 %
1!
#930
0!
#935
0"
b1010111 %
b1010111 $
1!
#940
0!
#945
0"
b1011000 $
b1011000 %
1!
#950
0!
#955
0"
b1011001 %
b1011001 $
1!
#960
0!
#965
0"
b1011010 $
b1011010 %
1!
#970
0!
#975
0"
b1011011 %
b1011011 $
1!
#980
0!
#985
0"
b1011100 $
b1011100 %
1!
#990
0!
#995
0"
b1011101 %
b1011101 $
1!
#1000
0!
#1005
0"
b1011110 $
b1011110 %
1!
#1010
0!
#1015
0"
b1011111 %
b1011111 $
1!
#1020
0!
#1025
0"
b1100000 $
b1100000 %
1!
#1030
0!
#1035
0"
b1100001 %
b1100001 $
1!
#1040
0!
#1045
0"
b1100010 $
b1100010 %
1!
#1050
0!
#1055
0"
b1100011 %
b1100011 $
1!
#1060
0!
#1065
0"
b1100100 $
b1100100 %
1!
#1070
0!
#1075
0"
b1100101 %
b1100101 $
1!
#1080
0!
#1085
0"
b1100110 $
b1100110 %
1!
#1090
0!
#1095
0"
b1100111 %
b1100111 $
1!
#1100
0!
#1105
0"
b1101000 $
b1101000 %
1!
#1110
0!
#1115
0"
b1101001 %
b1101001 $
1!
#1120
0!
#1125
0"
b1101010 $
b1101010 %
1!
#1130
0!
#1135
0"
b1101011 %
b1101011 $
1!
#1140
0!
#1145
0"
b1101100 $
b1101100 %
1!
#1150
0!
#1155
0"
b1101101 %
b1101101 $
1!
#1160
0!
#1165
0"
b1101110 $
b1101110 %
1!
#1170
0!
#1175
0"
b1101111 %
b1101111 $
1!
#1180
0!
#1185
0"
b1110000 $
b1110000 %
1!
#1190
0!
#1195
0"
b1110001 %
b1110001 $
1!
#1200
0!
#1205
0"
b1110010 $
b1110010 %
1!
#1210
0!
#1215
0"
b1110011 %
b1110011 $
1!
#1220
0!
#1225
0"
b1110100 $
b1110100 %
1!
#1230
0!
#1235
0"
b1110101 %
b1110101 $
1!
#1240
0!
#1245
0"
b1110110 $
b1110110 %
1!
#1250
0!
#1255
0"
b1110111 %
b1110111 $
1!
#1260
0!
#1265
0"
b1111000 $
b1111000 %
1!
#1270
0!
#1275
0"
b1111001 %
b1111001 $
1!
#1280
0!
#1285
0"
b1111010 $
b1111010 %
1!
#1290
0!
#1295
0"
b1111011 %
b1111011 $
1!
#1300
0!
#1305
0"
b1111100 $
b1111100 %
1!
#1310
0!
#1315
0"
b1111101 %
b1111101 $
1!
#1320
0!
#1325
0"
b1111110 $
b1111110 %
1!
#1330
0!
#1335
0"
b1111111 %
b1111111 $
1!
#1340
0!
#1345
0"
b10000000 $
b10000000 %
1!
#1350
0!
#1355
0"
b10000001 %
b10000001 $
1!
#1360
0!
#1365
0"
b10000010 $
b10000010 %
1!
#1370
0!
#1375
0"
b10000011 %
b10000011 $
1!
#1380
0!
#1385
0"
b10000100 $
b10000100 %
1!
#1390
0!
#1395
0"
b10000101 %
b10000101 $
1!
#1400
0!
#1405
0"
b10000110 $
b10000110 %
1!
#1410
0!
#1415
0"
b10000111 %
b10000111 $
1!
#1420
0!
#1425
0"
b10001000 $
b10001000 %
1!
#1430
0!
#1435
0"
b10001001 %
b10001001 $
1!
#1440
0!
#1445
0"
b10001010 $
b10001010 %
1!
#1450
0!
#1455
0"
b10001011 %
b10001011 $
1!
#1460
0!
#1465
0"
b10001100 $
b10001100 %
1!
#1470
0!
#1475
0"
b10001101 %
b10001101 $
1!
#1480
0!
#1485
0"
b10001110 $
b10001110 %
1!
#1490
0!
#1495
0"
b10001111 %
b10001111 $
1!
#1500
0!
#1505
0"
b10010000 $
b10010000 %
1!
#1510
0!
#1515
0"
b10010001 %
b10010001 $
1!
#1520
0!
#1525
0"
b10010010 $
b10010010 %
1!
#1530
0!
#1535
0"
b10010011 %
b10010011 $
1!
#1540
0!
#1545
0"
b10010100 $
b10010100 %
1!
#1550
0!
#1555
0"
b10010101 %
b10010101 $
1!
#1560
0!
#1565
0"
b10010110 $
b10010110 %
1!
#1570
0!
#1575
0"
b10010111 %
b10010111 $
1!
#1580
0!
#1585
0"
b10011000 $
b10011000 %
1!
#1590
0!
#1595
0"
b10011001 %
b10011001 $
1!
#1600
0!
#1605
0"
b10011010 $
b10011010 %
1!
#1610
0!
#1615
0"
b10011011 %
b10011011 $
1!
#1620
0!
#1625
0"
b10011100 $
b10011100 %
1!
#1630
0!
#1635
0"
b10011101 %
b10011101 $
1!
#1640
0!
#1645
0"
b10011110 $
b10011110 %
1!
#1650
0!
#1655
0"
b10011111 %
b10011111 $
1!
#1660
0!
#1665
0"
b10100000 $
b10100000 %
1!
#1670
0!
#1675
0"
b10100001 %
b10100001 $
1!
#1680
0!
#1685
0"
b10100010 $
b10100010 %
1!
#1690
0!
#1695
0"
b10100011 %
b10100011 $
1!
#1700
0!
#1705
0"
b10100100 $
b10100100 %
1!
#1710
0!
#1715
0"
b10100101 %
b10100101 $
1!
#1720
0!
#1725
0"
b10100110 $
b10100110 %
1!
#1730
0!
#1735
0"
b10100111 %
b10100111 $
1!
#1740
0!
#1745
0"
b10101000 $
b10101000 %
1!
#1750
0!
#1755
0"
b10101001 %
b10101001 $
1!
#1760
0!
#1765
0"
b10101010 $
b10101010 %
1!
#1770
0!
#1775
0"
b10101011 %
b10101011 $
1!
#1780
0!
#1785
0"
b10101100 $
b10101100 %
1!
#1790
0!
#1795
0"
b10101101 %
b10101101 $
1!
#1800
0!
#1805
0"
b10101110 $
b10101110 %
1!
#1810
0!
#1815
0"
b10101111 %
b10101111 $
1!
#1820
0!
#1825
0"
b10110000 $
b10110000 %
1!
#1830
0!
#1835
0"
b10110001 %
b10110001 $
1!
#1840
0!
#1845
0"
b10110010 $
b10110010 %
1!
#1850
0!
#1855
0"
b10110011 %
b10110011 $
1!
#1860
0!
#1865
0"
b10110100 $
b10110100 %
1!
#1870
0!
#1875
0"
b10110101 %
b10110101 $
1!
#1880
0!
#1885
0"
b10110110 $
b10110110 %
1!
#1890
0!
#1895
0"
b10110111 %
b10110111 $
1!
#1900
0!
#1905
0"
b10111000 $
b10111000 %
1!
#1910
0!
#1915
0"
b10111001 %
b10111001 $
1!
#1920
0!
#1925
0"
b10111010 $
b10111010 %
1!
#1930
0!
#1935
0"
b10111011 %
b10111011 $
1!
#1940
0!
#1945
0"
b10111100 $
b10111100 %
1!
#1950
0!
#1955
0"
b10111101 %
b10111101 $
1!
#1960
0!
#1965
0"
b10111110 $
b10111110 %
1!
#1970
0!
#1975
0"
b10111111 %
b10111111 $
1!
#1980
0!
#1985
0"
b11000000 $
b11000000 %
1!
#1990
0!
#1995
0"
b11000001 %
b11000001 $
1!
#2000
0!
#2005
0"
b11000010 $
b11000010 %
1!
#2010
0!
#2015
0"
b11000011 %
b11000011 $
1!
#2020
0!
#2025
0"
b11000100 $
b11000100 %
1!
#2030
0!
#2035
0"
b11000101 %
b11000101 $
1!
#2040
0!
#2045
0"
b11000110 $
b11000110 %
1!
#2050
0!
#2055
0"
b11000111 %
b11000111 $
1!
#2060
0!
#2065
0"
b11001000 $
b11001000 %
1!
#2070
0!
#2075
0"
b11001001 %
b11001001 $
1!
#2080
0!
#2085
0"
b11001010 $
b11001010 %
1!
#2090
0!
#2095
0"
b11001011 %
b11001011 $
1!
#2100
0!
#2105
0"
b11001100 $
b11001100 %
1!
#2110
0!
#2115
0"
b11001101 %
b11001101 $
1!
#2120
0!
#2125
0"
b11001110 $
b11001110 %
1!
#2130
0!
#2135
0"
b11001111 %
b11001111 $
1!
#2140
0!
#2145
0"
b11010000 $
b11010000 %
1!
#2150
0!
#2155
0"
b11010001 %
b11010001 $
1!
#2160
0!
#2165
0"
b11010010 $
b11010010 %
1!
#2170
0!
#2175
0"
b11010011 %
b11010011 $
1!
#2180
0!
#2185
0"
b11010100 $
b11010100 %
1!
#2190
0!
#2195
0"
b11010101 %
b11010101 $
1!
#2200
0!
#2205
0"
b11010110 $
b11010110 %
1!
#2210
0!
#2215
0"
b11010111 %
b11010111 $
1!
#2220
0!
#2225
0"
b11011000 $
b11011000 %
1!
#2230
0!
#2235
0"
b11011001 %
b11011001 $
1!
#2240
0!
#2245
0"
b11011010 $
b11011010 %
1!
#2250
0!
#2255
0"
b11011011 %
b11011011 $
1!
#2260
0!
#2265
0"
b11011100 $
b11011100 %
1!
#2270
0!
#2275
0"
b11011101 %
b11011101 $
1!
#2280
0!
#2285
0"
b11011110 $
b11011110 %
1!
#2290
0!
#2295
0"
b11011111 %
b11011111 $
1!
#2300
0!
#2305
0"
b11100000 $
b11100000 %
1!
#2310
0!
#2315
0"
b11100001 %
b11100001 $
1!
#2320
0!
#2325
0"
b11100010 $
b11100010 %
1!
#2330
0!
#2335
0"
b11100011 %
b11100011 $
1!
#2340
0!
#2345
0"
b11100100 $
b11100100 %
1!
#2350
0!
#2355
0"
b11100101 %
b11100101 $
1!
#2360
0!
#2365
0"
b11100110 $
b11100110 %
1!
#2370
0!
#2375
0"
b11100111 %
b11100111 $
1!
#2380
0!
#2385
0"
b11101000 $
b11101000 %
1!
#2390
0!
#2395
0"
b11101001 %
b11101001 $
1!
#2400
0!
#2405
0"
b11101010 $
b11101010 %
1!
#2410
0!
#2415
0"
b11101011 %
b11101011 $
1!
#2420
0!
#2425
0"
b11101100 $
b11101100 %
1!
#2430
0!
#2435
0"
b11101101 %
b11101101 $
1!
#2440
0!
#2445
0"
b11101110 $
b11101110 %
1!
#2450
0!
#2455
0"
b11101111 %
b11101111 $
1!
#2460
0!
#2465
0"
b11110000 $
b11110000 %
1!
#2470
0!
#2475
0"
b11110001 %
b11110001 $
1!
#2480
0!
#2485
0"
b11110010 $
b11110010 %
1!
#2490
0!
#2495
0"
b11110011 %
b11110011 $
1!
#2500
0!
#2505
0"
b11110100 $
b11110100 %
1!
#2510
0!
#2515
0"
b11110101 %
b11110101 $
1!
#2520
0!
#2525
0"
b11110110 $
b11110110 %
1!
#2530
0!
#2535
0"
b11110111 %
b11110111 $
1!
#2540
0!
#2545
0"
b11111000 $
b11111000 %
1!
#2550
0!
#2555
0"
b11111001 %
b11111001 $
1!
#2560
0!
#2565
0"
b11111010 $
b11111010 %
1!
#2570
0!
#2575
0"
b11111011 %
b11111011 $
1!
#2580
0!
#2585
0"
b11111100 $
b11111100 %
1!
#2590
0!
#2595
0"
b11111101 %
b11111101 $
1!
#2600
0!
#2605
0"
b11111110 $
b11111110 %
1!
#2610
0!
#2615
0"
b11111111 %
b11111111 $
1!
#2620
0!
#2625
0"
b100000000 $
b100000000 %
1!
#2630
0!
#2635
0"
b100000001 %
b100000001 $
1!
#2640
0!
#2645
0"
b100000010 $
b100000010 %
1!
#2650
0!
#2655
0"
b100000011 %
b100000011 $
1!
#2660
0!
#2665
0"
b100000100 $
b100000100 %
1!
#2670
0!
#2675
0"
b100000101 %
b100000101 $
1!
#2680
0!
#2685
0"
b100000110 $
b100000110 %
1!
#2690
0!
#2695
0"
b100000111 %
b100000111 $
1!
#2700
0!
#2705
0"
b100001000 $
b100001000 %
1!
#2710
0!
#2715
0"
b100001001 %
b100001001 $
1!
#2720
0!
#2725
0"
b100001010 $
b100001010 %
1!
#2730
0!
#2735
0"
b100001011 %
b100001011 $
1!
#2740
0!
#2745
0"
b100001100 $
b100001100 %
1!
#2750
0!
#2755
0"
b100001101 %
b100001101 $
1!
#2760
0!
#2765
0"
b100001110 $
b100001110 %
1!
#2770
0!
#2775
0"
b100001111 %
b100001111 $
1!
#2780
0!
#2785
0"
b100010000 $
b100010000 %
1!
#2790
0!
#2795
0"
b100010001 %
b100010001 $
1!
#2800
0!
#2805
0"
b100010010 $
b100010010 %
1!
#2810
0!
#2815
0"
b100010011 %
b100010011 $
1!
#2820
0!
#2825
0"
b100010100 $
b100010100 %
1!
#2830
0!
#2835
0"
b100010101 %
b100010101 $
1!
#2840
0!
#2845
0"
b100010110 $
b100010110 %
1!
#2850
0!
#2855
0"
b100010111 %
b100010111 $
1!
#2860
0!
#2865
0"
b100011000 $
b100011000 %
1!
#2870
0!
#2875
0"
b100011001 %
b100011001 $
1!
#2880
0!
#2885
0"
b100011010 $
b100011010 %
1!
#2890
0!
#2895
0"
b100011011 %
b100011011 $
1!
#2900
0!
#2905
0"
b100011100 $
b100011100 %
1!
#2910
0!
#2915
0"
b100011101 %
b100011101 $
1!
#2920
0!
#2925
0"
b100011110 $
b100011110 %
1!
#2930
0!
#2935
0"
b100011111 %
b100011111 $
1!
#2940
0!
#2945
0"
b100100000 $
b100100000 %
1!
#2950
0!
#2955
0"
b100100001 %
b100100001 $
1!
#2960
0!
#2965
0"
b100100010 $
b100100010 %
1!
#2970
0!
#2975
0"
b100100011 %
b100100011 $
1!
#2980
0!
#2985
0"
b100100100 $
b100100100 %
1!
#2990
0!
#2995
0"
b100100101 %
b100100101 $
1!
#3000
0!
#3005
0"
b100100110 $
b100100110 %
1!
#3010
0!
#3015
0"
b100100111 %
b100100111 $
1!
#3020
0!
#3025
0"
b100101000 $
b100101000 %
1!
#3030
0!
#3035
0"
b100101001 %
b100101001 $
1!
#3040
0!
#3045
0"
b100101010 $
b100101010 %
1!
#3050
0!
#3055
0"
b100101011 %
b100101011 $
1!
#3060
0!
#3065
0"
b100101100 $
b100101100 %
1!
#3070
0!
#3075
0"
b100101101 %
b100101101 $
1!
#3080
0!
#3085
0"
b100101110 $
b100101110 %
1!
#3090
0!
#3095
0"
b100101111 %
b100101111 $
1!
#3100
0!
#3105
0"
b100110000 $
b100110000 %
1!
#3110
0!
#3115
0"
b100110001 %
b100110001 $
1!
#3120
0!
#3125
0"
b100110010 $
b100110010 %
1!
#3130
0!
#3135
0"
b100110011 %
b100110011 $
1!
#3140
0!
#3145
0"
b100110100 $
b100110100 %
1!
#3150
0!
#3155
0"
b100110101 %
b100110101 $
1!
#3160
0!
#3165
0"
b100110110 $
b100110110 %
1!
#3170
0!
#3175
0"
b100110111 %
b100110111 $
1!
#3180
0!
#3185
0"
b100111000 $
b100111000 %
1!
#3190
0!
#3195
0"
b100111001 %
b100111001 $
1!
#3200
0!
#3205
0"
b100111010 $
b100111010 %
1!
#3210
0!
#3215
0"
b100111011 %
b100111011 $
1!
#3220
0!
#3225
0"
b100111100 $
b100111100 %
1!
#3230
0!
#3235
0"
b100111101 %
b100111101 $
1!
#3240
0!
#3245
0"
b100111110 $
b100111110 %
1!
#3250
0!
#3255
0"
b100111111 %
b100111111 $
1!
#3260
0!
#3265
0"
b101000000 $
b101000000 %
1!
#3270
0!
#3275
0"
b101000001 %
b101000001 $
1!
#3280
0!
#3285
0"
b101000010 $
b101000010 %
1!
#3290
0!
#3295
0"
b101000011 %
b101000011 $
1!
#3300
0!
#3305
0"
b101000100 $
b101000100 %
1!
#3310
0!
#3315
0"
b101000101 %
b101000101 $
1!
#3320
0!
#3325
0"
b101000110 $
b101000110 %
1!
#3330
0!
#3335
0"
b101000111 %
b101000111 $
1!
#3340
0!
#3345
0"
b101001000 $
b101001000 %
1!
#3350
0!
#3355
0"
b101001001 %
b101001001 $
1!
#3360
0!
#3365
0"
b101001010 $
b101001010 %
1!
#3370
0!
#3375
0"
b101001011 %
b101001011 $
1!
#3380
0!
#3385
0"
b101001100 $
b101001100 %
1!
#3390
0!
#3395
0"
b101001101 %
b101001101 $
1!
#3400
0!
#3405
0"
b101001110 $
b101001110 %
1!
#3410
0!
#3415
0"
b101001111 %
b101001111 $
1!
#3420
0!
#3425
0"
b101010000 $
b101010000 %
1!
#3430
0!
#3435
0"
b101010001 %
b101010001 $
1!
#3440
0!
#3445
0"
b101010010 $
b101010010 %
1!
#3450
0!
#3455
0"
b101010011 %
b101010011 $
1!
#3460
0!
#3465
0"
b101010100 $
b101010100 %
1!
#3470
0!
#3475
0"
b101010101 %
b101010101 $
1!
#3480
0!
#3485
0"
b101010110 $
b101010110 %
1!
#3490
0!
#3495
0"
b101010111 %
b101010111 $
1!
#3500
0!
#3505
0"
b101011000 $
b101011000 %
1!
#3510
0!
#3515
0"
b101011001 %
b101011001 $
1!
#3520
0!
#3525
0"
b101011010 $
b101011010 %
1!
#3530
0!
#3535
0"
b101011011 %
b101011011 $
1!
#3540
0!
#3545
0"
b101011100 $
b101011100 %
1!
#3550
0!
#3555
0"
b101011101 %
b101011101 $
1!
#3560
0!
#3565
0"
b101011110 $
b101011110 %
1!
#3570
0!
#3575
0"
b101011111 %
b101011111 $
1!
#3580
0!
#3585
0"
b101100000 $
b101100000 %
1!
#3590
0!
#3595
0"
b101100001 %
b101100001 $
1!
#3600
0!
#3605
0"
b101100010 $
b101100010 %
1!
#3610
0!
#3615
0"
b101100011 %
b101100011 $
1!
#3620
0!
#3625
0"
b101100100 $
b101100100 %
1!
#3630
0!
#3635
0"
b101100101 %
b101100101 $
1!
#3640
0!
#3645
0"
b101100110 $
b101100110 %
1!
#3650
0!
#3655
0"
b101100111 %
b101100111 $
1!
#3660
0!
#3665
0"
b101101000 $
b101101000 %
1!
#3670
0!
#3675
0"
b101101001 %
b101101001 $
1!
#3680
0!
#3685
0"
b101101010 $
b101101010 %
1!
#3690
0!
#3695
0"
b101101011 %
b101101011 $
1!
#3700
0!
#3705
0"
b101101100 $
b101101100 %
1!
#3710
0!
#3715
0"
b101101101 %
b101101101 $
1!
#3720
0!
#3725
0"
b101101110 $
b101101110 %
1!
#3730
0!
#3735
0"
b101101111 %
b101101111 $
1!
#3740
0!
#3745
0"
b101110000 $
b101110000 %
1!
#3750
0!
#3755
0"
b101110001 %
b101110001 $
1!
#3760
0!
#3765
0"
b101110010 $
b101110010 %
1!
#3770
0!
#3775
0"
b101110011 %
b101110011 $
1!
#3780
0!
#3785
0"
b101110100 $
b101110100 %
1!
#3790
0!
#3795
0"
b101110101 %
b101110101 $
1!
#3800
0!
#3805
0"
b101110110 $
b101110110 %
1!
#3810
0!
#3815
0"
b101110111 %
b101110111 $
1!
#3820
0!
#3825
0"
b101111000 $
b101111000 %
1!
#3830
0!
#3835
0"
b101111001 %
b101111001 $
1!
#3840
0!
#3845
0"
b101111010 $
b101111010 %
1!
#3850
0!
#3855
0"
b101111011 %
b101111011 $
1!
#3860
0!
#3865
0"
b101111100 $
b101111100 %
1!
#3870
0!
#3875
0"
b101111101 %
b101111101 $
1!
#3880
0!
#3885
0"
b101111110 $
b101111110 %
1!
#3890
0!
#3895
0"
b101111111 %
b101111111 $
1!
#3900
0!
#3905
0"
b110000000 $
b110000000 %
1!
#3910
0!
#3915
0"
b110000001 %
b110000001 $
1!
#3920
0!
#3925
0"
b110000010 $
b110000010 %
1!
#3930
0!
#3935
0"
b110000011 %
b110000011 $
1!
#3940
0!
#3945
0"
b110000100 $
b110000100 %
1!
#3950
0!
#3955
0"
b110000101 %
b110000101 $
1!
#3960
0!
#3965
0"
b110000110 $
b110000110 %
1!
#3970
0!
#3975
0"
b110000111 %
b110000111 $
1!
#3980
0!
#3985
0"
b110001000 $
b110001000 %
1!
#3990
0!
#3995
0"
b110001001 %
b110001001 $
1!
#4000
0!
#4005
0"
b110001010 $
b110001010 %
1!
#4010
0!
#4015
0"
b110001011 %
b110001011 $
1!
#4020
0!
#4025
0"
b110001100 $
b110001100 %
1!
#4030
0!
#4035
0"
b110001101 %
b110001101 $
1!
#4040
0!
#4045
0"
b110001110 $
b110001110 %
1!
#4050
0!
#4055
0"
b110001111 %
b110001111 $
1!
#4060
0!
#4065
0"
b110010000 $
b110010000 %
1!
#4070
0!
#4075
0"
b110010001 %
b110010001 $
1!
#4080
0!
#4085
0"
b110010010 $
b110010010 %
1!
#4090
0!
#4095
0"
b110010011 %
b110010011 $
1!
#4100
0!
#4105
0"
b110010100 $
b110010100 %
1!
#4110
0!
#4115
0"
b110010101 %
b110010101 $
1!
#4120
0!
#4125
0"
b110010110 $
b110010110 %
1!
#4130
0!
#4135
0"
b110010111 %
b110010111 $
1!
#4140
0!
#4145
0"
b110011000 $
b110011000 %
1!
#4150
0!
#4155
0"
b110011001 %
b110011001 $
1!
#4160
0!
#4165
0"
b110011010 $
b110011010 %
1!
#4170
0!
#4175
0"
b110011011 %
b110011011 $
1!
#4180
0!
#4185
0"
b110011100 $
b110011100 %
1!
#4190
0!
#4195
0"
b110011101 %
b110011101 $
1!
#4200
0!
#4205
0"
b110011110 $
b110011110 %
1!
#4210
0!
#4215
0"
b110011111 %
b110011111 $
1!
#4220
0!
#4225
0"
b110100000 $
b110100000 %
1!
#4230
0!
#4235
0"
b110100001 %
b110100001 $
1!
#4240
0!
#4245
0"
b110100010 $
b110100010 %
1!
#4250
0!
#4255
0"
b110100011 %
b110100011 $
1!
#4260
0!
#4265
0"
b110100100 $
b110100100 %
1!
#4270
0!
#4275
0"
b110100101 %
b110100101 $
1!
#4280
0!
#4285
0"
b110100110 $
b110100110 %
1!
#4290
0!
#4295
0"
b110100111 %
b110100111 $
1!
#4300
0!
#4305
0"
b110101000 $
b110101000 %
1!
#4310
0!
#4315
0"
b110101001 %
b110101001 $
1!
#4320
0!
#4325
0"
b110101010 $
b110101010 %
1!
#4330
0!
#4335
0"
b110101011 %
b110101011 $
1!
#4340
0!
#4345
0"
b110101100 $
b110101100 %
1!
#4350
0!
#4355
0"
b110101101 %
b110101101 $
1!
#4360
0!
#4365
0"
b110101110 $
b110101110 %
1!
#4370
0!
#4375
0"
b110101111 %
b110101111 $
1!
#4380
0!
#4385
0"
b110110000 $
b110110000 %
1!
#4390
0!
#4395
0"
b110110001 %
b110110001 $
1!
#4400
0!
#4405
0"
b110110010 $
b110110010 %
1!
#4410
0!
#4415
0"
b110110011 %
b110110011 $
1!
#4420
0!
#4425
0"
b110110100 $
b110110100 %
1!
#4430
0!
#4435
0"
b110110101 %
b110110101 $
1!
#4440
0!
#4445
0"
b110110110 $
b110110110 %
1!
#4450
0!
#4455
0"
b110110111 %
b110110111 $
1!
#4460
0!
#4465
0"
b110111000 $
b110111000 %
1!
#4470
0!
#4475
0"
b110111001 %
b110111001 $
1!
#4480
0!
#4485
0"
b110111010 $
b110111010 %
1!
#4490
0!
#4495
0"
b110111011 %
b110111011 $
1!
#4500
0!
#4505
0"
b110111100 $
b110111100 %
1!
#4510
0!
#4515
0"
b110111101 %
b110111101 $
1!
#4520
0!
#4525
0"
b110111110 $
b110111110 %
1!
#4530
0!
#4535
0"
b110111111 %
b110111111 $
1!
#4540
0!
#4545
0"
b111000000 $
b111000000 %
1!
#4550
0!
#4555
0"
b111000001 %
b111000001 $
1!
#4560
0!
#4565
0"
b111000010 $
b111000010 %
1!
#4570
0!
#4575
0"
b111000011 %
b111000011 $
1!
#4580
0!
#4585
0"
b111000100 $
b111000100 %
1!
#4590
0!
#4595
0"
b111000101 %
b111000101 $
1!
#4600
0!
#4605
0"
b111000110 $
b111000110 %
1!
#4610
0!
#4615
0"
b111000111 %
b111000111 $
1!
#4620
0!
#4625
0"
b111001000 $
b111001000 %
1!
#4630
0!
#4635
0"
b111001001 %
b111001001 $
1!
#4640
0!
#4645
0"
b111001010 $
b111001010 %
1!
#4650
0!
#4655
0"
b111001011 %
b111001011 $
1!
#4660
0!
#4665
0"
b111001100 $
b111001100 %
1!
#4670
0!
#4675
0"
b111001101 %
b111001101 $
1!
#4680
0!
#4685
0"
b111001110 $
b111001110 %
1!
#4690
0!
#4695
0"
b111001111 %
b111001111 $
1!
#4700
0!
#4705
0"
b111010000 $
b111010000 %
1!
#4710
0!
#4715
0"
b111010001 %
b111010001 $
1!
#4720
0!
#4725
0"
b111010010 $
b111010010 %
1!
#4730
0!
#4735
0"
b111010011 %
b111010011 $
1!
#4740
0!
#4745
0"
b111010100 $
b111010100 %
1!
#4750
0!
#4755
0"
b111010101 %
b111010101 $
1!
#4760
0!
#4765
0"
b111010110 $
b111010110 %
1!
#4770
0!
#4775
0"
b111010111 %
b111010111 $
1!
#4780
0!
#4785
0"
b111011000 $
b111011000 %
1!
#4790
0!
#4795
0"
b111011001 %
b111011001 $
1!
#4800
0!
#4805
0"
b111011010 $
b111011010 %
1!
#4810
0!
#4815
0"
b111011011 %
b111011011 $
1!
#4820
0!
#4825
0"
b111011100 $
b111011100 %
1!
#4830
0!
#4835
0"
b111011101 %
b111011101 $
1!
#4840
0!
#4845
0"
b111011110 $
b111011110 %
1!
#4850
0!
#4855
0"
b111011111 %
b111011111 $
1!
#4860
0!
#4865
0"
b111100000 $
b111100000 %
1!
#4870
0!
#4875
0"
b111100001 %
b111100001 $
1!
#4880
0!
#4885
0"
b111100010 $
b111100010 %
1!
#4890
0!
#4895
0"
b111100011 %
b111100011 $
1!
#4900
0!
#4905
0"
b111100100 $
b111100100 %
1!
#4910
0!
#4915
0"
b111100101 %
b111100101 $
1!
#4920
0!
#4925
0"
b111100110 $
b111100110 %
1!
#4930
0!
#4935
0"
b111100111 %
b111100111 $
1!
#4940
0!
#4945
0"
b111101000 $
b111101000 %
1!
#4950
0!
#4955
0"
b111101001 %
b111101001 $
1!
#4960
0!
#4965
0"
b111101010 $
b111101010 %
1!
#4970
0!
#4975
0"
b111101011 %
b111101011 $
1!
#4980
0!
#4985
0"
b111101100 $
b111101100 %
1!
#4990
0!
#4995
0"
b111101101 %
b111101101 $
1!
#5000
0!
#5005
0"
b111101110 $
b111101110 %
1!
#5010
0!
#5015
0"
b111101111 %
b111101111 $
1!
#5020
0!
#5025
0"
b111110000 $
b111110000 %
1!
#5030
0!
#5035
0"
b111110001 %
b111110001 $
1!
#5040
0!
#5045
0"
b111110010 $
b111110010 %
1!
#5050
0!
#5055
0"
b111110011 %
b111110011 $
1!
#5060
0!
#5065
0"
b111110100 $
b111110100 %
1!
#5070
0!
#5075
0"
b111110101 %
b111110101 $
1!
#5080
0!
#5085
0"
b111110110 $
b111110110 %
1!
#5090
0!
#5095
0"
b111110111 %
b111110111 $
1!
#5100
0!
#5105
0"
b111111000 $
b111111000 %
1!
#5110
0!
#5115
0"
b111111001 %
b111111001 $
1!
#5120
0!
#5125
0"
b111111010 $
b111111010 %
1!
#5130
0!
#5135
0"
b111111011 %
b111111011 $
1!
#5140
0!
#5145
0"
b111111100 $
b111111100 %
1!
#5150
0!
#5155
0"
b111111101 %
b111111101 $
1!
#5160
0!
#5165
0"
b111111110 $
b111111110 %
1!
#5170
0!
#5175
0"
b111111111 %
b111111111 $
1!
#5180
0!
#5185
0"
b1000000000 $
b1000000000 %
1!
#5190
0!
#5195
0"
b1000000001 %
b1000000001 $
1!
#5200
0!
#5205
0"
b1000000010 $
b1000000010 %
1!
#5210
0!
#5215
0"
b1000000011 %
b1000000011 $
1!
#5220
0!
#5225
0"
b1000000100 $
b1000000100 %
1!
#5230
0!
#5235
0"
b1000000101 %
b1000000101 $
1!
#5240
0!
#5245
0"
b1000000110 $
b1000000110 %
1!
#5250
0!
#5255
0"
b1000000111 %
b1000000111 $
1!
#5260
0!
#5265
0"
b1000001000 $
b1000001000 %
1!
#5270
0!
#5275
0"
b1000001001 %
b1000001001 $
1!
#5280
0!
#5285
0"
b1000001010 $
b1000001010 %
1!
#5290
0!
#5295
0"
b1000001011 %
b1000001011 $
1!
#5300
0!
#5305
0"
b1000001100 $
b1000001100 %
1!
#5310
0!
#5315
0"
b1000001101 %
b1000001101 $
1!
#5320
0!
#5325
0"
b1000001110 $
b1000001110 %
1!
#5330
0!
#5335
0"
b1000001111 %
b1000001111 $
1!
#5340
0!
#5345
0"
b1000010000 $
b1000010000 %
1!
#5350
0!
#5355
0"
b1000010001 %
b1000010001 $
1!
#5360
0!
#5365
0"
b1000010010 $
b1000010010 %
1!
#5370
0!
#5375
0"
b1000010011 %
b1000010011 $
1!
#5380
0!
#5385
0"
b1000010100 $
b1000010100 %
1!
#5390
0!
#5395
0"
b1000010101 %
b1000010101 $
1!
#5400
0!
#5405
0"
b1000010110 $
b1000010110 %
1!
#5410
0!
#5415
0"
b1000010111 %
b1000010111 $
1!
#5420
0!
#5425
0"
b1000011000 $
b1000011000 %
1!
#5430
0!
#5435
0"
b1000011001 %
b1000011001 $
1!
#5440
0!
#5445
0"
b1000011010 $
b1000011010 %
1!
#5450
0!
#5455
0"
b1000011011 %
b1000011011 $
1!
#5460
0!
#5465
0"
b1000011100 $
b1000011100 %
1!
#5470
0!
#5475
0"
b1000011101 %
b1000011101 $
1!
#5480
0!
#5485
0"
b1000011110 $
b1000011110 %
1!
#5490
0!
#5495
0"
b1000011111 %
b1000011111 $
1!
#5500
0!
#5505
0"
b1000100000 $
b1000100000 %
1!
#5510
0!
#5515
0"
b1000100001 %
b1000100001 $
1!
#5520
0!
#5525
0"
b1000100010 $
b1000100010 %
1!
#5530
0!
#5535
0"
b1000100011 %
b1000100011 $
1!
#5540
0!
#5545
0"
b1000100100 $
b1000100100 %
1!
#5550
0!
#5555
0"
b1000100101 %
b1000100101 $
1!
#5560
0!
#5565
0"
b1000100110 $
b1000100110 %
1!
#5570
0!
#5575
0"
b1000100111 %
b1000100111 $
1!
#5580
0!
#5585
0"
b1000101000 $
b1000101000 %
1!
#5590
0!
#5595
0"
b1000101001 %
b1000101001 $
1!
#5600
0!
#5605
0"
b1000101010 $
b1000101010 %
1!
#5610
0!
#5615
0"
b1000101011 %
b1000101011 $
1!
#5620
0!
#5625
0"
b1000101100 $
b1000101100 %
1!
#5630
0!
#5635
0"
b1000101101 %
b1000101101 $
1!
#5640
0!
#5645
0"
b1000101110 $
b1000101110 %
1!
#5650
0!
#5655
0"
b1000101111 %
b1000101111 $
1!
#5660
0!
#5665
0"
b1000110000 $
b1000110000 %
1!
#5670
0!
#5675
0"
b1000110001 %
b1000110001 $
1!
#5680
0!
#5685
0"
b1000110010 $
b1000110010 %
1!
#5690
0!
#5695
0"
b1000110011 %
b1000110011 $
1!
#5700
0!
#5705
0"
b1000110100 $
b1000110100 %
1!
#5710
0!
#5715
0"
b1000110101 %
b1000110101 $
1!
#5720
0!
#5725
0"
b1000110110 $
b1000110110 %
1!
#5730
0!
#5735
0"
b1000110111 %
b1000110111 $
1!
#5740
0!
#5745
0"
b1000111000 $
b1000111000 %
1!
#5750
0!
#5755
0"
b1000111001 %
b1000111001 $
1!
#5760
0!
#5765
0"
b1000111010 $
b1000111010 %
1!
#5770
0!
#5775
0"
b1000111011 %
b1000111011 $
1!
#5780
0!
#5785
0"
b1000111100 $
b1000111100 %
1!
#5790
0!
#5795
0"
b1000111101 %
b1000111101 $
1!
#5800
0!
#5805
0"
b1000111110 $
b1000111110 %
1!
#5810
0!
#5815
0"
b1000111111 %
b1000111111 $
1!
#5820
0!
#5825
0"
b1001000000 $
b1001000000 %
1!
#5830
0!
#5835
0"
b1001000001 %
b1001000001 $
1!
#5840
0!
#5845
0"
b1001000010 $
b1001000010 %
1!
#5850
0!
#5855
0"
b1001000011 %
b1001000011 $
1!
#5860
0!
#5865
0"
b1001000100 $
b1001000100 %
1!
#5870
0!
#5875
0"
b1001000101 %
b1001000101 $
1!
#5880
0!
#5885
0"
b1001000110 $
b1001000110 %
1!
#5890
0!
#5895
0"
b1001000111 %
b1001000111 $
1!
#5900
0!
#5905
0"
b1001001000 $
b1001001000 %
1!
#5910
0!
#5915
0"
b1001001001 %
b1001001001 $
1!
#5920
0!
#5925
0"
b1001001010 $
b1001001010 %
1!
#5930
0!
#5935
0"
b1001001011 %
b1001001011 $
1!
#5940
0!
#5945
0"
b1001001100 $
b1001001100 %
1!
#5950
0!
#5955
0"
b1001001101 %
b1001001101 $
1!
#5960
0!
#5965
0"
b1001001110 $
b1001001110 %
1!
#5970
0!
#5975
0"
b1001001111 %
b1001001111 $
1!
#5980
0!
#5985
0"
b1001010000 $
b1001010000 %
1!
#5990
0!
#5995
0"
b1001010001 %
b1001010001 $
1!
#6000
0!
#6005
0"
b1001010010 $
b1001010010 %
1!
#6010
0!
#6015
0"
b1001010011 %
b1001010011 $
1!
#6020
0!
#6025
0"
b1001010100 $
b1001010100 %
1!
#6030
0!
#6035
0"
b1001010101 %
b1001010101 $
1!
#6040
0!
#6045
0"
b1001010110 $
b1001010110 %
1!
#6050
0!
#6055
0"
b1001010111 %
b1001010111 $
1!
#6060
0!
#6065
0"
b1001011000 $
b1001011000 %
1!
#6070
0!
#6075
0"
b1001011001 %
b1001011001 $
1!
#6080
0!
#6085
0"
b1001011010 $
b1001011010 %
1!
#6090
0!
#6095
0"
b1001011011 %
b1001011011 $
1!
#6100
0!
#6105
0"
b1001011100 $
b1001011100 %
1!
#6110
0!
#6115
0"
b1001011101 %
b1001011101 $
1!
#6120
0!
#6125
0"
b1001011110 $
b1001011110 %
1!
#6130
0!
#6135
0"
b1001011111 %
b1001011111 $
1!
#6140
0!
#6145
0"
b1001100000 $
b1001100000 %
1!
#6150
0!
#6155
0"
b1001100001 %
b1001100001 $
1!
#6160
0!
#6165
0"
b1001100010 $
b1001100010 %
1!
#6170
0!
#6175
0"
b1001100011 %
b1001100011 $
1!
#6180
0!
#6185
0"
b1001100100 $
b1001100100 %
1!
#6190
0!
#6195
0"
b1001100101 %
b1001100101 $
1!
#6200
0!
#6205
0"
b1001100110 $
b1001100110 %
1!
#6210
0!
#6215
0"
b1001100111 %
b1001100111 $
1!
#6220
0!
#6225
0"
b1001101000 $
b1001101000 %
1!
#6230
0!
#6235
0"
b1001101001 %
b1001101001 $
1!
#6240
0!
#6245
0"
b1001101010 $
b1001101010 %
1!
#6250
0!
#6255
0"
b1001101011 %
b1001101011 $
1!
#6260
0!
#6265
0"
b1001101100 $
b1001101100 %
1!
#6270
0!
#6275
0"
b1001101101 %
b1001101101 $
1!
#6280
0!
#6285
0"
b1001101110 $
b1001101110 %
1!
#6290
0!
#6295
0"
b1001101111 %
b1001101111 $
1!
#6300
0!
#6305
0"
b1001110000 $
b1001110000 %
1!
#6310
0!
#6315
0"
b1001110001 %
b1001110001 $
1!
#6320
0!
#6325
0"
b1001110010 $
b1001110010 %
1!
#6330
0!
#6335
0"
b1001110011 %
b1001110011 $
1!
#6340
0!
#6345
0"
b1001110100 $
b1001110100 %
1!
#6350
0!
#6355
0"
b1001110101 %
b1001110101 $
1!
#6360
0!
#6365
0"
b1001110110 $
b1001110110 %
1!
#6370
0!
#6375
0"
b1001110111 %
b1001110111 $
1!
#6380
0!
#6385
0"
b1001111000 $
b1001111000 %
1!
#6390
0!
#6395
0"
b1001111001 %
b1001111001 $
1!
#6400
0!
#6405
0"
b1001111010 $
b1001111010 %
1!
#6410
0!
#6415
0"
b1001111011 %
b1001111011 $
1!
#6420
0!
#6425
0"
b1001111100 $
b1001111100 %
1!
#6430
0!
#6435
0"
b1001111101 %
b1001111101 $
1!
#6440
0!
#6445
0"
b1001111110 $
b1001111110 %
1!
#6450
0!
#6455
0"
b1001111111 %
b1001111111 $
1!
#6460
0!
#6465
0"
b1010000000 $
b1010000000 %
1!
#6470
0!
#6475
0"
b1010000001 %
b1010000001 $
1!
#6480
0!
#6485
0"
b1010000010 $
b1010000010 %
1!
#6490
0!
#6495
0"
b1010000011 %
b1010000011 $
1!
#6500
0!
#6505
0"
b1010000100 $
b1010000100 %
1!
#6510
0!
#6515
0"
b1010000101 %
b1010000101 $
1!
#6520
0!
#6525
0"
b1010000110 $
b1010000110 %
1!
#6530
0!
#6535
0"
b1010000111 %
b1010000111 $
1!
#6540
0!
#6545
0"
b1010001000 $
b1010001000 %
1!
#6550
0!
#6555
0"
b1010001001 %
b1010001001 $
1!
#6560
0!
#6565
0"
b1010001010 $
b1010001010 %
1!
#6570
0!
#6575
0"
b1010001011 %
b1010001011 $
1!
#6580
0!
#6585
0"
b1010001100 $
b1010001100 %
1!
#6590
0!
#6595
0"
b1010001101 %
b1010001101 $
1!
#6600
0!
#6605
0"
b1010001110 $
b1010001110 %
1!
#6610
0!
#6615
0"
b1010001111 %
b1010001111 $
1!
#6620
0!
#6625
0"
b1010010000 $
b1010010000 %
1!
#6630
0!
#6635
0"
b1010010001 %
b1010010001 $
1!
#6640
0!
#6645
0"
b1010010010 $
b1010010010 %
1!
#6650
0!
#6655
0"
b1010010011 %
b1010010011 $
1!
#6660
0!
#6665
0"
b1010010100 $
b1010010100 %
1!
#6670
0!
#6675
0"
b1010010101 %
b1010010101 $
1!
#6680
0!
#6685
0"
b1010010110 $
b1010010110 %
1!
#6690
0!
#6695
0"
b1010010111 %
b1010010111 $
1!
#6700
0!
#6705
0"
b1010011000 $
b1010011000 %
1!
#6710
0!
#6715
0"
b1010011001 %
b1010011001 $
1!
#6720
0!
#6725
0"
b1010011010 $
b1010011010 %
1!
#6730
0!
#6735
0"
b1010011011 %
b1010011011 $
1!
#6740
0!
#6745
0"
b1010011100 $
b1010011100 %
1!
#6750
0!
#6755
0"
b1010011101 %
b1010011101 $
1!
#6760
0!
#6765
0"
b1010011110 $
b1010011110 %
1!
#6770
0!
#6775
0"
b1010011111 %
b1010011111 $
1!
#6780
0!
#6785
0"
b1010100000 $
b1010100000 %
1!
#6790
0!
#6795
0"
b1010100001 %
b1010100001 $
1!
#6800
0!
#6805
0"
b1010100010 $
b1010100010 %
1!
#6810
0!
#6815
0"
b1010100011 %
b1010100011 $
1!
#6820
0!
#6825
0"
b1010100100 $
b1010100100 %
1!
#6830
0!
#6835
0"
b1010100101 %
b1010100101 $
1!
#6840
0!
#6845
0"
b1010100110 $
b1010100110 %
1!
#6850
0!
#6855
0"
b1010100111 %
b1010100111 $
1!
#6860
0!
#6865
0"
b1010101000 $
b1010101000 %
1!
#6870
0!
#6875
0"
b1010101001 %
b1010101001 $
1!
#6880
0!
#6885
0"
b1010101010 $
b1010101010 %
1!
#6890
0!
#6895
0"
b1010101011 %
b1010101011 $
1!
#6900
0!
#6905
0"
b1010101100 $
b1010101100 %
1!
#6910
0!
#6915
0"
b1010101101 %
b1010101101 $
1!
#6920
0!
#6925
0"
b1010101110 $
b1010101110 %
1!
#6930
0!
#6935
0"
b1010101111 %
b1010101111 $
1!
#6940
0!
#6945
0"
b1010110000 $
b1010110000 %
1!
#6950
0!
#6955
0"
b1010110001 %
b1010110001 $
1!
#6960
0!
#6965
0"
b1010110010 $
b1010110010 %
1!
#6970
0!
#6975
0"
b1010110011 %
b1010110011 $
1!
#6980
0!
#6985
0"
b1010110100 $
b1010110100 %
1!
#6990
0!
#6995
0"
b1010110101 %
b1010110101 $
1!
#7000
0!
#7005
0"
b1010110110 $
b1010110110 %
1!
#7010
0!
#7015
0"
b1010110111 %
b1010110111 $
1!
#7020
0!
#7025
0"
b1010111000 $
b1010111000 %
1!
#7030
0!
#7035
0"
b1010111001 %
b1010111001 $
1!
#7040
0!
#7045
0"
b1010111010 $
b1010111010 %
1!
#7050
0!
#7055
0"
b1010111011 %
b1010111011 $
1!
#7060
0!
#7065
0"
b1010111100 $
b1010111100 %
1!
#7070
0!
#7075
0"
b1010111101 %
b1010111101 $
1!
#7080
0!
#7085
0"
b1010111110 $
b1010111110 %
1!
#7090
0!
#7095
0"
b1010111111 %
b1010111111 $
1!
#7100
0!
#7105
0"
b1011000000 $
b1011000000 %
1!
#7110
0!
#7115
0"
b1011000001 %
b1011000001 $
1!
#7120
0!
#7125
0"
b1011000010 $
b1011000010 %
1!
#7130
0!
#7135
0"
b1011000011 %
b1011000011 $
1!
#7140
0!
#7145
0"
b1011000100 $
b1011000100 %
1!
#7150
0!
#7155
0"
b1011000101 %
b1011000101 $
1!
#7160
0!
#7165
0"
b1011000110 $
b1011000110 %
1!
#7170
0!
#7175
0"
b1011000111 %
b1011000111 $
1!
#7180
0!
#7185
0"
b1011001000 $
b1011001000 %
1!
#7190
0!
#7195
0"
b1011001001 %
b1011001001 $
1!
#7200
0!
#7205
0"
b1011001010 $
b1011001010 %
1!
#7210
0!
#7215
0"
b1011001011 %
b1011001011 $
1!
#7220
0!
#7225
0"
b1011001100 $
b1011001100 %
1!
#7230
0!
#7235
0"
b1011001101 %
b1011001101 $
1!
#7240
0!
#7245
0"
b1011001110 $
b1011001110 %
1!
#7250
0!
#7255
0"
b1011001111 %
b1011001111 $
1!
#7260
0!
#7265
0"
b1011010000 $
b1011010000 %
1!
#7270
0!
#7275
0"
b1011010001 %
b1011010001 $
1!
#7280
0!
#7285
0"
b1011010010 $
b1011010010 %
1!
#7290
0!
#7295
0"
b1011010011 %
b1011010011 $
1!
#7300
0!
#7305
0"
b1011010100 $
b1011010100 %
1!
#7310
0!
#7315
0"
b1011010101 %
b1011010101 $
1!
#7320
0!
#7325
0"
b1011010110 $
b1011010110 %
1!
#7330
0!
#7335
0"
b1011010111 %
b1011010111 $
1!
#7340
0!
#7345
0"
b1011011000 $
b1011011000 %
1!
#7350
0!
#7355
0"
b1011011001 %
b1011011001 $
1!
#7360
0!
#7365
0"
b1011011010 $
b1011011010 %
1!
#7370
0!
#7375
0"
b1011011011 %
b1011011011 $
1!
#7380
0!
#7385
0"
b1011011100 $
b1011011100 %
1!
#7390
0!
#7395
0"
b1011011101 %
b1011011101 $
1!
#7400
0!
#7405
0"
b1011011110 $
b1011011110 %
1!
#7410
0!
#7415
0"
b1011011111 %
b1011011111 $
1!
#7420
0!
#7425
0"
b1011100000 $
b1011100000 %
1!
#7430
0!
#7435
0"
b1011100001 %
b1011100001 $
1!
#7440
0!
#7445
0"
b1011100010 $
b1011100010 %
1!
#7450
0!
#7455
0"
b1011100011 %
b1011100011 $
1!
#7460
0!
#7465
0"
b1011100100 $
b1011100100 %
1!
#7470
0!
#7475
0"
b1011100101 %
b1011100101 $
1!
#7480
0!
#7485
0"
b1011100110 $
b1011100110 %
1!
#7490
0!
#7495
0"
b1011100111 %
b1011100111 $
1!
#7500
0!
#7505
0"
b1011101000 $
b1011101000 %
1!
#7510
0!
#7515
0"
b1011101001 %
b1011101001 $
1!
#7520
0!
#7525
0"
b1011101010 $
b1011101010 %
1!
#7530
0!
#7535
0"
b1011101011 %
b1011101011 $
1!
#7540
0!
#7545
0"
b1011101100 $
b1011101100 %
1!
#7550
0!
#7555
0"
b1011101101 %
b1011101101 $
1!
#7560
0!
#7565
0"
b1011101110 $
b1011101110 %
1!
#7570
0!
#7575
0"
b1011101111 %
b1011101111 $
1!
#7580
0!
#7585
0"
b1011110000 $
b1011110000 %
1!
#7590
0!
#7595
0"
b1011110001 %
b1011110001 $
1!
#7600
0!
#7605
0"
b1011110010 $
b1011110010 %
1!
#7610
0!
#7615
0"
b1011110011 %
b1011110011 $
1!
#7620
0!
#7625
0"
b1011110100 $
b1011110100 %
1!
#7630
0!
#7635
0"
b1011110101 %
b1011110101 $
1!
#7640
0!
#7645
0"
b1011110110 $
b1011110110 %
1!
#7650
0!
#7655
0"
b1011110111 %
b1011110111 $
1!
#7660
0!
#7665
0"
b1011111000 $
b1011111000 %
1!
#7670
0!
#7675
0"
b1011111001 %
b1011111001 $
1!
#7680
0!
#7685
0"
b1011111010 $
b1011111010 %
1!
#7690
0!
#7695
0"
b1011111011 %
b1011111011 $
1!
#7700
0!
#7705
0"
b1011111100 $
b1011111100 %
1!
#7710
0!
#7715
0"
b1011111101 %
b1011111101 $
1!
#7720
0!
#7725
0"
b1011111110 $
b1011111110 %
1!
#7730
0!
#7735
0"
b1011111111 %
b1011111111 $
1!
#7740
0!
#7745
0"
b1100000000 $
b1100000000 %
1!
#7750
0!
#7755
0"
b1100000001 %
b1100000001 $
1!
#7760
0!
#7765
0"
b1100000010 $
b1100000010 %
1!
#7770
0!
#7775
0"
b1100000011 %
b1100000011 $
1!
#7780
0!
#7785
0"
b1100000100 $
b1100000100 %
1!
#7790
0!
#7795
0"
b1100000101 %
b1100000101 $
1!
#7800
0!
#7805
0"
b1100000110 $
b1100000110 %
1!
#7810
0!
#7815
0"
b1100000111 %
b1100000111 $
1!
#7820
0!
#7825
0"
b1100001000 $
b1100001000 %
1!
#7830
0!
#7835
0"
b1100001001 %
b1100001001 $
1!
#7840
0!
#7845
0"
b1100001010 $
b1100001010 %
1!
#7850
0!
#7855
0"
b1100001011 %
b1100001011 $
1!
#7860
0!
#7865
0"
b1100001100 $
b1100001100 %
1!
#7870
0!
#7875
0"
b1100001101 %
b1100001101 $
1!
#7880
0!
#7885
0"
b1100001110 $
b1100001110 %
1!
#7890
0!
#7895
0"
b1100001111 %
b1100001111 $
1!
#7900
0!
#7905
0"
b1100010000 $
b1100010000 %
1!
#7910
0!
#7915
0"
b1100010001 %
b1100010001 $
1!
#7920
0!
#7925
0"
b1100010010 $
b1100010010 %
1!
#7930
0!
#7935
0"
b1100010011 %
b1100010011 $
1!
#7940
0!
#7945
0"
b1100010100 $
b1100010100 %
1!
#7950
0!
#7955
0"
b1100010101 %
b1100010101 $
1!
#7960
0!
#7965
0"
b1100010110 $
b1100010110 %
1!
#7970
0!
#7975
0"
b1100010111 %
b1100010111 $
1!
#7980
0!
#7985
0"
b1100011000 $
b1100011000 %
1!
#7990
0!
#7995
0"
b1100011001 %
b1100011001 $
1!
#8000
0!
#8005
0"
b1100011010 $
b1100011010 %
1!
#8010
0!
#8015
0"
b1100011011 %
b1100011011 $
1!
#8020
0!
#8025
0"
b1100011100 $
b1100011100 %
1!
#8030
0!
#8035
0"
b1100011101 %
b1100011101 $
1!
#8040
0!
#8045
0"
b1100011110 $
b1100011110 %
1!
#8050
0!
#8055
0"
b1100011111 %
b1100011111 $
1!
#8060
0!
#8065
0"
b1100100000 $
b1100100000 %
1!
#8070
0!
#8075
0"
b1100100001 %
b1100100001 $
1!
#8080
0!
#8085
0"
b1100100010 $
b1100100010 %
1!
#8090
0!
#8095
0"
b1100100011 %
b1100100011 $
1!
#8100
0!
#8105
0"
b1100100100 $
b1100100100 %
1!
#8110
0!
#8115
0"
b1100100101 %
b1100100101 $
1!
#8120
0!
#8125
0"
b1100100110 $
b1100100110 %
1!
#8130
0!
#8135
0"
b1100100111 %
b1100100111 $
1!
#8140
0!
#8145
0"
b1100101000 $
b1100101000 %
1!
#8150
0!
#8155
0"
b1100101001 %
b1100101001 $
1!
#8160
0!
#8165
0"
b1100101010 $
b1100101010 %
1!
#8170
0!
#8175
0"
b1100101011 %
b1100101011 $
1!
#8180
0!
#8185
0"
b1100101100 $
b1100101100 %
1!
#8190
0!
#8195
0"
b1100101101 %
b1100101101 $
1!
#8200
0!
#8205
0"
b1100101110 $
b1100101110 %
1!
#8210
0!
#8215
0"
b1100101111 %
b1100101111 $
1!
#8220
0!
#8225
0"
b1100110000 $
b1100110000 %
1!
#8230
0!
#8235
0"
b1100110001 %
b1100110001 $
1!
#8240
0!
#8245
0"
b1100110010 $
b1100110010 %
1!
#8250
0!
#8255
0"
b1100110011 %
b1100110011 $
1!
#8260
0!
#8265
0"
b1100110100 $
b1100110100 %
1!
#8270
0!
#8275
0"
b1100110101 %
b1100110101 $
1!
#8280
0!
#8285
0"
b1100110110 $
b1100110110 %
1!
#8290
0!
#8295
0"
b1100110111 %
b1100110111 $
1!
#8300
0!
#8305
0"
b1100111000 $
b1100111000 %
1!
#8310
0!
#8315
0"
b1100111001 %
b1100111001 $
1!
#8320
0!
#8325
0"
b1100111010 $
b1100111010 %
1!
#8330
0!
#8335
0"
b1100111011 %
b1100111011 $
1!
#8340
0!
#8345
0"
b1100111100 $
b1100111100 %
1!
#8350
0!
#8355
0"
b1100111101 %
b1100111101 $
1!
#8360
0!
#8365
0"
b1100111110 $
b1100111110 %
1!
#8370
0!
#8375
0"
b1100111111 %
b1100111111 $
1!
#8380
0!
#8385
0"
b1101000000 $
b1101000000 %
1!
#8390
0!
#8395
0"
b1101000001 %
b1101000001 $
1!
#8400
0!
#8405
0"
b1101000010 $
b1101000010 %
1!
#8410
0!
#8415
0"
b1101000011 %
b1101000011 $
1!
#8420
0!
#8425
0"
b1101000100 $
b1101000100 %
1!
#8430
0!
#8435
0"
b1101000101 %
b1101000101 $
1!
#8440
0!
#8445
0"
b1101000110 $
b1101000110 %
1!
#8450
0!
#8455
0"
b1101000111 %
b1101000111 $
1!
#8460
0!
#8465
0"
b1101001000 $
b1101001000 %
1!
#8470
0!
#8475
0"
b1101001001 %
b1101001001 $
1!
#8480
0!
#8485
0"
b1101001010 $
b1101001010 %
1!
#8490
0!
#8495
0"
b1101001011 %
b1101001011 $
1!
#8500
0!
#8505
0"
b1101001100 $
b1101001100 %
1!
#8510
0!
#8515
0"
b1101001101 %
b1101001101 $
1!
#8520
0!
#8525
0"
b1101001110 $
b1101001110 %
1!
#8530
0!
#8535
0"
b1101001111 %
b1101001111 $
1!
#8540
0!
#8545
0"
b1101010000 $
b1101010000 %
1!
#8550
0!
#8555
0"
b1101010001 %
b1101010001 $
1!
#8560
0!
#8565
0"
b1101010010 $
b1101010010 %
1!
#8570
0!
#8575
0"
b1101010011 %
b1101010011 $
1!
#8580
0!
#8585
0"
b1101010100 $
b1101010100 %
1!
#8590
0!
#8595
0"
b1101010101 %
b1101010101 $
1!
#8600
0!
#8605
0"
b1101010110 $
b1101010110 %
1!
#8610
0!
#8615
0"
b1101010111 %
b1101010111 $
1!
#8620
0!
#8625
0"
b1101011000 $
b1101011000 %
1!
#8630
0!
#8635
0"
b1101011001 %
b1101011001 $
1!
#8640
0!
#8645
0"
b1101011010 $
b1101011010 %
1!
#8650
0!
#8655
0"
b1101011011 %
b1101011011 $
1!
#8660
0!
#8665
0"
b1101011100 $
b1101011100 %
1!
#8670
0!
#8675
0"
b1101011101 %
b1101011101 $
1!
#8680
0!
#8685
0"
b1101011110 $
b1101011110 %
1!
#8690
0!
#8695
0"
b1101011111 %
b1101011111 $
1!
#8700
0!
#8705
0"
b1101100000 $
b1101100000 %
1!
#8710
0!
#8715
0"
b1101100001 %
b1101100001 $
1!
#8720
0!
#8725
0"
b1101100010 $
b1101100010 %
1!
#8730
0!
#8735
0"
b1101100011 %
b1101100011 $
1!
#8740
0!
#8745
0"
b1101100100 $
b1101100100 %
1!
#8750
0!
#8755
0"
b1101100101 %
b1101100101 $
1!
#8760
0!
#8765
0"
b1101100110 $
b1101100110 %
1!
#8770
0!
#8775
0"
b1101100111 %
b1101100111 $
1!
#8780
0!
#8785
0"
b1101101000 $
b1101101000 %
1!
#8790
0!
#8795
0"
b1101101001 %
b1101101001 $
1!
#8800
0!
#8805
0"
b1101101010 $
b1101101010 %
1!
#8810
0!
#8815
0"
b1101101011 %
b1101101011 $
1!
#8820
0!
#8825
0"
b1101101100 $
b1101101100 %
1!
#8830
0!
#8835
0"
b1101101101 %
b1101101101 $
1!
#8840
0!
#8845
0"
b1101101110 $
b1101101110 %
1!
#8850
0!
#8855
0"
b1101101111 %
b1101101111 $
1!
#8860
0!
#8865
0"
b1101110000 $
b1101110000 %
1!
#8870
0!
#8875
0"
b1101110001 %
b1101110001 $
1!
#8880
0!
#8885
0"
b1101110010 $
b1101110010 %
1!
#8890
0!
#8895
0"
b1101110011 %
b1101110011 $
1!
#8900
0!
#8905
0"
b1101110100 $
b1101110100 %
1!
#8910
0!
#8915
0"
b1101110101 %
b1101110101 $
1!
#8920
0!
#8925
0"
b1101110110 $
b1101110110 %
1!
#8930
0!
#8935
0"
b1101110111 %
b1101110111 $
1!
#8940
0!
#8945
0"
b1101111000 $
b1101111000 %
1!
#8950
0!
#8955
0"
b1101111001 %
b1101111001 $
1!
#8960
0!
#8965
0"
b1101111010 $
b1101111010 %
1!
#8970
0!
#8975
0"
b1101111011 %
b1101111011 $
1!
#8980
0!
#8985
0"
b1101111100 $
b1101111100 %
1!
#8990
0!
#8995
0"
b1101111101 %
b1101111101 $
1!
#9000
0!
#9005
0"
b1101111110 $
b1101111110 %
1!
#9010
0!
#9015
0"
b1101111111 %
b1101111111 $
1!
#9020
0!
#9025
0"
b1110000000 $
b1110000000 %
1!
#9030
0!
#9035
0"
b1110000001 %
b1110000001 $
1!
#9040
0!
#9045
0"
b1110000010 $
b1110000010 %
1!
#9050
0!
#9055
0"
b1110000011 %
b1110000011 $
1!
#9060
0!
#9065
0"
b1110000100 $
b1110000100 %
1!
#9070
0!
#9075
0"
b1110000101 %
b1110000101 $
1!
#9080
0!
#9085
0"
b1110000110 $
b1110000110 %
1!
#9090
0!
#9095
0"
b1110000111 %
b1110000111 $
1!
#9100
0!
#9105
0"
b1110001000 $
b1110001000 %
1!
#9110
0!
#9115
0"
b1110001001 %
b1110001001 $
1!
#9120
0!
#9125
0"
b1110001010 $
b1110001010 %
1!
#9130
0!
#9135
0"
b1110001011 %
b1110001011 $
1!
#9140
0!
#9145
0"
b1110001100 $
b1110001100 %
1!
#9150
0!
#9155
0"
b1110001101 %
b1110001101 $
1!
#9160
0!
#9165
0"
b1110001110 $
b1110001110 %
1!
#9170
0!
#9175
0"
b1110001111 %
b1110001111 $
1!
#9180
0!
#9185
0"
b1110010000 $
b1110010000 %
1!
#9190
0!
#9195
0"
b1110010001 %
b1110010001 $
1!
#9200
0!
#9205
0"
b1110010010 $
b1110010010 %
1!
#9210
0!
#9215
0"
b1110010011 %
b1110010011 $
1!
#9220
0!
#9225
0"
b1110010100 $
b1110010100 %
1!
#9230
0!
#9235
0"
b1110010101 %
b1110010101 $
1!
#9240
0!
#9245
0"
b1110010110 $
b1110010110 %
1!
#9250
0!
#9255
0"
b1110010111 %
b1110010111 $
1!
#9260
0!
#9265
0"
b1110011000 $
b1110011000 %
1!
#9270
0!
#9275
0"
b1110011001 %
b1110011001 $
1!
#9280
0!
#9285
0"
b1110011010 $
b1110011010 %
1!
#9290
0!
#9295
0"
b1110011011 %
b1110011011 $
1!
#9300
0!
#9305
0"
b1110011100 $
b1110011100 %
1!
#9310
0!
#9315
0"
b1110011101 %
b1110011101 $
1!
#9320
0!
#9325
0"
b1110011110 $
b1110011110 %
1!
#9330
0!
#9335
0"
b1110011111 %
b1110011111 $
1!
#9340
0!
#9345
0"
b1110100000 $
b1110100000 %
1!
#9350
0!
#9355
0"
b1110100001 %
b1110100001 $
1!
#9360
0!
#9365
0"
b1110100010 $
b1110100010 %
1!
#9370
0!
#9375
0"
b1110100011 %
b1110100011 $
1!
#9380
0!
#9385
0"
b1110100100 $
b1110100100 %
1!
#9390
0!
#9395
0"
b1110100101 %
b1110100101 $
1!
#9400
0!
#9405
0"
b1110100110 $
b1110100110 %
1!
#9410
0!
#9415
0"
b1110100111 %
b1110100111 $
1!
#9420
0!
#9425
0"
b1110101000 $
b1110101000 %
1!
#9430
0!
#9435
0"
b1110101001 %
b1110101001 $
1!
#9440
0!
#9445
0"
b1110101010 $
b1110101010 %
1!
#9450
0!
#9455
0"
b1110101011 %
b1110101011 $
1!
#9460
0!
#9465
0"
b1110101100 $
b1110101100 %
1!
#9470
0!
#9475
0"
b1110101101 %
b1110101101 $
1!
#9480
0!
#9485
0"
b1110101110 $
b1110101110 %
1!
#9490
0!
#9495
0"
b1110101111 %
b1110101111 $
1!
#9500
0!
#9505
0"
b1110110000 $
b1110110000 %
1!
#9510
0!
#9515
0"
b1110110001 %
b1110110001 $
1!
#9520
0!
#9525
0"
b1110110010 $
b1110110010 %
1!
#9530
0!
#9535
0"
b1110110011 %
b1110110011 $
1!
#9540
0!
#9545
0"
b1110110100 $
b1110110100 %
1!
#9550
0!
#9555
0"
b1110110101 %
b1110110101 $
1!
#9560
0!
#9565
0"
b1110110110 $
b1110110110 %
1!
#9570
0!
#9575
0"
b1110110111 %
b1110110111 $
1!
#9580
0!
#9585
0"
b1110111000 $
b1110111000 %
1!
#9590
0!
#9595
0"
b1110111001 %
b1110111001 $
1!
#9600
0!
#9605
0"
b1110111010 $
b1110111010 %
1!
#9610
0!
#9615
0"
b1110111011 %
b1110111011 $
1!
#9620
0!
#9625
0"
b1110111100 $
b1110111100 %
1!
#9630
0!
#9635
0"
b1110111101 %
b1110111101 $
1!
#9640
0!
#9645
0"
b1110111110 $
b1110111110 %
1!
#9650
0!
#9655
0"
b1110111111 %
b1110111111 $
1!
#9660
0!
#9665
0"
b1111000000 $
b1111000000 %
1!
#9670
0!
#9675
0"
b1111000001 %
b1111000001 $
1!
#9680
0!
#9685
0"
b1111000010 $
b1111000010 %
1!
#9690
0!
#9695
0"
b1111000011 %
b1111000011 $
1!
#9700
0!
#9705
0"
b1111000100 $
b1111000100 %
1!
#9710
0!
#9715
0"
b1111000101 %
b1111000101 $
1!
#9720
0!
#9725
0"
b1111000110 $
b1111000110 %
1!
#9730
0!
#9735
0"
b1111000111 %
b1111000111 $
1!
#9740
0!
#9745
0"
b1111001000 $
b1111001000 %
1!
#9750
0!
#9755
0"
b1111001001 %
b1111001001 $
1!
#9760
0!
#9765
0"
b1111001010 $
b1111001010 %
1!
#9770
0!
#9775
0"
b1111001011 %
b1111001011 $
1!
#9780
0!
#9785
0"
b1111001100 $
b1111001100 %
1!
#9790
0!
#9795
0"
b1111001101 %
b1111001101 $
1!
#9800
0!
#9805
0"
b1111001110 $
b1111001110 %
1!
#9810
0!
#9815
0"
b1111001111 %
b1111001111 $
1!
#9820
0!
#9825
0"
b1111010000 $
b1111010000 %
1!
#9830
0!
#9835
0"
b1111010001 %
b1111010001 $
1!
#9840
0!
#9845
0"
b1111010010 $
b1111010010 %
1!
#9850
0!
#9855
0"
b1111010011 %
b1111010011 $
1!
#9860
0!
#9865
0"
b1111010100 $
b1111010100 %
1!
#9870
0!
#9875
0"
b1111010101 %
b1111010101 $
1!
#9880
0!
#9885
0"
b1111010110 $
b1111010110 %
1!
#9890
0!
#9895
0"
b1111010111 %
b1111010111 $
1!
#9900
0!
#9905
0"
b1111011000 $
b1111011000 %
1!
#9910
0!
#9915
0"
b1111011001 %
b1111011001 $
1!
#9920
0!
#9925
0"
b1111011010 $
b1111011010 %
1!
#9930
0!
#9935
0"
b1111011011 %
b1111011011 $
1!
#9940
0!
#9945
0"
b1111011100 $
b1111011100 %
1!
#9950
0!
#9955
0"
b1111011101 %
b1111011101 $
1!
#9960
0!
#9965
0"
b1111011110 $
b1111011110 %
1!
#9970
0!
#9975
0"
b1111011111 %
b1111011111 $
1!
#9980
0!
#9985
0"
b1111100000 $
b1111100000 %
1!
#9990
0!
#9995
0"
b1111100001 %
b1111100001 $
1!
#10000
0!
#10005
0"
b1111100010 $
b1111100010 %
1!
#10010
0!
#10015
0"
b1111100011 %
b1111100011 $
1!
#10020
0!
#10025
0"
b1111100100 $
b1111100100 %
1!
#10030
0!
#10035
0"
b1111100101 %
b1111100101 $
1!
#10040
0!
#10045
0"
b1111100110 $
b1111100110 %
1!
#10050
0!
#10055
0"
b1111100111 %
b1111100111 $
1!
#10060
0!
#10065
0"
b0 $
b0 %
1!
#10070
0!
#10075
0"
b1 %
b1 $
1!
#10080
0!
#10085
0"
b10 $
b10 %
1!
#10090
0!
#10095
0"
b11 %
b11 $
1!
#10100
0!
#10105
0"
b100 $
b100 %
1!
#10110
0!
#10115
0"
b101 %
b101 $
1!
#10120
0!
#10125
0"
b110 $
b110 %
1!
#10130
0!
#10135
0"
b111 %
b111 $
1!
#10140
0!
#10145
0"
b1000 $
b1000 %
1!
#10150
0!
#10155
0"
b1001 %
b1001 $
1!
#10160
0!
#10165
0"
b1010 $
b1010 %
1!
#10170
0!
#10175
0"
b1011 %
b1011 $
1!
#10180
0!
#10185
0"
b1100 $
b1100 %
1!
#10190
0!
#10195
0"
b1101 %
b1101 $
1!
#10200
0!
#10205
0"
b1110 $
b1110 %
1!
#10210
0!
#10215
0"
b1111 %
b1111 $
1!
#10220
0!
#10225
0"
b10000 $
b10000 %
1!
#10230
0!
#10235
0"
b10001 %
b10001 $
1!
#10240
0!
#10245
0"
b10010 $
b10010 %
1!
#10250
0!
#10255
0"
b10011 %
b10011 $
1!
#10260
0!
#10265
0"
b10100 $
b10100 %
1!
#10270
0!
#10275
0"
b10101 %
b10101 $
1!
#10280
0!
#10285
0"
b10110 $
b10110 %
1!
#10290
0!
#10295
0"
b10111 %
b10111 $
1!
#10300
1#
0!
#10305
0"
b0 $
b0 %
0#
1!
#10310
0!
#10315
0"
b1 %
b1 $
1!
#10320
0!
#10325
0"
b10 $
b10 %
1!
#10330
0!
#10335
0"
b11 %
b11 $
1!
#10340
0!
#10345
0"
b100 $
b100 %
1!
#10350
0!
#10355
0"
b101 %
b101 $
1!
#10360
0!
#10365
0"
b110 $
b110 %
1!
#10370
0!
#10375
0"
b111 %
b111 $
1!
#10380
0!
#10385
0"
b1000 $
b1000 %
1!
#10390
0!
#10395
0"
b1001 %
b1001 $
1!
#10400
0!
#10405
0"
b1010 $
b1010 %
1!
#10410
0!
#10415
0"
b1011 %
b1011 $
1!
#10420
0!
#10425
0"
b1100 $
b1100 %
1!
#10430
0!
#10435
0"
b1101 %
b1101 $
1!
#10440
0!
#10445
0"
b1110 $
b1110 %
1!
#10450
0!
#10455
0"
b1111 %
b1111 $
1!
#10460
0!
#10465
0"
b10000 $
b10000 %
1!
#10470
0!
#10475
0"
b10001 %
b10001 $
1!
#10480
0!
#10485
0"
b10010 $
b10010 %
1!
#10490
0!
#10495
0"
b10011 %
b10011 $
1!
#10500
0!
#10505
0"
b10100 $
b10100 %
1!
#10510
0!
#10515
0"
b10101 %
b10101 $
1!
#10520
0!
#10525
0"
b10110 $
b10110 %
1!
#10530
0!
#10535
0"
b10111 %
b10111 $
1!
#10540
0!
#10545
0"
b11000 $
b11000 %
1!
#10550
0!
#10555
0"
b11001 %
b11001 $
1!
#10560
0!
#10565
0"
b11010 $
b11010 %
1!
#10570
0!
#10575
0"
b11011 %
b11011 $
1!
#10580
0!
#10585
0"
b11100 $
b11100 %
1!
#10590
0!
#10595
0"
b11101 %
b11101 $
1!
#10600
0!
#10605
0"
b11110 $
b11110 %
1!
#10610
0!
#10615
0"
b11111 %
b11111 $
1!
#10620
0!
#10625
0"
b100000 $
b100000 %
1!
#10630
0!
#10635
0"
b100001 %
b100001 $
1!
#10640
0!
#10645
0"
b100010 $
b100010 %
1!
#10650
0!
#10655
0"
b100011 %
b100011 $
1!
#10660
0!
#10665
0"
b100100 $
b100100 %
1!
#10670
0!
#10675
0"
b100101 %
b100101 $
1!
#10680
0!
#10685
0"
b100110 $
b100110 %
1!
#10690
0!
#10695
0"
b100111 %
b100111 $
1!
#10700
0!
#10705
0"
b101000 $
b101000 %
1!
#10710
0!
#10715
0"
b101001 %
b101001 $
1!
#10720
0!
#10725
0"
b101010 $
b101010 %
1!
#10730
0!
#10735
0"
b101011 %
b101011 $
1!
#10740
0!
#10745
0"
b101100 $
b101100 %
1!
#10750
0!
#10755
0"
b101101 %
b101101 $
1!
#10760
0!
#10765
0"
b101110 $
b101110 %
1!
#10770
0!
#10775
0"
b101111 %
b101111 $
1!
#10780
0!
#10785
0"
b110000 $
b110000 %
1!
#10790
0!
#10795
0"
b110001 %
b110001 $
1!
#10800
0!
#10805
0"
b110010 $
b110010 %
1!
#10810
0!
#10815
0"
b110011 %
b110011 $
1!
#10820
0!
#10825
0"
b110100 $
b110100 %
1!
#10830
0!
#10835
0"
b110101 %
b110101 $
1!
#10840
0!
#10845
0"
b110110 $
b110110 %
1!
#10850
0!
#10855
0"
b110111 %
b110111 $
1!
#10860
0!
#10865
0"
b111000 $
b111000 %
1!
#10870
0!
#10875
0"
b111001 %
b111001 $
1!
#10880
0!
#10885
0"
b111010 $
b111010 %
1!
#10890
0!
#10895
0"
b111011 %
b111011 $
1!
#10900
0!
#10905
0"
b111100 $
b111100 %
1!
#10910
0!
#10915
0"
b111101 %
b111101 $
1!
#10920
0!
#10925
0"
b111110 $
b111110 %
1!
#10930
0!
#10935
0"
b111111 %
b111111 $
1!
#10940
0!
#10945
0"
b1000000 $
b1000000 %
1!
#10950
0!
#10955
0"
b1000001 %
b1000001 $
1!
#10960
0!
#10965
0"
b1000010 $
b1000010 %
1!
#10970
0!
#10975
0"
b1000011 %
b1000011 $
1!
#10980
0!
#10985
0"
b1000100 $
b1000100 %
1!
#10990
0!
#10995
0"
b1000101 %
b1000101 $
1!
#11000
0!
#11005
0"
b1000110 $
b1000110 %
1!
#11010
0!
#11015
0"
b1000111 %
b1000111 $
1!
#11020
0!
#11025
0"
b1001000 $
b1001000 %
1!
#11030
0!
#11035
0"
b1001001 %
b1001001 $
1!
#11040
0!
#11045
0"
b1001010 $
b1001010 %
1!
#11050
0!
#11055
0"
b1001011 %
b1001011 $
1!
#11060
0!
#11065
0"
b1001100 $
b1001100 %
1!
#11070
0!
#11075
0"
b1001101 %
b1001101 $
1!
#11080
0!
#11085
0"
b1001110 $
b1001110 %
1!
#11090
0!
#11095
0"
b1001111 %
b1001111 $
1!
#11100
0!
#11105
0"
b1010000 $
b1010000 %
1!
#11110
0!
#11115
0"
b1010001 %
b1010001 $
1!
#11120
0!
#11125
0"
b1010010 $
b1010010 %
1!
#11130
0!
#11135
0"
b1010011 %
b1010011 $
1!
#11140
0!
#11145
0"
b1010100 $
b1010100 %
1!
#11150
0!
#11155
0"
b1010101 %
b1010101 $
1!
#11160
0!
#11165
0"
b1010110 $
b1010110 %
1!
#11170
0!
#11175
0"
b1010111 %
b1010111 $
1!
#11180
0!
#11185
0"
b1011000 $
b1011000 %
1!
#11190
0!
#11195
0"
b1011001 %
b1011001 $
1!
#11200
0!
#11205
0"
b1011010 $
b1011010 %
1!
#11210
0!
#11215
0"
b1011011 %
b1011011 $
1!
#11220
0!
#11225
0"
b1011100 $
b1011100 %
1!
#11230
0!
#11235
0"
b1011101 %
b1011101 $
1!
#11240
0!
#11245
0"
b1011110 $
b1011110 %
1!
#11250
0!
#11255
0"
b1011111 %
b1011111 $
1!
#11260
0!
#11265
0"
b1100000 $
b1100000 %
1!
#11270
0!
#11275
0"
b1100001 %
b1100001 $
1!
#11280
0!
#11285
0"
b1100010 $
b1100010 %
1!
#11290
0!
#11295
0"
b1100011 %
b1100011 $
1!
#11300
0!
#11305
0"
b1100100 $
b1100100 %
1!
#11310
0!
#11315
0"
b1100101 %
b1100101 $
1!
#11320
0!
#11325
0"
b1100110 $
b1100110 %
1!
#11330
0!
#11335
0"
b1100111 %
b1100111 $
1!
#11340
0!
#11345
0"
b1101000 $
b1101000 %
1!
#11350
0!
#11355
0"
b1101001 %
b1101001 $
1!
#11360
0!
#11365
0"
b1101010 $
b1101010 %
1!
#11370
0!
#11375
0"
b1101011 %
b1101011 $
1!
#11380
0!
#11385
0"
b1101100 $
b1101100 %
1!
#11390
0!
#11395
0"
b1101101 %
b1101101 $
1!
#11400
0!
#11405
0"
b1101110 $
b1101110 %
1!
#11410
0!
#11415
0"
b1101111 %
b1101111 $
1!
#11420
0!
#11425
0"
b1110000 $
b1110000 %
1!
#11430
0!
#11435
0"
b1110001 %
b1110001 $
1!
#11440
0!
#11445
0"
b1110010 $
b1110010 %
1!
#11450
0!
#11455
0"
b1110011 %
b1110011 $
1!
#11460
0!
#11465
0"
b1110100 $
b1110100 %
1!
#11470
0!
#11475
0"
b1110101 %
b1110101 $
1!
#11480
0!
#11485
0"
b1110110 $
b1110110 %
1!
#11490
0!
#11495
0"
b1110111 %
b1110111 $
1!
#11500
0!
#11505
0"
b1111000 $
b1111000 %
1!
#11510
0!
#11515
0"
b1111001 %
b1111001 $
1!
#11520
0!
#11525
0"
b1111010 $
b1111010 %
1!
#11530
0!
#11535
0"
b1111011 %
b1111011 $
1!
#11540
0!
#11545
0"
b1111100 $
b1111100 %
1!
#11550
0!
#11555
0"
b1111101 %
b1111101 $
1!
#11560
0!
#11565
0"
b1111110 $
b1111110 %
1!
#11570
0!
#11575
0"
b1111111 %
b1111111 $
1!
#11580
0!
#11585
0"
b10000000 $
b10000000 %
1!
#11590
0!
#11595
0"
b10000001 %
b10000001 $
1!
#11600
0!
#11605
0"
b10000010 $
b10000010 %
1!
#11610
0!
#11615
0"
b10000011 %
b10000011 $
1!
#11620
0!
#11625
0"
b10000100 $
b10000100 %
1!
#11630
0!
#11635
0"
b10000101 %
b10000101 $
1!
#11640
0!
#11645
0"
b10000110 $
b10000110 %
1!
#11650
0!
#11655
0"
b10000111 %
b10000111 $
1!
#11660
0!
#11665
0"
b10001000 $
b10001000 %
1!
#11670
0!
#11675
0"
b10001001 %
b10001001 $
1!
#11680
0!
#11685
0"
b10001010 $
b10001010 %
1!
#11690
0!
#11695
0"
b10001011 %
b10001011 $
1!
#11700
0!
#11705
0"
b10001100 $
b10001100 %
1!
#11710
0!
#11715
0"
b10001101 %
b10001101 $
1!
#11720
0!
#11725
0"
b10001110 $
b10001110 %
1!
#11730
0!
#11735
0"
b10001111 %
b10001111 $
1!
#11740
0!
#11745
0"
b10010000 $
b10010000 %
1!
#11750
0!
#11755
0"
b10010001 %
b10010001 $
1!
#11760
0!
#11765
0"
b10010010 $
b10010010 %
1!
#11770
0!
#11775
0"
b10010011 %
b10010011 $
1!
#11780
0!
#11785
0"
b10010100 $
b10010100 %
1!
#11790
0!
#11795
0"
b10010101 %
b10010101 $
1!
#11800
0!
#11805
0"
b10010110 $
b10010110 %
1!
#11810
0!
#11815
0"
b10010111 %
b10010111 $
1!
#11820
0!
#11825
0"
b10011000 $
b10011000 %
1!
#11830
0!
#11835
0"
b10011001 %
b10011001 $
1!
#11840
0!
#11845
0"
b10011010 $
b10011010 %
1!
#11850
0!
#11855
0"
b10011011 %
b10011011 $
1!
#11860
0!
#11865
0"
b10011100 $
b10011100 %
1!
#11870
0!
#11875
0"
b10011101 %
b10011101 $
1!
#11880
0!
#11885
0"
b10011110 $
b10011110 %
1!
#11890
0!
#11895
0"
b10011111 %
b10011111 $
1!
#11900
0!
#11905
0"
b10100000 $
b10100000 %
1!
#11910
0!
#11915
0"
b10100001 %
b10100001 $
1!
#11920
0!
#11925
0"
b10100010 $
b10100010 %
1!
#11930
0!
#11935
0"
b10100011 %
b10100011 $
1!
#11940
0!
#11945
0"
b10100100 $
b10100100 %
1!
#11950
0!
#11955
0"
b10100101 %
b10100101 $
1!
#11960
0!
#11965
0"
b10100110 $
b10100110 %
1!
#11970
0!
#11975
0"
b10100111 %
b10100111 $
1!
#11980
0!
#11985
0"
b10101000 $
b10101000 %
1!
#11990
0!
#11995
0"
b10101001 %
b10101001 $
1!
#12000
0!
#12005
0"
b10101010 $
b10101010 %
1!
#12010
0!
#12015
0"
b10101011 %
b10101011 $
1!
#12020
0!
#12025
0"
b10101100 $
b10101100 %
1!
#12030
0!
#12035
0"
b10101101 %
b10101101 $
1!
#12040
0!
#12045
0"
b10101110 $
b10101110 %
1!
#12050
0!
#12055
0"
b10101111 %
b10101111 $
1!
#12060
0!
#12065
0"
b10110000 $
b10110000 %
1!
#12070
0!
#12075
0"
b10110001 %
b10110001 $
1!
#12080
0!
#12085
0"
b10110010 $
b10110010 %
1!
#12090
0!
#12095
0"
b10110011 %
b10110011 $
1!
#12100
0!
#12105
0"
b10110100 $
b10110100 %
1!
#12110
0!
#12115
0"
b10110101 %
b10110101 $
1!
#12120
0!
#12125
0"
b10110110 $
b10110110 %
1!
#12130
0!
#12135
0"
b10110111 %
b10110111 $
1!
#12140
0!
#12145
0"
b10111000 $
b10111000 %
1!
#12150
0!
#12155
0"
b10111001 %
b10111001 $
1!
#12160
0!
#12165
0"
b10111010 $
b10111010 %
1!
#12170
0!
#12175
0"
b10111011 %
b10111011 $
1!
#12180
0!
#12185
0"
b10111100 $
b10111100 %
1!
#12190
0!
#12195
0"
b10111101 %
b10111101 $
1!
#12200
0!
#12205
0"
b10111110 $
b10111110 %
1!
#12210
0!
#12215
0"
b10111111 %
b10111111 $
1!
#12220
0!
#12225
0"
b11000000 $
b11000000 %
1!
#12230
0!
#12235
0"
b11000001 %
b11000001 $
1!
#12240
0!
#12245
0"
b11000010 $
b11000010 %
1!
#12250
0!
#12255
0"
b11000011 %
b11000011 $
1!
#12260
0!
#12265
0"
b11000100 $
b11000100 %
1!
#12270
0!
#12275
0"
b11000101 %
b11000101 $
1!
#12280
0!
#12285
0"
b11000110 $
b11000110 %
1!
#12290
0!
#12295
0"
b11000111 %
b11000111 $
1!
#12300
0!
#12305
0"
b11001000 $
b11001000 %
1!
#12310
0!
#12315
0"
b11001001 %
b11001001 $
1!
#12320
0!
#12325
0"
b11001010 $
b11001010 %
1!
#12330
0!
#12335
0"
b11001011 %
b11001011 $
1!
#12340
0!
#12345
0"
b11001100 $
b11001100 %
1!
#12350
0!
#12355
0"
b11001101 %
b11001101 $
1!
#12360
0!
#12365
0"
b11001110 $
b11001110 %
1!
#12370
0!
#12375
0"
b11001111 %
b11001111 $
1#
1!
#12380
0#
0!
#12385
0"
b11010000 $
b11010000 %
1!
#12390
0!
#12395
0"
b11010001 %
b11010001 $
1!
#12400
0!
#12405
0"
b11010010 $
b11010010 %
1!
#12410
0!
#12415
0"
b11010011 %
b11010011 $
1!
#12420
0!
#12425
0"
b11010100 $
b11010100 %
1!
#12430
0!
#12435
0"
b11010101 %
b11010101 $
1!
#12440
0!
#12445
0"
b11010110 $
b11010110 %
1!
#12450
0!
#12455
0"
b11010111 %
b11010111 $
1!
#12460
0!
#12465
0"
b11011000 $
b11011000 %
1!
#12470
0!
#12475
0"
b11011001 %
b11011001 $
1!
#12480
0!
#12485
0"
b11011010 $
b11011010 %
1!
#12490
0!
#12495
0"
b11011011 %
b11011011 $
1!
#12500
0!
#12505
0"
b11011100 $
b11011100 %
1!
#12510
0!
#12515
0"
b11011101 %
b11011101 $
1#
1!
#12520
0#
0!
#12525
0"
b11011110 $
b11011110 %
1!
#12530
0!
#12535
0"
b11011111 %
b11011111 $
1!
#12540
0!
#12545
0"
b11100000 $
b11100000 %
1!
#12550
0!
#12555
0"
b11100001 %
b11100001 $
1!
#12560
0!
#12565
0"
b11100010 $
b11100010 %
1!
#12570
0!
#12575
0"
b11100011 %
b11100011 $
1!
#12580
0!
#12585
0"
b11100100 $
b11100100 %
1!
#12590
0!
#12595
0"
b11100101 %
b11100101 $
1!
#12600
0!
#12605
0"
b11100110 $
b11100110 %
1!
#12610
0!
#12615
0"
b11100111 %
b11100111 $
1!
#12620
0!
#12625
0"
b11101000 $
b11101000 %
1!
#12630
0!
#12635
0"
b11101001 %
b11101001 $
1!
#12640
0!
#12645
0"
b11101010 $
b11101010 %
1!
#12650
0!
#12655
0"
b11101011 %
b11101011 $
1!
#12660
0!
#12665
0"
b11101100 $
b11101100 %
1!
#12670
0!
#12675
0"
b11101101 %
b11101101 $
1!
#12680
0!
#12685
0"
b11101110 $
b11101110 %
1!
#12690
0!
#12695
0"
b11101111 %
b11101111 $
1!
#12700
0!
#12705
0"
b11110000 $
b11110000 %
1!
#12710
0!
#12715
0"
b11110001 %
b11110001 $
1!
#12720
0!
#12725
0"
b11110010 $
b11110010 %
1!
#12730
0!
#12735
0"
b11110011 %
b11110011 $
1!
#12740
0!
#12745
0"
b11110100 $
b11110100 %
1!
#12750
0!
#12755
0"
b11110101 %
b11110101 $
1!
#12760
0!
#12765
0"
b11110110 $
b11110110 %
1!
#12770
0!
#12775
0"
b11110111 %
b11110111 $
1!
#12780
0!
#12785
0"
b11111000 $
b11111000 %
1!
#12790
0!
#12795
0"
b11111001 %
b11111001 $
1!
#12800
0!
#12805
0"
b11111010 $
b11111010 %
1!
#12810
0!
#12815
0"
b11111011 %
b11111011 $
1!
#12820
0!
#12825
0"
b11111100 $
b11111100 %
1!
#12830
0!
#12835
0"
b11111101 %
b11111101 $
1!
#12840
0!
#12845
0"
b11111110 $
b11111110 %
1!
#12850
0!
#12855
0"
b11111111 %
b11111111 $
1!
#12860
0!
#12865
0"
b100000000 $
b100000000 %
1!
#12870
0!
#12875
0"
b100000001 %
b100000001 $
1!
#12880
0!
#12885
0"
b100000010 $
b100000010 %
1!
#12890
0!
#12895
0"
b100000011 %
b100000011 $
1!
#12900
0!
#12905
0"
b100000100 $
b100000100 %
1!
#12910
0!
#12915
0"
b100000101 %
b100000101 $
1!
#12920
0!
#12925
0"
b100000110 $
b100000110 %
1!
#12930
0!
#12935
0"
b100000111 %
b100000111 $
1!
#12940
0!
#12945
0"
b100001000 $
b100001000 %
1!
#12950
0!
#12955
0"
b100001001 %
b100001001 $
1!
#12960
0!
#12965
0"
b100001010 $
b100001010 %
1!
#12970
0!
#12975
0"
b100001011 %
b100001011 $
1!
#12980
0!
#12985
0"
b100001100 $
b100001100 %
1!
#12990
0!
#12995
0"
b100001101 %
b100001101 $
1!
#13000
0!
#13005
0"
b100001110 $
b100001110 %
1!
#13010
0!
#13015
0"
b100001111 %
b100001111 $
1!
#13020
0!
#13025
0"
b100010000 $
b100010000 %
1!
#13030
0!
#13035
0"
b100010001 %
b100010001 $
1!
#13040
0!
#13045
0"
b100010010 $
b100010010 %
1!
#13050
0!
#13055
0"
b100010011 %
b100010011 $
1!
#13060
0!
#13065
0"
b100010100 $
b100010100 %
1!
#13070
0!
#13075
0"
b100010101 %
b100010101 $
1!
#13080
0!
#13085
0"
b100010110 $
b100010110 %
1!
#13090
0!
#13095
0"
b100010111 %
b100010111 $
1!
#13100
0!
#13105
0"
b100011000 $
b100011000 %
1!
#13110
0!
#13115
0"
b100011001 %
b100011001 $
1!
#13120
0!
#13125
0"
b100011010 $
b100011010 %
1!
#13130
0!
#13135
0"
b100011011 %
b100011011 $
1!
#13140
0!
#13145
0"
b100011100 $
b100011100 %
1!
#13150
0!
#13155
0"
b100011101 %
b100011101 $
1!
#13160
0!
#13165
0"
b100011110 $
b100011110 %
1!
#13170
0!
#13175
0"
b100011111 %
b100011111 $
1!
#13180
0!
#13185
0"
b100100000 $
b100100000 %
1!
#13190
0!
#13195
0"
b100100001 %
b100100001 $
1!
#13200
0!
#13205
0"
b100100010 $
b100100010 %
1!
#13210
0!
#13215
0"
b100100011 %
b100100011 $
1!
#13220
0!
#13225
0"
b100100100 $
b100100100 %
1!
#13230
0!
#13235
0"
b100100101 %
b100100101 $
1!
#13240
0!
#13245
0"
b100100110 $
b100100110 %
1!
#13250
0!
#13255
0"
b100100111 %
b100100111 $
1!
#13260
0!
#13265
0"
b100101000 $
b100101000 %
1!
#13270
0!
#13275
0"
b100101001 %
b100101001 $
1!
#13280
0!
#13285
0"
b100101010 $
b100101010 %
1!
#13290
0!
#13295
0"
b100101011 %
b100101011 $
1!
#13300
0!
#13305
0"
b100101100 $
b100101100 %
1!
#13310
0!
#13315
0"
b100101101 %
b100101101 $
1!
#13320
0!
#13325
0"
b100101110 $
b100101110 %
1!
#13330
0!
#13335
0"
b100101111 %
b100101111 $
1!
#13340
0!
#13345
0"
b100110000 $
b100110000 %
1!
#13350
0!
#13355
0"
b100110001 %
b100110001 $
1!
#13360
0!
#13365
0"
b100110010 $
b100110010 %
1!
#13370
0!
#13375
0"
b100110011 %
b100110011 $
1!
#13380
0!
#13385
0"
b100110100 $
b100110100 %
1!
#13390
0!
#13395
0"
b100110101 %
b100110101 $
1!
#13400
1#
0!
#13405
0"
b0 $
b0 %
0#
1!
#13410
0!
#13415
0"
b1 %
b1 $
1!
#13420
0!
#13425
0"
b10 $
b10 %
1!
#13430
0!
#13435
0"
b11 %
b11 $
1!
#13440
0!
#13445
0"
b100 $
b100 %
1!
#13450
0!
#13455
0"
b101 %
b101 $
1!
#13460
0!
#13465
0"
b110 $
b110 %
1!
#13470
0!
#13475
0"
b111 %
b111 $
1!
#13480
0!
#13485
0"
b1000 $
b1000 %
1!
#13490
0!
#13495
0"
b1001 %
b1001 $
1!
#13500
0!
#13505
0"
b1010 $
b1010 %
1!
#13510
0!
#13515
0"
b1011 %
b1011 $
1!
#13520
0!
#13525
0"
b1100 $
b1100 %
1!
#13530
0!
#13535
0"
b1101 %
b1101 $
1!
#13540
0!
#13545
0"
b1110 $
b1110 %
1!
#13550
0!
#13555
0"
b1111 %
b1111 $
1!
#13560
0!
#13565
0"
b10000 $
b10000 %
1!
#13570
0!
#13575
0"
b10001 %
b10001 $
1!
#13580
0!
#13585
0"
b10010 $
b10010 %
1!
#13590
0!
#13595
0"
b10011 %
b10011 $
1!
#13600
0!
#13605
0"
b10100 $
b10100 %
1!
#13610
0!
#13615
0"
b10101 %
b10101 $
1!
#13620
0!
#13625
0"
b10110 $
b10110 %
1!
#13630
0!
#13635
0"
b10111 %
b10111 $
1!
#13640
0!
#13645
0"
b11000 $
b11000 %
1!
#13650
0!
#13655
0"
b11001 %
b11001 $
1!
#13660
0!
#13665
0"
b11010 $
b11010 %
1!
#13670
0!
#13675
0"
b11011 %
b11011 $
1!
#13680
0!
#13685
0"
b11100 $
b11100 %
1!
#13690
0!
#13695
0"
b11101 %
b11101 $
1!
#13700
0!
#13705
0"
b11110 $
b11110 %
1!
#13710
0!
#13715
0"
b11111 %
b11111 $
1!
#13720
0!
#13725
0"
b100000 $
b100000 %
1!
#13730
0!
#13735
0"
b100001 %
b100001 $
1!
#13740
0!
#13745
0"
b100010 $
b100010 %
1!
#13750
0!
#13755
0"
b100011 %
b100011 $
1!
#13760
0!
#13765
0"
b100100 $
b100100 %
1!
#13770
0!
#13775
0"
b100101 %
b100101 $
1!
#13780
0!
#13785
0"
b100110 $
b100110 %
1!
#13790
0!
#13795
0"
b100111 %
b100111 $
1!
#13800
0!
#13805
0"
b101000 $
b101000 %
1!
#13810
0!
#13815
0"
b101001 %
b101001 $
1#
1!
#13820
0#
0!
#13825
0"
b101010 $
b101010 %
1!
#13830
0!
#13835
0"
b101011 %
b101011 $
1!
#13840
0!
#13845
0"
b101100 $
b101100 %
1!
#13850
0!
#13855
0"
b101101 %
b101101 $
1!
#13860
0!
#13865
0"
b101110 $
b101110 %
1!
#13870
0!
#13875
0"
b101111 %
b101111 $
1!
#13880
0!
#13885
0"
b110000 $
b110000 %
1!
#13890
0!
#13895
0"
b110001 %
b110001 $
1!
#13900
0!
#13905
0"
b110010 $
b110010 %
1!
#13910
0!
#13915
0"
b110011 %
b110011 $
1#
1!
#13920
0#
0!
#13925
0"
b110100 $
b110100 %
1!
#13930
0!
#13935
0"
b110101 %
b110101 $
1!
#13940
0!
#13945
0"
b110110 $
b110110 %
1!
#13950
0!
#13955
0"
b110111 %
b110111 $
1!
#13960
0!
#13965
0"
b111000 $
b111000 %
1!
#13970
0!
#13975
0"
b111001 %
b111001 $
1!
#13980
0!
#13985
0"
b111010 $
b111010 %
1!
#13990
0!
#13995
0"
b111011 %
b111011 $
1!
#14000
0!
#14005
0"
b111100 $
b111100 %
1!
#14010
0!
#14015
0"
b111101 %
b111101 $
1!
#14020
0!
#14025
0"
b111110 $
b111110 %
1!
#14030
0!
#14035
0"
b111111 %
b111111 $
1!
#14040
0!
#14045
0"
b1000000 $
b1000000 %
1!
#14050
0!
#14055
0"
b1000001 %
b1000001 $
1!
#14060
0!
#14065
0"
b1000010 $
b1000010 %
1!
#14070
0!
#14075
0"
b1000011 %
b1000011 $
1!
#14080
0!
#14085
0"
b1000100 $
b1000100 %
1!
#14090
0!
#14095
0"
b1000101 %
b1000101 $
1!
#14100
0!
#14105
0"
b1000110 $
b1000110 %
1!
#14110
0!
#14115
0"
b1000111 %
b1000111 $
1!
#14120
0!
#14125
0"
b1001000 $
b1001000 %
1!
#14130
0!
#14135
0"
b1001001 %
b1001001 $
1!
#14140
0!
#14145
0"
b1001010 $
b1001010 %
1!
#14150
0!
#14155
0"
b1001011 %
b1001011 $
1!
#14160
0!
#14165
0"
b1001100 $
b1001100 %
1!
#14170
0!
#14175
0"
b1001101 %
b1001101 $
1!
#14180
0!
#14185
0"
b1001110 $
b1001110 %
1!
#14190
0!
#14195
0"
b1001111 %
b1001111 $
1!
#14200
0!
#14205
0"
b1010000 $
b1010000 %
1!
#14210
0!
#14215
0"
b1010001 %
b1010001 $
1!
#14220
0!
#14225
0"
b1010010 $
b1010010 %
1!
#14230
0!
#14235
0"
b1010011 %
b1010011 $
1!
#14240
0!
#14245
0"
b1010100 $
b1010100 %
1!
#14250
0!
#14255
0"
b1010101 %
b1010101 $
1!
#14260
0!
#14265
0"
b1010110 $
b1010110 %
1!
#14270
0!
#14275
0"
b1010111 %
b1010111 $
1!
#14280
0!
#14285
0"
b1011000 $
b1011000 %
1!
#14290
0!
#14295
0"
b1011001 %
b1011001 $
1!
#14300
0!
#14305
0"
b1011010 $
b1011010 %
1!
#14310
0!
#14315
0"
b1011011 %
b1011011 $
1!
#14320
0!
#14325
0"
b1011100 $
b1011100 %
1!
#14330
0!
#14335
0"
b1011101 %
b1011101 $
1!
#14340
0!
#14345
0"
b1011110 $
b1011110 %
1!
#14350
0!
#14355
0"
b1011111 %
b1011111 $
1!
#14360
0!
#14365
0"
b1100000 $
b1100000 %
1!
#14370
0!
#14375
0"
b1100001 %
b1100001 $
1!
#14380
0!
#14385
0"
b1100010 $
b1100010 %
1!
#14390
0!
#14395
0"
b1100011 %
b1100011 $
1!
#14400
0!
#14405
0"
b1100100 $
b1100100 %
1!
#14410
0!
#14415
0"
b1100101 %
b1100101 $
1!
#14420
0!
#14425
0"
b1100110 $
b1100110 %
1!
#14430
0!
#14435
0"
b1100111 %
b1100111 $
1!
#14440
0!
#14445
0"
b1101000 $
b1101000 %
1!
#14450
0!
#14455
0"
b1101001 %
b1101001 $
1!
#14460
0!
#14465
0"
b1101010 $
b1101010 %
1!
#14470
0!
#14475
0"
b1101011 %
b1101011 $
1!
#14480
0!
#14485
0"
b1101100 $
b1101100 %
1!
#14490
0!
#14495
0"
b1101101 %
b1101101 $
1!
#14500
0!
#14505
0"
b1101110 $
b1101110 %
1!
#14510
0!
#14515
0"
b1101111 %
b1101111 $
1!
#14520
0!
#14525
0"
b1110000 $
b1110000 %
1!
#14530
0!
#14535
0"
b1110001 %
b1110001 $
1!
#14540
0!
#14545
0"
b1110010 $
b1110010 %
1!
#14550
0!
#14555
0"
b1110011 %
b1110011 $
1!
#14560
0!
#14565
0"
b1110100 $
b1110100 %
1!
#14570
0!
#14575
0"
b1110101 %
b1110101 $
1!
#14580
0!
#14585
0"
b1110110 $
b1110110 %
1!
#14590
0!
#14595
0"
b1110111 %
b1110111 $
1!
#14600
0!
#14605
0"
b1111000 $
b1111000 %
1!
#14610
0!
#14615
0"
b1111001 %
b1111001 $
1!
#14620
0!
#14625
0"
b1111010 $
b1111010 %
1!
#14630
0!
#14635
0"
b1111011 %
b1111011 $
1!
#14640
0!
#14645
0"
b1111100 $
b1111100 %
1!
#14650
0!
#14655
0"
b1111101 %
b1111101 $
1!
#14660
0!
#14665
0"
b1111110 $
b1111110 %
1!
#14670
0!
#14675
0"
b1111111 %
b1111111 $
1!
#14680
0!
#14685
0"
b10000000 $
b10000000 %
1!
#14690
0!
#14695
0"
b10000001 %
b10000001 $
1!
#14700
0!
#14705
0"
b10000010 $
b10000010 %
1!
#14710
0!
#14715
0"
b10000011 %
b10000011 $
1!
#14720
0!
#14725
0"
b10000100 $
b10000100 %
1!
#14730
0!
#14735
0"
b10000101 %
b10000101 $
1!
#14740
0!
#14745
0"
b10000110 $
b10000110 %
1!
#14750
0!
#14755
0"
b10000111 %
b10000111 $
1!
#14760
0!
#14765
0"
b10001000 $
b10001000 %
1!
#14770
0!
#14775
0"
b10001001 %
b10001001 $
1!
#14780
0!
#14785
0"
b10001010 $
b10001010 %
1!
#14790
0!
#14795
0"
b10001011 %
b10001011 $
1!
#14800
0!
#14805
0"
b10001100 $
b10001100 %
1!
#14810
0!
#14815
0"
b10001101 %
b10001101 $
1!
#14820
0!
#14825
0"
b10001110 $
b10001110 %
1!
#14830
0!
#14835
0"
b10001111 %
b10001111 $
1!
#14840
0!
#14845
0"
b10010000 $
b10010000 %
1!
#14850
0!
#14855
0"
b10010001 %
b10010001 $
1!
#14860
0!
#14865
0"
b10010010 $
b10010010 %
1!
#14870
0!
#14875
0"
b10010011 %
b10010011 $
1!
#14880
0!
#14885
0"
b10010100 $
b10010100 %
1!
#14890
0!
#14895
0"
b10010101 %
b10010101 $
1!
#14900
0!
#14905
0"
b10010110 $
b10010110 %
1!
#14910
0!
#14915
0"
b10010111 %
b10010111 $
1!
#14920
0!
#14925
0"
b10011000 $
b10011000 %
1!
#14930
0!
#14935
0"
b10011001 %
b10011001 $
1!
#14940
0!
#14945
0"
b10011010 $
b10011010 %
1!
#14950
0!
#14955
0"
b10011011 %
b10011011 $
1!
#14960
0!
#14965
0"
b10011100 $
b10011100 %
1!
#14970
0!
#14975
0"
b10011101 %
b10011101 $
1!
#14980
0!
#14985
0"
b10011110 $
b10011110 %
1!
#14990
0!
#14995
0"
b10011111 %
b10011111 $
1!
#15000
0!
#15005
0"
b10100000 $
b10100000 %
1!
#15010
0!
#15015
0"
b10100001 %
b10100001 $
1!
#15020
0!
#15025
0"
b10100010 $
b10100010 %
1!
#15030
0!
#15035
0"
b10100011 %
b10100011 $
1!
#15040
0!
#15045
0"
b10100100 $
b10100100 %
1!
#15050
0!
#15055
0"
b10100101 %
b10100101 $
1!
#15060
0!
#15065
0"
b10100110 $
b10100110 %
1!
#15070
0!
#15075
0"
b10100111 %
b10100111 $
1!
#15080
0!
#15085
0"
b10101000 $
b10101000 %
1!
#15090
0!
#15095
0"
b10101001 %
b10101001 $
1!
#15100
0!
#15105
0"
b10101010 $
b10101010 %
1!
#15110
0!
#15115
0"
b10101011 %
b10101011 $
1!
#15120
1#
0!
#15125
0"
b0 $
b0 %
0#
1!
#15130
0!
#15135
0"
b1 %
b1 $
1!
#15140
0!
#15145
0"
b10 $
b10 %
1!
#15150
0!
#15155
0"
b11 %
b11 $
1!
#15160
0!
#15165
0"
b100 $
b100 %
1!
#15170
0!
#15175
0"
b101 %
b101 $
1!
#15180
0!
#15185
0"
b110 $
b110 %
1!
#15190
0!
#15195
0"
b111 %
b111 $
1!
#15200
0!
#15205
0"
b1000 $
b1000 %
1!
#15210
0!
#15215
0"
b1001 %
b1001 $
1!
#15220
0!
#15225
0"
b1010 $
b1010 %
1!
#15230
0!
#15235
0"
b1011 %
b1011 $
1!
#15240
0!
#15245
0"
b1100 $
b1100 %
1!
#15250
0!
#15255
0"
b1101 %
b1101 $
1!
#15260
0!
#15265
0"
b1110 $
b1110 %
1!
#15270
0!
#15275
0"
b1111 %
b1111 $
1!
#15280
0!
#15285
0"
b10000 $
b10000 %
1!
#15290
0!
#15295
0"
b10001 %
b10001 $
1!
#15300
0!
#15305
0"
b10010 $
b10010 %
1!
#15310
0!
#15315
0"
b10011 %
b10011 $
1!
#15320
0!
#15325
0"
b10100 $
b10100 %
1!
#15330
0!
#15335
0"
b10101 %
b10101 $
1!
#15340
0!
#15345
0"
b10110 $
b10110 %
1!
#15350
0!
#15355
0"
b10111 %
b10111 $
1!
#15360
0!
#15365
0"
b11000 $
b11000 %
1!
#15370
0!
#15375
0"
b11001 %
b11001 $
1!
#15380
0!
#15385
0"
b11010 $
b11010 %
1!
#15390
0!
#15395
0"
b11011 %
b11011 $
1!
#15400
0!
#15405
0"
b11100 $
b11100 %
1!
#15410
0!
#15415
0"
b11101 %
b11101 $
1!
#15420
0!
#15425
0"
b11110 $
b11110 %
1!
#15430
0!
#15435
0"
b11111 %
b11111 $
1!
#15440
0!
#15445
0"
b100000 $
b100000 %
1!
#15450
0!
#15455
0"
b100001 %
b100001 $
1!
#15460
0!
#15465
0"
b100010 $
b100010 %
1!
#15470
0!
#15475
0"
b100011 %
b100011 $
1!
#15480
0!
#15485
0"
b100100 $
b100100 %
1!
#15490
0!
#15495
0"
b100101 %
b100101 $
1!
#15500
0!
#15505
0"
b100110 $
b100110 %
1!
#15510
0!
#15515
0"
b100111 %
b100111 $
1!
#15520
0!
#15525
0"
b101000 $
b101000 %
1#
1!
#15530
0#
0!
#15535
0"
b101001 %
b101001 $
1!
#15540
0!
#15545
0"
b101010 $
b101010 %
1!
#15550
0!
#15555
0"
b101011 %
b101011 $
1!
#15560
1#
0!
#15565
0"
b0 $
b0 %
0#
1!
#15570
0!
#15575
0"
b1 %
b1 $
1!
#15580
0!
#15585
0"
b10 $
b10 %
1!
#15590
0!
#15595
0"
b11 %
b11 $
1!
#15600
0!
#15605
0"
b100 $
b100 %
1!
#15610
0!
#15615
0"
b101 %
b101 $
1#
1!
#15620
0#
0!
#15625
0"
b110 $
b110 %
1!
#15630
0!
#15635
0"
b111 %
b111 $
1!
#15640
0!
#15645
0"
b1000 $
b1000 %
1!
#15650
0!
#15655
0"
b1001 %
b1001 $
1#
1!
#15660
0#
0!
#15665
0"
b1010 $
b1010 %
1!
#15670
0!
#15675
0"
b1011 %
b1011 $
1!
#15680
0!
#15685
0"
b1100 $
b1100 %
1!
#15690
0!
#15695
0"
b1101 %
b1101 $
1!
#15700
0!
#15705
0"
b1110 $
b1110 %
1!
#15710
0!
#15715
0"
b1111 %
b1111 $
1!
#15720
0!
#15725
0"
b10000 $
b10000 %
1!
#15730
0!
#15735
0"
b10001 %
b10001 $
1!
#15740
0!
#15745
0"
b10010 $
b10010 %
1!
#15750
0!
#15755
0"
b10011 %
b10011 $
1!
#15760
0!
#15765
0"
b10100 $
b10100 %
1!
#15770
0!
#15775
0"
b10101 %
b10101 $
1!
#15780
0!
#15785
0"
b10110 $
b10110 %
1!
#15790
0!
#15795
0"
b10111 %
b10111 $
1!
#15800
0!
#15805
0"
b11000 $
b11000 %
1!
#15810
0!
#15815
0"
b11001 %
b11001 $
1!
#15820
0!
#15825
0"
b11010 $
b11010 %
1!
#15830
0!
#15835
0"
b11011 %
b11011 $
1!
#15840
0!
#15845
0"
b11100 $
b11100 %
1!
#15850
0!
#15855
0"
b11101 %
b11101 $
1!
#15860
0!
#15865
0"
b11110 $
b11110 %
1!
#15870
0!
#15875
0"
b11111 %
b11111 $
1!
#15880
0!
#15885
0"
b100000 $
b100000 %
1!
#15890
0!
#15895
0"
b100001 %
b100001 $
1!
#15900
0!
#15905
0"
b100010 $
b100010 %
1!
#15910
0!
#15915
0"
b100011 %
b100011 $
1!
#15920
0!
#15925
0"
b100100 $
b100100 %
1!
#15930
0!
#15935
0"
b100101 %
b100101 $
1!
#15940
0!
#15945
0"
b100110 $
b100110 %
1!
#15950
0!
#15955
0"
b100111 %
b100111 $
1!
#15960
0!
#15965
0"
b101000 $
b101000 %
1!
#15970
0!
#15975
0"
b101001 %
b101001 $
1!
#15980
0!
#15985
0"
b101010 $
b101010 %
1!
#15990
0!
#15995
0"
b101011 %
b101011 $
1!
#16000
0!
#16005
0"
b101100 $
b101100 %
1!
#16010
0!
#16015
0"
b101101 %
b101101 $
1!
#16020
0!
#16025
0"
b101110 $
b101110 %
1!
#16030
0!
#16035
0"
b101111 %
b101111 $
1!
#16040
0!
#16045
0"
b110000 $
b110000 %
1!
#16050
0!
#16055
0"
b110001 %
b110001 $
1!
#16060
0!
#16065
0"
b110010 $
b110010 %
1!
#16070
0!
#16075
0"
b110011 %
b110011 $
1!
#16080
0!
#16085
0"
b110100 $
b110100 %
1!
#16090
0!
#16095
0"
b110101 %
b110101 $
1!
#16100
0!
#16105
0"
b110110 $
b110110 %
1!
#16110
0!
#16115
0"
b110111 %
b110111 $
1!
#16120
0!
#16125
0"
b111000 $
b111000 %
1!
#16130
0!
#16135
0"
b111001 %
b111001 $
1!
#16140
0!
#16145
0"
b111010 $
b111010 %
1!
#16150
0!
#16155
0"
b111011 %
b111011 $
1!
#16160
0!
#16165
0"
b111100 $
b111100 %
1!
#16170
0!
#16175
0"
b111101 %
b111101 $
1!
#16180
0!
#16185
0"
b111110 $
b111110 %
1!
#16190
0!
#16195
0"
b111111 %
b111111 $
1!
#16200
0!
#16205
0"
b1000000 $
b1000000 %
1!
#16210
0!
#16215
0"
b1000001 %
b1000001 $
1!
#16220
0!
#16225
0"
b1000010 $
b1000010 %
1!
#16230
0!
#16235
0"
b1000011 %
b1000011 $
1!
#16240
0!
#16245
0"
b1000100 $
b1000100 %
1!
#16250
0!
#16255
0"
b1000101 %
b1000101 $
1!
#16260
0!
#16265
0"
b1000110 $
b1000110 %
1!
#16270
0!
#16275
0"
b1000111 %
b1000111 $
1!
#16280
0!
#16285
0"
b1001000 $
b1001000 %
1!
#16290
0!
#16295
0"
b1001001 %
b1001001 $
1!
#16300
0!
#16305
0"
b1001010 $
b1001010 %
1!
#16310
0!
#16315
0"
b1001011 %
b1001011 $
1!
#16320
0!
#16325
0"
b1001100 $
b1001100 %
1!
#16330
0!
#16335
0"
b1001101 %
b1001101 $
1!
#16340
0!
#16345
0"
b1001110 $
b1001110 %
1!
#16350
0!
#16355
0"
b1001111 %
b1001111 $
1!
#16360
0!
#16365
0"
b1010000 $
b1010000 %
1!
#16370
0!
#16375
0"
b1010001 %
b1010001 $
1!
#16380
0!
#16385
0"
b1010010 $
b1010010 %
1!
#16390
0!
#16395
0"
b1010011 %
b1010011 $
1!
#16400
0!
#16405
0"
b1010100 $
b1010100 %
1!
#16410
0!
#16415
0"
b1010101 %
b1010101 $
1!
#16420
0!
#16425
0"
b1010110 $
b1010110 %
1!
#16430
0!
#16435
0"
b1010111 %
b1010111 $
1!
#16440
0!
#16445
0"
b1011000 $
b1011000 %
1!
#16450
0!
#16455
0"
b1011001 %
b1011001 $
1!
#16460
0!
#16465
0"
b1011010 $
b1011010 %
1!
#16470
0!
#16475
0"
b1011011 %
b1011011 $
1!
#16480
0!
#16485
0"
b1011100 $
b1011100 %
1!
#16490
0!
#16495
0"
b1011101 %
b1011101 $
1!
#16500
0!
#16505
0"
b1011110 $
b1011110 %
1!
#16510
0!
#16515
0"
b1011111 %
b1011111 $
1!
#16520
0!
#16525
0"
b1100000 $
b1100000 %
1!
#16530
0!
#16535
0"
b1100001 %
b1100001 $
1!
#16540
0!
#16545
0"
b1100010 $
b1100010 %
1!
#16550
0!
#16555
0"
b1100011 %
b1100011 $
1!
#16560
0!
#16565
0"
b1100100 $
b1100100 %
1!
#16570
0!
#16575
0"
b1100101 %
b1100101 $
1!
#16580
0!
#16585
0"
b1100110 $
b1100110 %
1!
#16590
0!
#16595
0"
b1100111 %
b1100111 $
1!
#16600
0!
#16605
0"
b1101000 $
b1101000 %
1!
#16610
0!
#16615
0"
b1101001 %
b1101001 $
1!
#16620
0!
#16625
0"
b1101010 $
b1101010 %
1!
#16630
0!
#16635
0"
b1101011 %
b1101011 $
1!
#16640
0!
#16645
0"
b1101100 $
b1101100 %
1!
#16650
0!
#16655
0"
b1101101 %
b1101101 $
1!
#16660
0!
#16665
0"
b1101110 $
b1101110 %
1!
#16670
0!
#16675
0"
b1101111 %
b1101111 $
1!
#16680
0!
#16685
0"
b1110000 $
b1110000 %
1!
#16690
0!
#16695
0"
b1110001 %
b1110001 $
1!
#16700
0!
#16705
0"
b1110010 $
b1110010 %
1!
#16710
0!
#16715
0"
b1110011 %
b1110011 $
1!
#16720
0!
#16725
0"
b1110100 $
b1110100 %
1!
#16730
0!
#16735
0"
b1110101 %
b1110101 $
1!
#16740
0!
#16745
0"
b1110110 $
b1110110 %
1!
#16750
0!
#16755
0"
b1110111 %
b1110111 $
1!
#16760
0!
#16765
0"
b1111000 $
b1111000 %
1!
#16770
0!
#16775
0"
b1111001 %
b1111001 $
1!
#16780
0!
#16785
0"
b1111010 $
b1111010 %
1!
#16790
0!
#16795
0"
b1111011 %
b1111011 $
1!
#16800
0!
#16805
0"
b1111100 $
b1111100 %
1#
1!
#16810
0#
0!
#16815
0"
b1111101 %
b1111101 $
1!
#16820
0!
#16825
0"
b1111110 $
b1111110 %
1!
#16830
0!
#16835
0"
b1111111 %
b1111111 $
1!
#16840
0!
#16845
0"
b10000000 $
b10000000 %
1!
#16850
0!
#16855
0"
b10000001 %
b10000001 $
1!
#16860
0!
#16865
0"
b10000010 $
b10000010 %
1!
#16870
0!
#16875
0"
b10000011 %
b10000011 $
1!
#16880
0!
#16885
0"
b10000100 $
b10000100 %
1!
#16890
0!
#16895
0"
b10000101 %
b10000101 $
1!
#16900
0!
#16905
0"
b10000110 $
b10000110 %
1!
#16910
0!
#16915
0"
b10000111 %
b10000111 $
1!
#16920
0!
#16925
0"
b10001000 $
b10001000 %
1!
#16930
0!
#16935
0"
b10001001 %
b10001001 $
1!
#16940
0!
#16945
0"
b10001010 $
b10001010 %
1!
#16950
0!
#16955
0"
b10001011 %
b10001011 $
1!
#16960
0!
#16965
0"
b10001100 $
b10001100 %
1!
#16970
0!
#16975
0"
b10001101 %
b10001101 $
1!
#16980
0!
#16985
0"
b10001110 $
b10001110 %
1!
#16990
0!
#16995
0"
b10001111 %
b10001111 $
1!
#17000
0!
#17005
0"
b10010000 $
b10010000 %
1!
#17010
0!
#17015
0"
b10010001 %
b10010001 $
1!
#17020
0!
#17025
0"
b10010010 $
b10010010 %
1!
#17030
0!
#17035
0"
b10010011 %
b10010011 $
1!
#17040
0!
#17045
0"
b10010100 $
b10010100 %
1!
#17050
0!
#17055
0"
b10010101 %
b10010101 $
1!
#17060
0!
#17065
0"
b10010110 $
b10010110 %
1!
#17070
0!
#17075
0"
b10010111 %
b10010111 $
1!
#17080
0!
#17085
0"
b10011000 $
b10011000 %
1!
#17090
0!
#17095
0"
b10011001 %
b10011001 $
1!
#17100
0!
#17105
0"
b10011010 $
b10011010 %
1!
#17110
0!
#17115
0"
b10011011 %
b10011011 $
1!
#17120
0!
#17125
0"
b10011100 $
b10011100 %
1!
#17130
0!
#17135
0"
b10011101 %
b10011101 $
1!
#17140
0!
#17145
0"
b10011110 $
b10011110 %
1!
#17150
0!
#17155
0"
b10011111 %
b10011111 $
1!
#17160
0!
#17165
0"
b10100000 $
b10100000 %
1!
#17170
0!
#17175
0"
b10100001 %
b10100001 $
1!
#17180
0!
#17185
0"
b10100010 $
b10100010 %
1!
#17190
0!
#17195
0"
b10100011 %
b10100011 $
1!
#17200
0!
#17205
0"
b10100100 $
b10100100 %
1!
#17210
0!
#17215
0"
b10100101 %
b10100101 $
1!
#17220
0!
#17225
0"
b10100110 $
b10100110 %
1!
#17230
0!
#17235
0"
b10100111 %
b10100111 $
1!
#17240
0!
#17245
0"
b10101000 $
b10101000 %
1!
#17250
0!
#17255
0"
b10101001 %
b10101001 $
1!
#17260
0!
#17265
0"
b10101010 $
b10101010 %
1!
#17270
0!
#17275
0"
b10101011 %
b10101011 $
1!
#17280
0!
#17285
0"
b10101100 $
b10101100 %
1!
#17290
0!
#17295
0"
b10101101 %
b10101101 $
1!
#17300
0!
#17305
0"
b10101110 $
b10101110 %
1!
#17310
0!
#17315
0"
b10101111 %
b10101111 $
1!
#17320
0!
#17325
0"
b10110000 $
b10110000 %
1!
#17330
0!
#17335
0"
b10110001 %
b10110001 $
1!
#17340
0!
#17345
0"
b10110010 $
b10110010 %
1!
#17350
0!
#17355
0"
b10110011 %
b10110011 $
1!
#17360
0!
#17365
0"
b10110100 $
b10110100 %
1!
#17370
1#
0!
#17375
0"
b0 %
b0 $
0#
1!
#17380
0!
#17385
0"
b1 $
b1 %
1!
#17390
0!
#17395
0"
b10 %
b10 $
1!
#17400
0!
#17405
0"
b11 $
b11 %
1!
#17410
0!
#17415
0"
b100 %
b100 $
1!
#17420
0!
#17425
0"
b101 $
b101 %
1!
#17430
0!
#17435
0"
b110 %
b110 $
1!
#17440
0!
#17445
0"
b111 $
b111 %
1!
#17450
0!
#17455
0"
b1000 %
b1000 $
1!
#17460
0!
#17465
0"
b1001 $
b1001 %
1!
#17470
0!
#17475
0"
b1010 %
b1010 $
1!
#17480
0!
#17485
0"
b1011 $
b1011 %
1!
#17490
0!
#17495
0"
b1100 %
b1100 $
1!
#17500
0!
#17505
0"
b1101 $
b1101 %
1!
#17510
0!
#17515
0"
b1110 %
b1110 $
1!
#17520
0!
#17525
0"
b1111 $
b1111 %
1!
#17530
0!
#17535
0"
b10000 %
b10000 $
1!
#17540
0!
#17545
0"
b10001 $
b10001 %
1!
#17550
0!
#17555
0"
b10010 %
b10010 $
1!
#17560
0!
#17565
0"
b10011 $
b10011 %
1!
#17570
0!
#17575
0"
b10100 %
b10100 $
1!
#17580
0!
#17585
0"
b10101 $
b10101 %
1!
#17590
0!
#17595
0"
b10110 %
b10110 $
1!
#17600
0!
#17605
0"
b10111 $
b10111 %
1!
#17610
0!
#17615
0"
b11000 %
b11000 $
1!
#17620
0!
#17625
0"
b11001 $
b11001 %
1!
#17630
0!
#17635
0"
b11010 %
b11010 $
1!
#17640
0!
#17645
0"
b11011 $
b11011 %
1!
#17650
0!
#17655
0"
b11100 %
b11100 $
1!
#17660
0!
#17665
0"
b11101 $
b11101 %
1!
#17670
0!
#17675
0"
b11110 %
b11110 $
1!
#17680
0!
#17685
0"
b11111 $
b11111 %
1!
#17690
0!
#17695
0"
b100000 %
b100000 $
1!
#17700
0!
#17705
0"
b100001 $
b100001 %
1!
#17710
0!
#17715
0"
b100010 %
b100010 $
1!
#17720
0!
#17725
0"
b100011 $
b100011 %
1!
#17730
0!
#17735
0"
b100100 %
b100100 $
1!
#17740
0!
#17745
0"
b100101 $
b100101 %
1!
#17750
0!
#17755
0"
b100110 %
b100110 $
1!
#17760
0!
#17765
0"
b100111 $
b100111 %
1!
#17770
0!
#17775
0"
b101000 %
b101000 $
1!
#17780
0!
#17785
0"
b101001 $
b101001 %
1!
#17790
0!
#17795
0"
b101010 %
b101010 $
1!
#17800
0!
#17805
0"
b101011 $
b101011 %
1!
#17810
0!
#17815
0"
b101100 %
b101100 $
1!
#17820
0!
#17825
0"
b101101 $
b101101 %
1!
#17830
0!
#17835
0"
b101110 %
b101110 $
1!
#17840
0!
#17845
0"
b101111 $
b101111 %
1!
#17850
0!
#17855
0"
b110000 %
b110000 $
1!
#17860
0!
#17865
0"
b110001 $
b110001 %
1!
#17870
0!
#17875
0"
b110010 %
b110010 $
1!
#17880
0!
#17885
0"
b110011 $
b110011 %
1!
#17890
0!
#17895
0"
b110100 %
b110100 $
1!
#17900
0!
#17905
0"
b110101 $
b110101 %
1!
#17910
0!
#17915
0"
b110110 %
b110110 $
1!
#17920
0!
#17925
0"
b110111 $
b110111 %
1!
#17930
0!
#17935
0"
b111000 %
b111000 $
1!
#17940
0!
#17945
0"
b111001 $
b111001 %
1!
#17950
0!
#17955
0"
b111010 %
b111010 $
1!
#17960
0!
#17965
0"
b111011 $
b111011 %
1!
#17970
0!
#17975
0"
b111100 %
b111100 $
1!
#17980
0!
#17985
0"
b111101 $
b111101 %
1!
#17990
0!
#17995
0"
b111110 %
b111110 $
1!
#18000
0!
#18005
0"
b111111 $
b111111 %
1!
#18010
0!
#18015
0"
b1000000 %
b1000000 $
1!
#18020
0!
#18025
0"
b1000001 $
b1000001 %
1!
#18030
1#
0!
#18035
0"
b0 %
b0 $
0#
1!
#18040
0!
#18045
0"
b1 $
b1 %
1!
#18050
0!
#18055
0"
b10 %
b10 $
1!
#18060
0!
#18065
0"
b11 $
b11 %
1!
#18070
0!
#18075
0"
b100 %
b100 $
1!
#18080
0!
#18085
0"
b101 $
b101 %
1!
#18090
0!
#18095
0"
b110 %
b110 $
1!
#18100
0!
#18105
0"
b111 $
b111 %
1!
#18110
0!
#18115
0"
b1000 %
b1000 $
1!
#18120
0!
#18125
0"
b1001 $
b1001 %
1!
#18130
0!
#18135
0"
b1010 %
b1010 $
1!
#18140
0!
#18145
0"
b1011 $
b1011 %
1!
#18150
0!
#18155
0"
b1100 %
b1100 $
1!
#18160
0!
#18165
0"
b1101 $
b1101 %
1!
#18170
0!
#18175
0"
b1110 %
b1110 $
1!
#18180
0!
#18185
0"
b1111 $
b1111 %
1!
#18190
0!
#18195
0"
b10000 %
b10000 $
1!
#18200
0!
#18205
0"
b10001 $
b10001 %
1!
#18210
0!
#18215
0"
b10010 %
b10010 $
1!
#18220
0!
#18225
0"
b10011 $
b10011 %
1!
#18230
0!
#18235
0"
b10100 %
b10100 $
1!
#18240
0!
#18245
0"
b10101 $
b10101 %
1!
#18250
0!
#18255
0"
b10110 %
b10110 $
1!
#18260
0!
#18265
0"
b10111 $
b10111 %
1!
#18270
0!
#18275
0"
b11000 %
b11000 $
1!
#18280
0!
#18285
0"
b11001 $
b11001 %
1!
#18290
0!
#18295
0"
b11010 %
b11010 $
1!
#18300
0!
#18305
0"
b11011 $
b11011 %
1!
#18310
0!
#18315
0"
b11100 %
b11100 $
1!
#18320
0!
#18325
0"
b11101 $
b11101 %
1!
#18330
0!
#18335
0"
b11110 %
b11110 $
1!
#18340
0!
#18345
0"
b11111 $
b11111 %
1!
#18350
0!
#18355
0"
b100000 %
b100000 $
1!
#18360
0!
#18365
0"
b100001 $
b100001 %
1!
#18370
0!
#18375
0"
b100010 %
b100010 $
1!
#18380
0!
#18385
0"
b100011 $
b100011 %
1!
#18390
0!
#18395
0"
b100100 %
b100100 $
1!
#18400
0!
#18405
0"
b100101 $
b100101 %
1!
#18410
1#
0!
#18415
0"
b0 %
b0 $
0#
1!
#18420
0!
#18425
0"
b1 $
b1 %
1!
#18430
0!
#18435
0"
b10 %
b10 $
1!
#18440
0!
#18445
0"
b11 $
b11 %
1!
#18450
0!
#18455
0"
b100 %
b100 $
1!
#18460
0!
#18465
0"
b101 $
b101 %
1!
#18470
0!
#18475
0"
b110 %
b110 $
1!
#18480
0!
#18485
0"
b111 $
b111 %
1!
#18490
0!
#18495
0"
b1000 %
b1000 $
1!
#18500
1#
0!
#18505
0"
b0 $
b0 %
0#
1!
#18510
0!
#18515
0"
b1 %
b1 $
1!
#18520
0!
#18525
0"
b10 $
b10 %
1!
#18530
0!
#18535
0"
b11 %
b11 $
1!
#18540
0!
#18545
0"
b100 $
b100 %
1!
#18550
0!
#18555
0"
b101 %
b101 $
1!
#18560
0!
#18565
0"
b110 $
b110 %
1!
#18570
0!
#18575
0"
b111 %
b111 $
1!
#18580
0!
#18585
0"
b1000 $
b1000 %
1!
#18590
0!
#18595
0"
b1001 %
b1001 $
1!
#18600
0!
#18605
0"
b1010 $
b1010 %
1!
#18610
0!
#18615
0"
b1011 %
b1011 $
1!
#18620
0!
#18625
0"
b1100 $
b1100 %
1!
#18630
0!
#18635
0"
b1101 %
b1101 $
1!
#18640
0!
#18645
0"
b1110 $
b1110 %
1!
#18650
0!
#18655
0"
b1111 %
b1111 $
1!
#18660
0!
#18665
0"
b10000 $
b10000 %
1!
#18670
0!
#18675
0"
b10001 %
b10001 $
1!
#18680
0!
#18685
0"
b10010 $
b10010 %
1!
#18690
0!
#18695
0"
b10011 %
b10011 $
1!
#18700
0!
#18705
0"
b10100 $
b10100 %
1!
#18710
0!
#18715
0"
b10101 %
b10101 $
1!
#18720
0!
#18725
0"
b10110 $
b10110 %
1!
#18730
0!
#18735
0"
b10111 %
b10111 $
1!
#18740
0!
#18745
0"
b11000 $
b11000 %
1!
#18750
0!
#18755
0"
b11001 %
b11001 $
1!
#18760
0!
#18765
0"
b11010 $
b11010 %
1!
#18770
0!
#18775
0"
b11011 %
b11011 $
1!
#18780
0!
#18785
0"
b11100 $
b11100 %
1!
#18790
0!
#18795
0"
b11101 %
b11101 $
1!
#18800
0!
#18805
0"
b11110 $
b11110 %
1!
#18810
0!
#18815
0"
b11111 %
b11111 $
1!
#18820
0!
#18825
0"
b100000 $
b100000 %
1!
#18830
0!
#18835
0"
b100001 %
b100001 $
1!
#18840
0!
#18845
0"
b100010 $
b100010 %
1!
#18850
0!
#18855
0"
b100011 %
b100011 $
1!
#18860
0!
#18865
0"
b100100 $
b100100 %
1!
#18870
0!
#18875
0"
b100101 %
b100101 $
1!
#18880
1#
0!
#18885
0"
b0 $
b0 %
0#
1!
#18890
0!
#18895
0"
b1 %
b1 $
1!
#18900
0!
#18905
0"
b10 $
b10 %
1!
#18910
0!
#18915
0"
b11 %
b11 $
1!
#18920
0!
#18925
0"
b100 $
b100 %
1!
#18930
0!
#18935
0"
b101 %
b101 $
1!
#18940
0!
#18945
0"
b110 $
b110 %
1!
#18950
0!
#18955
0"
b111 %
b111 $
1!
#18960
0!
#18965
0"
b1000 $
b1000 %
1!
#18970
0!
#18975
0"
b1001 %
b1001 $
1!
#18980
0!
#18985
0"
b1010 $
b1010 %
1!
#18990
0!
#18995
0"
b1011 %
b1011 $
1!
#19000
0!
#19005
0"
b1100 $
b1100 %
1!
#19010
0!
#19015
0"
b1101 %
b1101 $
1!
#19020
0!
#19025
0"
b1110 $
b1110 %
1!
#19030
0!
#19035
0"
b1111 %
b1111 $
1!
#19040
0!
#19045
0"
b10000 $
b10000 %
1!
#19050
0!
#19055
0"
b10001 %
b10001 $
1!
#19060
0!
#19065
0"
b10010 $
b10010 %
1!
#19070
0!
#19075
0"
b10011 %
b10011 $
1!
#19080
0!
#19085
0"
b10100 $
b10100 %
1!
#19090
0!
#19095
0"
b10101 %
b10101 $
1!
#19100
0!
#19105
0"
b10110 $
b10110 %
1!
#19110
0!
#19115
0"
b10111 %
b10111 $
1!
#19120
0!
#19125
0"
b11000 $
b11000 %
1!
#19130
0!
#19135
0"
b11001 %
b11001 $
1!
#19140
0!
#19145
0"
b11010 $
b11010 %
1!
#19150
0!
#19155
0"
b11011 %
b11011 $
1!
#19160
0!
#19165
0"
b11100 $
b11100 %
1!
#19170
0!
#19175
0"
b11101 %
b11101 $
1!
#19180
0!
#19185
0"
b11110 $
b11110 %
1!
#19190
0!
#19195
0"
b11111 %
b11111 $
1!
#19200
0!
#19205
0"
b100000 $
b100000 %
1!
#19210
0!
#19215
0"
b100001 %
b100001 $
1!
#19220
0!
#19225
0"
b100010 $
b100010 %
1!
#19230
0!
#19235
0"
b100011 %
b100011 $
1!
#19240
0!
#19245
0"
b100100 $
b100100 %
1!
#19250
0!
#19255
0"
b100101 %
b100101 $
1!
#19260
0!
#19265
0"
b100110 $
b100110 %
1!
#19270
0!
#19275
0"
b100111 %
b100111 $
1!
#19280
0!
#19285
0"
b101000 $
b101000 %
1!
#19290
0!
#19295
0"
b101001 %
b101001 $
1!
#19300
0!
#19305
0"
b101010 $
b101010 %
1!
#19310
0!
#19315
0"
b101011 %
b101011 $
1!
#19320
0!
#19325
0"
b101100 $
b101100 %
1!
#19330
0!
#19335
0"
b101101 %
b101101 $
1!
#19340
0!
#19345
0"
b101110 $
b101110 %
1!
#19350
0!
#19355
0"
b101111 %
b101111 $
1!
#19360
0!
#19365
0"
b110000 $
b110000 %
1!
#19370
0!
#19375
0"
b110001 %
b110001 $
1!
#19380
0!
#19385
0"
b110010 $
b110010 %
1!
#19390
0!
#19395
0"
b110011 %
b110011 $
1!
#19400
0!
#19405
0"
b110100 $
b110100 %
1!
#19410
0!
#19415
0"
b110101 %
b110101 $
1!
#19420
0!
#19425
0"
b110110 $
b110110 %
1!
#19430
0!
#19435
0"
b110111 %
b110111 $
1!
#19440
0!
#19445
0"
b111000 $
b111000 %
1!
#19450
0!
#19455
0"
b111001 %
b111001 $
1!
#19460
0!
#19465
0"
b111010 $
b111010 %
1!
#19470
0!
#19475
0"
b111011 %
b111011 $
1!
#19480
0!
#19485
0"
b111100 $
b111100 %
1!
#19490
0!
#19495
0"
b111101 %
b111101 $
1!
#19500
0!
#19505
0"
b111110 $
b111110 %
1!
#19510
0!
#19515
0"
b111111 %
b111111 $
1!
#19520
0!
#19525
0"
b1000000 $
b1000000 %
1!
#19530
0!
#19535
0"
b1000001 %
b1000001 $
1!
#19540
0!
#19545
0"
b1000010 $
b1000010 %
1!
#19550
0!
#19555
0"
b1000011 %
b1000011 $
1!
#19560
0!
#19565
0"
b1000100 $
b1000100 %
1!
#19570
0!
#19575
0"
b1000101 %
b1000101 $
1!
#19580
0!
#19585
0"
b1000110 $
b1000110 %
1!
#19590
0!
#19595
0"
b1000111 %
b1000111 $
1!
#19600
0!
#19605
0"
b1001000 $
b1001000 %
1!
#19610
0!
#19615
0"
b1001001 %
b1001001 $
1!
#19620
0!
#19625
0"
b1001010 $
b1001010 %
1!
#19630
0!
#19635
0"
b1001011 %
b1001011 $
1!
#19640
0!
#19645
0"
b1001100 $
b1001100 %
1!
#19650
0!
#19655
0"
b1001101 %
b1001101 $
1!
#19660
0!
#19665
0"
b1001110 $
b1001110 %
1!
#19670
0!
#19675
0"
b1001111 %
b1001111 $
1!
#19680
0!
#19685
0"
b1010000 $
b1010000 %
1!
#19690
0!
#19695
0"
b1010001 %
b1010001 $
1!
#19700
0!
#19705
0"
b1010010 $
b1010010 %
1!
#19710
0!
#19715
0"
b1010011 %
b1010011 $
1!
#19720
0!
#19725
0"
b1010100 $
b1010100 %
1!
#19730
0!
#19735
0"
b1010101 %
b1010101 $
1!
#19740
0!
#19745
0"
b1010110 $
b1010110 %
1!
#19750
0!
#19755
0"
b1010111 %
b1010111 $
1!
#19760
0!
#19765
0"
b1011000 $
b1011000 %
1!
#19770
0!
#19775
0"
b1011001 %
b1011001 $
1!
#19780
0!
#19785
0"
b1011010 $
b1011010 %
1!
#19790
0!
#19795
0"
b1011011 %
b1011011 $
1!
#19800
0!
#19805
0"
b1011100 $
b1011100 %
1!
#19810
0!
#19815
0"
b1011101 %
b1011101 $
1!
#19820
0!
#19825
0"
b1011110 $
b1011110 %
1!
#19830
0!
#19835
0"
b1011111 %
b1011111 $
1!
#19840
0!
#19845
0"
b1100000 $
b1100000 %
1!
#19850
0!
#19855
0"
b1100001 %
b1100001 $
1!
#19860
0!
#19865
0"
b1100010 $
b1100010 %
1!
#19870
0!
#19875
0"
b1100011 %
b1100011 $
1!
#19880
0!
#19885
0"
b1100100 $
b1100100 %
1!
#19890
0!
#19895
0"
b1100101 %
b1100101 $
1!
#19900
0!
#19905
0"
b1100110 $
b1100110 %
1!
#19910
0!
#19915
0"
b1100111 %
b1100111 $
1!
#19920
0!
#19925
0"
b1101000 $
b1101000 %
1!
#19930
0!
#19935
0"
b1101001 %
b1101001 $
1!
#19940
0!
#19945
0"
b1101010 $
b1101010 %
1!
#19950
0!
#19955
0"
b1101011 %
b1101011 $
1!
#19960
0!
#19965
0"
b1101100 $
b1101100 %
1!
#19970
0!
#19975
0"
b1101101 %
b1101101 $
1!
#19980
0!
#19985
0"
b1101110 $
b1101110 %
1!
#19990
0!
#19995
0"
b1101111 %
b1101111 $
1!
#20000
0!
#20005
0"
b1110000 $
b1110000 %
1!
#20010
0!
#20015
0"
b1110001 %
b1110001 $
1!
#20020
0!
#20025
0"
b1110010 $
b1110010 %
1!
#20030
0!
#20035
0"
b1110011 %
b1110011 $
1!
#20040
0!
#20045
0"
b1110100 $
b1110100 %
1!
#20050
0!
#20055
0"
b1110101 %
b1110101 $
1!
#20060
0!
#20065
0"
b1110110 $
b1110110 %
1!
#20070
0!
#20075
0"
b1110111 %
b1110111 $
1!
#20080
0!
#20085
0"
b1111000 $
b1111000 %
1!
#20090
0!
#20095
0"
b1111001 %
b1111001 $
1!
#20100
0!
#20105
0"
b1111010 $
b1111010 %
1!
#20110
0!
#20115
0"
b1111011 %
b1111011 $
1!
#20120
0!
#20125
0"
b1111100 $
b1111100 %
1!
#20130
0!
#20135
0"
b1111101 %
b1111101 $
1!
#20140
0!
#20145
0"
b1111110 $
b1111110 %
1!
#20150
0!
#20155
0"
b1111111 %
b1111111 $
1!
#20160
0!
#20165
0"
b10000000 $
b10000000 %
1!
#20170
0!
#20175
0"
b10000001 %
b10000001 $
1!
#20180
0!
#20185
0"
b10000010 $
b10000010 %
1!
#20190
0!
#20195
0"
b10000011 %
b10000011 $
1!
#20200
0!
#20205
0"
b10000100 $
b10000100 %
1!
#20210
0!
#20215
0"
b10000101 %
b10000101 $
1!
#20220
0!
#20225
0"
b10000110 $
b10000110 %
1!
#20230
0!
#20235
0"
b10000111 %
b10000111 $
1!
#20240
0!
#20245
0"
b10001000 $
b10001000 %
1!
#20250
0!
#20255
0"
b10001001 %
b10001001 $
1!
#20260
0!
#20265
0"
b10001010 $
b10001010 %
1!
#20270
0!
#20275
0"
b10001011 %
b10001011 $
1!
#20280
0!
#20285
0"
b10001100 $
b10001100 %
1!
#20290
0!
#20295
0"
b10001101 %
b10001101 $
1!
#20300
0!
#20305
0"
b10001110 $
b10001110 %
1!
#20310
0!
#20315
0"
b10001111 %
b10001111 $
1!
#20320
0!
#20325
0"
b10010000 $
b10010000 %
1!
#20330
0!
#20335
0"
b10010001 %
b10010001 $
1!
#20340
0!
#20345
0"
b10010010 $
b10010010 %
1!
#20350
0!
#20355
0"
b10010011 %
b10010011 $
1!
#20360
0!
#20365
0"
b10010100 $
b10010100 %
1!
#20370
0!
#20375
0"
b10010101 %
b10010101 $
1!
#20380
0!
#20385
0"
b10010110 $
b10010110 %
1!
#20390
0!
#20395
0"
b10010111 %
b10010111 $
1!
#20400
0!
#20405
0"
b10011000 $
b10011000 %
1!
#20410
0!
#20415
0"
b10011001 %
b10011001 $
1!
#20420
0!
#20425
0"
b10011010 $
b10011010 %
1!
#20430
0!
#20435
0"
b10011011 %
b10011011 $
1!
#20440
0!
#20445
0"
b10011100 $
b10011100 %
1!
#20450
0!
#20455
0"
b10011101 %
b10011101 $
1!
#20460
0!
#20465
0"
b10011110 $
b10011110 %
1!
#20470
0!
#20475
0"
b10011111 %
b10011111 $
1!
#20480
0!
#20485
0"
b10100000 $
b10100000 %
1!
#20490
0!
#20495
0"
b10100001 %
b10100001 $
1!
#20500
0!
#20505
0"
b10100010 $
b10100010 %
1!
#20510
0!
#20515
0"
b10100011 %
b10100011 $
1!
#20520
0!
#20525
0"
b10100100 $
b10100100 %
1!
#20530
0!
#20535
0"
b10100101 %
b10100101 $
1!
#20540
0!
#20545
0"
b10100110 $
b10100110 %
1!
#20550
0!
#20555
0"
b10100111 %
b10100111 $
1!
#20560
0!
#20565
0"
b10101000 $
b10101000 %
1!
#20570
0!
#20575
0"
b10101001 %
b10101001 $
1!
#20580
0!
#20585
0"
b10101010 $
b10101010 %
1!
#20590
0!
#20595
0"
b10101011 %
b10101011 $
1!
#20600
0!
#20605
0"
b10101100 $
b10101100 %
1!
#20610
0!
#20615
0"
b10101101 %
b10101101 $
1!
#20620
0!
#20625
0"
b10101110 $
b10101110 %
1!
#20630
0!
#20635
0"
b10101111 %
b10101111 $
1!
#20640
0!
#20645
0"
b10110000 $
b10110000 %
1!
#20650
0!
#20655
0"
b10110001 %
b10110001 $
1!
#20660
0!
#20665
0"
b10110010 $
b10110010 %
1!
#20670
0!
#20675
0"
b10110011 %
b10110011 $
1!
#20680
0!
#20685
0"
b10110100 $
b10110100 %
1!
#20690
0!
#20695
0"
b10110101 %
b10110101 $
1!
#20700
0!
#20705
0"
b10110110 $
b10110110 %
1!
#20710
0!
#20715
0"
b10110111 %
b10110111 $
1!
#20720
0!
#20725
0"
b10111000 $
b10111000 %
1!
#20730
0!
#20735
0"
b10111001 %
b10111001 $
1!
#20740
0!
#20745
0"
b10111010 $
b10111010 %
1!
#20750
0!
#20755
0"
b10111011 %
b10111011 $
1!
#20760
0!
#20765
0"
b10111100 $
b10111100 %
1!
#20770
0!
#20775
0"
b10111101 %
b10111101 $
1!
#20780
0!
#20785
0"
b10111110 $
b10111110 %
1!
#20790
0!
#20795
0"
b10111111 %
b10111111 $
1!
#20800
0!
#20805
0"
b11000000 $
b11000000 %
1!
#20810
0!
#20815
0"
b11000001 %
b11000001 $
1!
#20820
0!
#20825
0"
b11000010 $
b11000010 %
1!
#20830
0!
#20835
0"
b11000011 %
b11000011 $
1!
#20840
0!
#20845
0"
b11000100 $
b11000100 %
1!
#20850
0!
#20855
0"
b11000101 %
b11000101 $
1!
#20860
0!
#20865
0"
b11000110 $
b11000110 %
1!
#20870
0!
#20875
0"
b11000111 %
b11000111 $
1!
#20880
0!
#20885
0"
b11001000 $
b11001000 %
1!
#20890
0!
#20895
0"
b11001001 %
b11001001 $
1!
#20900
0!
#20905
0"
b11001010 $
b11001010 %
1!
#20910
0!
#20915
0"
b11001011 %
b11001011 $
1!
#20920
0!
#20925
0"
b11001100 $
b11001100 %
1!
#20930
0!
#20935
0"
b11001101 %
b11001101 $
1!
#20940
0!
#20945
0"
b11001110 $
b11001110 %
1!
#20950
0!
#20955
0"
b11001111 %
b11001111 $
1!
#20960
0!
#20965
0"
b11010000 $
b11010000 %
1!
#20970
0!
#20975
0"
b11010001 %
b11010001 $
1!
#20980
0!
#20985
0"
b11010010 $
b11010010 %
1!
#20990
0!
#20995
0"
b11010011 %
b11010011 $
1!
#21000
0!
#21005
0"
b11010100 $
b11010100 %
1!
#21010
0!
#21015
0"
b11010101 %
b11010101 $
1!
#21020
0!
#21025
0"
b11010110 $
b11010110 %
1!
#21030
0!
#21035
0"
b11010111 %
b11010111 $
1!
#21040
0!
#21045
0"
b11011000 $
b11011000 %
1!
#21050
0!
#21055
0"
b11011001 %
b11011001 $
1!
#21060
0!
#21065
0"
b11011010 $
b11011010 %
1!
#21070
0!
#21075
0"
b11011011 %
b11011011 $
1!
#21080
0!
#21085
0"
b11011100 $
b11011100 %
1!
#21090
0!
#21095
0"
b11011101 %
b11011101 $
1!
#21100
0!
#21105
0"
b11011110 $
b11011110 %
1!
#21110
0!
#21115
0"
b11011111 %
b11011111 $
1!
#21120
0!
#21125
0"
b11100000 $
b11100000 %
1!
#21130
0!
#21135
0"
b11100001 %
b11100001 $
1!
#21140
0!
#21145
0"
b11100010 $
b11100010 %
1!
#21150
0!
#21155
0"
b11100011 %
b11100011 $
1!
#21160
0!
#21165
0"
b11100100 $
b11100100 %
1!
#21170
0!
#21175
0"
b11100101 %
b11100101 $
1!
#21180
0!
#21185
0"
b11100110 $
b11100110 %
1!
#21190
0!
#21195
0"
b11100111 %
b11100111 $
1!
#21200
0!
#21205
0"
b11101000 $
b11101000 %
1!
#21210
0!
#21215
0"
b11101001 %
b11101001 $
1!
#21220
0!
#21225
0"
b11101010 $
b11101010 %
1!
#21230
0!
#21235
0"
b11101011 %
b11101011 $
1!
#21240
0!
#21245
0"
b11101100 $
b11101100 %
1!
#21250
0!
#21255
0"
b11101101 %
b11101101 $
1!
#21260
0!
#21265
0"
b11101110 $
b11101110 %
1!
#21270
0!
#21275
0"
b11101111 %
b11101111 $
1!
#21280
0!
#21285
0"
b11110000 $
b11110000 %
1!
#21290
0!
#21295
0"
b11110001 %
b11110001 $
1!
#21300
0!
#21305
0"
b11110010 $
b11110010 %
1!
#21310
0!
#21315
0"
b11110011 %
b11110011 $
1!
#21320
0!
#21325
0"
b11110100 $
b11110100 %
1!
#21330
0!
#21335
0"
b11110101 %
b11110101 $
1!
#21340
0!
#21345
0"
b11110110 $
b11110110 %
1!
#21350
0!
#21355
0"
b11110111 %
b11110111 $
1!
#21360
0!
#21365
0"
b11111000 $
b11111000 %
1!
#21370
0!
#21375
0"
b11111001 %
b11111001 $
1!
#21380
0!
#21385
0"
b11111010 $
b11111010 %
1!
#21390
0!
#21395
0"
b11111011 %
b11111011 $
1!
#21400
0!
#21405
0"
b11111100 $
b11111100 %
1!
#21410
0!
#21415
0"
b11111101 %
b11111101 $
1!
#21420
0!
#21425
0"
b11111110 $
b11111110 %
1!
#21430
0!
#21435
0"
b11111111 %
b11111111 $
1!
#21440
0!
#21445
0"
b100000000 $
b100000000 %
1!
#21450
0!
#21455
0"
b100000001 %
b100000001 $
1!
#21460
0!
#21465
0"
b100000010 $
b100000010 %
1!
#21470
0!
#21475
0"
b100000011 %
b100000011 $
1!
#21480
0!
#21485
0"
b100000100 $
b100000100 %
1!
#21490
0!
#21495
0"
b100000101 %
b100000101 $
1!
#21500
0!
#21505
0"
b100000110 $
b100000110 %
1!
#21510
0!
#21515
0"
b100000111 %
b100000111 $
1!
#21520
0!
#21525
0"
b100001000 $
b100001000 %
1!
#21530
0!
#21535
0"
b100001001 %
b100001001 $
1!
#21540
0!
#21545
0"
b100001010 $
b100001010 %
1!
#21550
0!
#21555
0"
b100001011 %
b100001011 $
1!
#21560
0!
#21565
0"
b100001100 $
b100001100 %
1!
#21570
0!
#21575
0"
b100001101 %
b100001101 $
1!
#21580
0!
#21585
0"
b100001110 $
b100001110 %
1!
#21590
0!
#21595
0"
b100001111 %
b100001111 $
1!
#21600
0!
#21605
0"
b100010000 $
b100010000 %
1!
#21610
0!
#21615
0"
b100010001 %
b100010001 $
1!
#21620
0!
#21625
0"
b100010010 $
b100010010 %
1!
#21630
0!
#21635
0"
b100010011 %
b100010011 $
1!
#21640
0!
#21645
0"
b100010100 $
b100010100 %
1!
#21650
0!
#21655
0"
b100010101 %
b100010101 $
1!
#21660
0!
#21665
0"
b100010110 $
b100010110 %
1!
#21670
0!
#21675
0"
b100010111 %
b100010111 $
1!
#21680
0!
#21685
0"
b100011000 $
b100011000 %
1!
#21690
0!
#21695
0"
b100011001 %
b100011001 $
1!
#21700
0!
#21705
0"
b100011010 $
b100011010 %
1!
#21710
0!
#21715
0"
b100011011 %
b100011011 $
1!
#21720
0!
#21725
0"
b100011100 $
b100011100 %
1!
#21730
0!
#21735
0"
b100011101 %
b100011101 $
1!
#21740
0!
#21745
0"
b100011110 $
b100011110 %
1!
#21750
0!
#21755
0"
b100011111 %
b100011111 $
1!
#21760
0!
#21765
0"
b100100000 $
b100100000 %
1!
#21770
0!
#21775
0"
b100100001 %
b100100001 $
1!
#21780
0!
#21785
0"
b100100010 $
b100100010 %
1!
#21790
0!
#21795
0"
b100100011 %
b100100011 $
1!
#21800
0!
#21805
0"
b100100100 $
b100100100 %
1!
#21810
0!
#21815
0"
b100100101 %
b100100101 $
1!
#21820
0!
#21825
0"
b100100110 $
b100100110 %
1!
#21830
0!
#21835
0"
b100100111 %
b100100111 $
1!
#21840
0!
#21845
0"
b100101000 $
b100101000 %
1!
#21850
0!
#21855
0"
b100101001 %
b100101001 $
1!
#21860
0!
#21865
0"
b100101010 $
b100101010 %
1!
#21870
0!
#21875
0"
b100101011 %
b100101011 $
1!
#21880
0!
#21885
0"
b100101100 $
b100101100 %
1!
#21890
0!
#21895
0"
b100101101 %
b100101101 $
1!
#21900
0!
#21905
0"
b100101110 $
b100101110 %
1!
#21910
0!
#21915
0"
b100101111 %
b100101111 $
1!
#21920
0!
#21925
0"
b100110000 $
b100110000 %
1!
#21930
0!
#21935
0"
b100110001 %
b100110001 $
1!
#21940
0!
#21945
0"
b100110010 $
b100110010 %
1!
#21950
0!
#21955
0"
b100110011 %
b100110011 $
1!
#21960
0!
#21965
0"
b100110100 $
b100110100 %
1!
#21970
0!
#21975
0"
b100110101 %
b100110101 $
1!
#21980
0!
#21985
0"
b100110110 $
b100110110 %
1!
#21990
0!
#21995
0"
b100110111 %
b100110111 $
1!
#22000
0!
#22005
0"
b100111000 $
b100111000 %
1!
#22010
0!
#22015
0"
b100111001 %
b100111001 $
1!
#22020
0!
#22025
0"
b100111010 $
b100111010 %
1!
#22030
0!
#22035
0"
b100111011 %
b100111011 $
1!
#22040
0!
#22045
0"
b100111100 $
b100111100 %
1!
#22050
0!
#22055
0"
b100111101 %
b100111101 $
1!
#22060
0!
#22065
0"
b100111110 $
b100111110 %
1!
#22070
0!
#22075
0"
b100111111 %
b100111111 $
1!
#22080
0!
#22085
0"
b101000000 $
b101000000 %
1!
#22090
0!
#22095
0"
b101000001 %
b101000001 $
1!
#22100
0!
#22105
0"
b101000010 $
b101000010 %
1!
#22110
0!
#22115
0"
b101000011 %
b101000011 $
1!
#22120
0!
#22125
0"
b101000100 $
b101000100 %
1!
#22130
0!
#22135
0"
b101000101 %
b101000101 $
1!
#22140
0!
#22145
0"
b101000110 $
b101000110 %
1!
#22150
0!
#22155
0"
b101000111 %
b101000111 $
1!
#22160
0!
#22165
0"
b101001000 $
b101001000 %
1!
#22170
0!
#22175
0"
b101001001 %
b101001001 $
1!
#22180
0!
#22185
0"
b101001010 $
b101001010 %
1!
#22190
0!
#22195
0"
b101001011 %
b101001011 $
1!
#22200
0!
#22205
0"
b101001100 $
b101001100 %
1!
#22210
0!
#22215
0"
b101001101 %
b101001101 $
1!
#22220
0!
#22225
0"
b101001110 $
b101001110 %
1!
#22230
0!
#22235
0"
b101001111 %
b101001111 $
1!
#22240
0!
#22245
0"
b101010000 $
b101010000 %
1!
#22250
0!
#22255
0"
b101010001 %
b101010001 $
1!
#22260
0!
#22265
0"
b101010010 $
b101010010 %
1!
#22270
0!
#22275
0"
b101010011 %
b101010011 $
1!
#22280
0!
#22285
0"
b101010100 $
b101010100 %
1!
#22290
0!
#22295
0"
b101010101 %
b101010101 $
1!
#22300
0!
#22305
0"
b101010110 $
b101010110 %
1!
#22310
0!
#22315
0"
b101010111 %
b101010111 $
1!
#22320
0!
#22325
0"
b101011000 $
b101011000 %
1!
#22330
0!
#22335
0"
b101011001 %
b101011001 $
1!
#22340
0!
#22345
0"
b101011010 $
b101011010 %
1!
#22350
0!
#22355
0"
b101011011 %
b101011011 $
1!
#22360
0!
#22365
0"
b101011100 $
b101011100 %
1!
#22370
0!
#22375
0"
b101011101 %
b101011101 $
1!
#22380
0!
#22385
0"
b101011110 $
b101011110 %
1!
#22390
0!
#22395
0"
b101011111 %
b101011111 $
1!
#22400
0!
#22405
0"
b101100000 $
b101100000 %
1!
#22410
0!
#22415
0"
b101100001 %
b101100001 $
1!
#22420
0!
#22425
0"
b101100010 $
b101100010 %
1!
#22430
0!
#22435
0"
b101100011 %
b101100011 $
1!
#22440
0!
#22445
0"
b101100100 $
b101100100 %
1!
#22450
0!
#22455
0"
b101100101 %
b101100101 $
1!
#22460
0!
#22465
0"
b101100110 $
b101100110 %
1!
#22470
0!
#22475
0"
b101100111 %
b101100111 $
1!
#22480
0!
#22485
0"
b101101000 $
b101101000 %
1!
#22490
0!
#22495
0"
b101101001 %
b101101001 $
1!
#22500
0!
#22505
0"
b101101010 $
b101101010 %
1!
#22510
0!
#22515
0"
b101101011 %
b101101011 $
1!
#22520
0!
#22525
0"
b101101100 $
b101101100 %
1!
#22530
0!
#22535
0"
b101101101 %
b101101101 $
1!
#22540
0!
#22545
0"
b101101110 $
b101101110 %
1!
#22550
0!
#22555
0"
b101101111 %
b101101111 $
1!
#22560
0!
#22565
0"
b101110000 $
b101110000 %
1!
#22570
0!
#22575
0"
b101110001 %
b101110001 $
1!
#22580
0!
#22585
0"
b101110010 $
b101110010 %
1!
#22590
0!
#22595
0"
b101110011 %
b101110011 $
1!
#22600
0!
#22605
0"
b101110100 $
b101110100 %
1!
#22610
0!
#22615
0"
b101110101 %
b101110101 $
1!
#22620
0!
#22625
0"
b101110110 $
b101110110 %
1!
#22630
0!
#22635
0"
b101110111 %
b101110111 $
1!
#22640
0!
#22645
0"
b101111000 $
b101111000 %
1!
#22650
0!
#22655
0"
b101111001 %
b101111001 $
1!
#22660
0!
#22665
0"
b101111010 $
b101111010 %
1!
#22670
0!
#22675
0"
b101111011 %
b101111011 $
1!
#22680
0!
#22685
0"
b101111100 $
b101111100 %
1!
#22690
0!
#22695
0"
b101111101 %
b101111101 $
1!
#22700
0!
#22705
0"
b101111110 $
b101111110 %
1!
#22710
0!
#22715
0"
b101111111 %
b101111111 $
1!
#22720
0!
#22725
0"
b110000000 $
b110000000 %
1!
#22730
0!
#22735
0"
b110000001 %
b110000001 $
1!
#22740
0!
#22745
0"
b110000010 $
b110000010 %
1!
#22750
0!
#22755
0"
b110000011 %
b110000011 $
1!
#22760
0!
#22765
0"
b110000100 $
b110000100 %
1!
#22770
0!
#22775
0"
b110000101 %
b110000101 $
1!
#22780
0!
#22785
0"
b110000110 $
b110000110 %
1!
#22790
0!
#22795
0"
b110000111 %
b110000111 $
1!
#22800
0!
#22805
0"
b110001000 $
b110001000 %
1!
#22810
0!
#22815
0"
b110001001 %
b110001001 $
1!
#22820
0!
#22825
0"
b110001010 $
b110001010 %
1!
#22830
0!
#22835
0"
b110001011 %
b110001011 $
1!
#22840
0!
#22845
0"
b110001100 $
b110001100 %
1!
#22850
0!
#22855
0"
b110001101 %
b110001101 $
1!
#22860
0!
#22865
0"
b110001110 $
b110001110 %
1!
#22870
0!
#22875
0"
b110001111 %
b110001111 $
1!
#22880
0!
#22885
0"
b110010000 $
b110010000 %
1!
#22890
0!
#22895
0"
b110010001 %
b110010001 $
1!
#22900
0!
#22905
0"
b110010010 $
b110010010 %
1!
#22910
0!
#22915
0"
b110010011 %
b110010011 $
1!
#22920
0!
#22925
0"
b110010100 $
b110010100 %
1!
#22930
0!
#22935
0"
b110010101 %
b110010101 $
1!
#22940
0!
#22945
0"
b110010110 $
b110010110 %
1!
#22950
0!
#22955
0"
b110010111 %
b110010111 $
1!
#22960
0!
#22965
0"
b110011000 $
b110011000 %
1!
#22970
0!
#22975
0"
b110011001 %
b110011001 $
1!
#22980
0!
#22985
0"
b110011010 $
b110011010 %
1!
#22990
0!
#22995
0"
b110011011 %
b110011011 $
1!
#23000
0!
#23005
0"
b110011100 $
b110011100 %
1!
#23010
0!
#23015
0"
b110011101 %
b110011101 $
1!
#23020
0!
#23025
0"
b110011110 $
b110011110 %
1!
#23030
0!
#23035
0"
b110011111 %
b110011111 $
1!
#23040
0!
#23045
0"
b110100000 $
b110100000 %
1!
#23050
0!
#23055
0"
b110100001 %
b110100001 $
1!
#23060
0!
#23065
0"
b110100010 $
b110100010 %
1!
#23070
0!
#23075
0"
b110100011 %
b110100011 $
1!
#23080
0!
#23085
0"
b110100100 $
b110100100 %
1!
#23090
0!
#23095
0"
b110100101 %
b110100101 $
1!
#23100
0!
#23105
0"
b110100110 $
b110100110 %
1!
#23110
0!
#23115
0"
b110100111 %
b110100111 $
1!
#23120
0!
#23125
0"
b110101000 $
b110101000 %
1!
#23130
0!
#23135
0"
b110101001 %
b110101001 $
1!
#23140
0!
#23145
0"
b110101010 $
b110101010 %
1!
#23150
0!
#23155
0"
b110101011 %
b110101011 $
1!
#23160
0!
#23165
0"
b110101100 $
b110101100 %
1!
#23170
0!
#23175
0"
b110101101 %
b110101101 $
1!
#23180
0!
#23185
0"
b110101110 $
b110101110 %
1!
#23190
0!
#23195
0"
b110101111 %
b110101111 $
1!
#23200
0!
#23205
0"
b110110000 $
b110110000 %
1!
#23210
0!
#23215
0"
b110110001 %
b110110001 $
1!
#23220
0!
#23225
0"
b110110010 $
b110110010 %
1!
#23230
0!
#23235
0"
b110110011 %
b110110011 $
1!
#23240
0!
#23245
0"
b110110100 $
b110110100 %
1!
#23250
0!
#23255
0"
b110110101 %
b110110101 $
1!
#23260
0!
#23265
0"
b110110110 $
b110110110 %
1!
#23270
0!
#23275
0"
b110110111 %
b110110111 $
1!
#23280
0!
#23285
0"
b110111000 $
b110111000 %
1!
#23290
0!
#23295
0"
b110111001 %
b110111001 $
1!
#23300
0!
#23305
0"
b110111010 $
b110111010 %
1!
#23310
0!
#23315
0"
b110111011 %
b110111011 $
1!
#23320
0!
#23325
0"
b110111100 $
b110111100 %
1!
#23330
0!
#23335
0"
b110111101 %
b110111101 $
1!
#23340
0!
#23345
0"
b110111110 $
b110111110 %
1!
#23350
0!
#23355
0"
b110111111 %
b110111111 $
1!
#23360
0!
#23365
0"
b111000000 $
b111000000 %
1!
#23370
0!
#23375
0"
b111000001 %
b111000001 $
1!
#23380
0!
#23385
0"
b111000010 $
b111000010 %
1!
#23390
0!
#23395
0"
b111000011 %
b111000011 $
1!
#23400
0!
#23405
0"
b111000100 $
b111000100 %
1!
#23410
0!
#23415
0"
b111000101 %
b111000101 $
1!
#23420
0!
#23425
0"
b111000110 $
b111000110 %
1!
#23430
0!
#23435
0"
b111000111 %
b111000111 $
1!
#23440
0!
#23445
0"
b111001000 $
b111001000 %
1!
#23450
0!
#23455
0"
b111001001 %
b111001001 $
1!
#23460
0!
#23465
0"
b111001010 $
b111001010 %
1!
#23470
0!
#23475
0"
b111001011 %
b111001011 $
1!
#23480
0!
#23485
0"
b111001100 $
b111001100 %
1!
#23490
0!
#23495
0"
b111001101 %
b111001101 $
1!
#23500
0!
#23505
0"
b111001110 $
b111001110 %
1!
#23510
0!
#23515
0"
b111001111 %
b111001111 $
1!
#23520
0!
#23525
0"
b111010000 $
b111010000 %
1!
#23530
0!
#23535
0"
b111010001 %
b111010001 $
1!
#23540
0!
#23545
0"
b111010010 $
b111010010 %
1!
#23550
0!
#23555
0"
b111010011 %
b111010011 $
1!
#23560
0!
#23565
0"
b111010100 $
b111010100 %
1!
#23570
0!
#23575
0"
b111010101 %
b111010101 $
1!
#23580
0!
#23585
0"
b111010110 $
b111010110 %
1!
#23590
0!
#23595
0"
b111010111 %
b111010111 $
1!
#23600
0!
#23605
0"
b111011000 $
b111011000 %
1!
#23610
0!
#23615
0"
b111011001 %
b111011001 $
1!
#23620
0!
#23625
0"
b111011010 $
b111011010 %
1!
#23630
0!
#23635
0"
b111011011 %
b111011011 $
1!
#23640
0!
#23645
0"
b111011100 $
b111011100 %
1!
#23650
0!
#23655
0"
b111011101 %
b111011101 $
1!
#23660
0!
#23665
0"
b111011110 $
b111011110 %
1!
#23670
0!
#23675
0"
b111011111 %
b111011111 $
1!
#23680
0!
#23685
0"
b111100000 $
b111100000 %
1!
#23690
0!
#23695
0"
b111100001 %
b111100001 $
1!
#23700
0!
#23705
0"
b111100010 $
b111100010 %
1!
#23710
0!
#23715
0"
b111100011 %
b111100011 $
1!
#23720
0!
#23725
0"
b111100100 $
b111100100 %
1!
#23730
0!
#23735
0"
b111100101 %
b111100101 $
1!
#23740
0!
#23745
0"
b111100110 $
b111100110 %
1!
#23750
0!
#23755
0"
b111100111 %
b111100111 $
1!
#23760
0!
#23765
0"
b111101000 $
b111101000 %
1!
#23770
0!
#23775
0"
b111101001 %
b111101001 $
1!
#23780
0!
#23785
0"
b111101010 $
b111101010 %
1!
#23790
0!
#23795
0"
b111101011 %
b111101011 $
1!
#23800
0!
#23805
0"
b111101100 $
b111101100 %
1!
#23810
0!
#23815
0"
b111101101 %
b111101101 $
1!
#23820
0!
#23825
0"
b111101110 $
b111101110 %
1!
#23830
0!
#23835
0"
b111101111 %
b111101111 $
1!
#23840
0!
#23845
0"
b111110000 $
b111110000 %
1!
#23850
0!
#23855
0"
b111110001 %
b111110001 $
1!
#23860
0!
#23865
0"
b111110010 $
b111110010 %
1!
#23870
0!
#23875
0"
b111110011 %
b111110011 $
1!
#23880
0!
#23885
0"
b111110100 $
b111110100 %
1!
#23890
0!
#23895
0"
b111110101 %
b111110101 $
1!
#23900
0!
#23905
0"
b111110110 $
b111110110 %
1!
#23910
0!
#23915
0"
b111110111 %
b111110111 $
1!
#23920
0!
#23925
0"
b111111000 $
b111111000 %
1!
#23930
0!
#23935
0"
b111111001 %
b111111001 $
1!
#23940
0!
#23945
0"
b111111010 $
b111111010 %
1!
#23950
0!
#23955
0"
b111111011 %
b111111011 $
1!
#23960
0!
#23965
0"
b111111100 $
b111111100 %
1!
#23970
0!
#23975
0"
b111111101 %
b111111101 $
1!
#23980
0!
#23985
0"
b111111110 $
b111111110 %
1!
#23990
0!
#23995
0"
b111111111 %
b111111111 $
1!
#24000
0!
#24005
0"
b1000000000 $
b1000000000 %
1!
#24010
0!
#24015
0"
b1000000001 %
b1000000001 $
1!
#24020
0!
#24025
0"
b1000000010 $
b1000000010 %
1!
#24030
0!
#24035
0"
b1000000011 %
b1000000011 $
1!
#24040
0!
#24045
0"
b1000000100 $
b1000000100 %
1!
#24050
0!
#24055
0"
b1000000101 %
b1000000101 $
1!
#24060
0!
#24065
0"
b1000000110 $
b1000000110 %
1!
#24070
0!
#24075
0"
b1000000111 %
b1000000111 $
1!
#24080
0!
#24085
0"
b1000001000 $
b1000001000 %
1!
#24090
0!
#24095
0"
b1000001001 %
b1000001001 $
1!
#24100
0!
#24105
0"
b1000001010 $
b1000001010 %
1!
#24110
0!
#24115
0"
b1000001011 %
b1000001011 $
1!
#24120
0!
#24125
0"
b1000001100 $
b1000001100 %
1!
#24130
0!
#24135
0"
b1000001101 %
b1000001101 $
1!
#24140
0!
#24145
0"
b1000001110 $
b1000001110 %
1!
#24150
0!
#24155
0"
b1000001111 %
b1000001111 $
1!
#24160
0!
#24165
0"
b1000010000 $
b1000010000 %
1!
#24170
0!
#24175
0"
b1000010001 %
b1000010001 $
1!
#24180
0!
#24185
0"
b1000010010 $
b1000010010 %
1!
#24190
0!
#24195
0"
b1000010011 %
b1000010011 $
1!
#24200
0!
#24205
0"
b1000010100 $
b1000010100 %
1!
#24210
0!
#24215
0"
b1000010101 %
b1000010101 $
1!
#24220
0!
#24225
0"
b1000010110 $
b1000010110 %
1!
#24230
0!
#24235
0"
b1000010111 %
b1000010111 $
1!
#24240
0!
#24245
0"
b1000011000 $
b1000011000 %
1!
#24250
0!
#24255
0"
b1000011001 %
b1000011001 $
1!
#24260
0!
#24265
0"
b1000011010 $
b1000011010 %
1!
#24270
0!
#24275
0"
b1000011011 %
b1000011011 $
1!
#24280
0!
#24285
0"
b1000011100 $
b1000011100 %
1!
#24290
0!
#24295
0"
b1000011101 %
b1000011101 $
1!
#24300
0!
#24305
0"
b1000011110 $
b1000011110 %
1!
#24310
0!
#24315
0"
b1000011111 %
b1000011111 $
1!
#24320
0!
#24325
0"
b1000100000 $
b1000100000 %
1!
#24330
0!
#24335
0"
b1000100001 %
b1000100001 $
1!
#24340
0!
#24345
0"
b1000100010 $
b1000100010 %
1!
#24350
0!
#24355
0"
b1000100011 %
b1000100011 $
1!
#24360
0!
#24365
0"
b1000100100 $
b1000100100 %
1!
#24370
0!
#24375
0"
b1000100101 %
b1000100101 $
1!
#24380
0!
#24385
0"
b1000100110 $
b1000100110 %
1!
#24390
0!
#24395
0"
b1000100111 %
b1000100111 $
1!
#24400
0!
#24405
0"
b1000101000 $
b1000101000 %
1!
#24410
0!
#24415
0"
b1000101001 %
b1000101001 $
1!
#24420
0!
#24425
0"
b1000101010 $
b1000101010 %
1!
#24430
0!
#24435
0"
b1000101011 %
b1000101011 $
1!
#24440
0!
#24445
0"
b1000101100 $
b1000101100 %
1!
#24450
0!
#24455
0"
b1000101101 %
b1000101101 $
1!
#24460
0!
#24465
0"
b1000101110 $
b1000101110 %
1!
#24470
0!
#24475
0"
b1000101111 %
b1000101111 $
1!
#24480
0!
#24485
0"
b1000110000 $
b1000110000 %
1!
#24490
0!
#24495
0"
b1000110001 %
b1000110001 $
1!
#24500
0!
#24505
0"
b1000110010 $
b1000110010 %
1!
#24510
0!
#24515
0"
b1000110011 %
b1000110011 $
1!
#24520
0!
#24525
0"
b1000110100 $
b1000110100 %
1!
#24530
0!
#24535
0"
b1000110101 %
b1000110101 $
1!
#24540
0!
#24545
0"
b1000110110 $
b1000110110 %
1!
#24550
0!
#24555
0"
b1000110111 %
b1000110111 $
1!
#24560
0!
#24565
0"
b1000111000 $
b1000111000 %
1!
#24570
0!
#24575
0"
b1000111001 %
b1000111001 $
1!
#24580
0!
#24585
0"
b1000111010 $
b1000111010 %
1!
#24590
0!
#24595
0"
b1000111011 %
b1000111011 $
1!
#24600
0!
#24605
0"
b1000111100 $
b1000111100 %
1!
#24610
0!
#24615
0"
b1000111101 %
b1000111101 $
1!
#24620
0!
#24625
0"
b1000111110 $
b1000111110 %
1!
#24630
0!
#24635
0"
b1000111111 %
b1000111111 $
1!
#24640
0!
#24645
0"
b1001000000 $
b1001000000 %
1!
#24650
0!
#24655
0"
b1001000001 %
b1001000001 $
1!
#24660
0!
#24665
0"
b1001000010 $
b1001000010 %
1!
#24670
0!
#24675
0"
b1001000011 %
b1001000011 $
1!
#24680
0!
#24685
0"
b1001000100 $
b1001000100 %
1!
#24690
0!
#24695
0"
b1001000101 %
b1001000101 $
1!
#24700
0!
#24705
0"
b1001000110 $
b1001000110 %
1!
#24710
0!
#24715
0"
b1001000111 %
b1001000111 $
1!
#24720
0!
#24725
0"
b1001001000 $
b1001001000 %
1!
#24730
0!
#24735
0"
b1001001001 %
b1001001001 $
1!
#24740
0!
#24745
0"
b1001001010 $
b1001001010 %
1!
#24750
0!
#24755
0"
b1001001011 %
b1001001011 $
1!
#24760
0!
#24765
0"
b1001001100 $
b1001001100 %
1!
#24770
0!
#24775
0"
b1001001101 %
b1001001101 $
1!
#24780
0!
#24785
0"
b1001001110 $
b1001001110 %
1!
#24790
0!
#24795
0"
b1001001111 %
b1001001111 $
1!
#24800
0!
#24805
0"
b1001010000 $
b1001010000 %
1!
#24810
0!
#24815
0"
b1001010001 %
b1001010001 $
1!
#24820
0!
#24825
0"
b1001010010 $
b1001010010 %
1!
#24830
0!
#24835
0"
b1001010011 %
b1001010011 $
1!
#24840
0!
#24845
0"
b1001010100 $
b1001010100 %
1!
#24850
0!
#24855
0"
b1001010101 %
b1001010101 $
1!
#24860
0!
#24865
0"
b1001010110 $
b1001010110 %
1!
#24870
0!
#24875
0"
b1001010111 %
b1001010111 $
1!
#24880
0!
#24885
0"
b1001011000 $
b1001011000 %
1!
#24890
0!
#24895
0"
b1001011001 %
b1001011001 $
1!
#24900
0!
#24905
0"
b1001011010 $
b1001011010 %
1!
#24910
0!
#24915
0"
b1001011011 %
b1001011011 $
1!
#24920
0!
#24925
0"
b1001011100 $
b1001011100 %
1!
#24930
0!
#24935
0"
b1001011101 %
b1001011101 $
1!
#24940
0!
#24945
0"
b1001011110 $
b1001011110 %
1!
#24950
0!
#24955
0"
b1001011111 %
b1001011111 $
1!
#24960
0!
#24965
0"
b1001100000 $
b1001100000 %
1!
#24970
0!
#24975
0"
b1001100001 %
b1001100001 $
1!
#24980
0!
#24985
0"
b1001100010 $
b1001100010 %
1!
#24990
0!
#24995
0"
b1001100011 %
b1001100011 $
1!
#25000
0!
#25005
0"
b1001100100 $
b1001100100 %
1!
#25010
0!
#25015
0"
b1001100101 %
b1001100101 $
1!
#25020
0!
#25025
0"
b1001100110 $
b1001100110 %
1!
#25030
0!
#25035
0"
b1001100111 %
b1001100111 $
1!
#25040
0!
#25045
0"
b1001101000 $
b1001101000 %
1!
#25050
0!
#25055
0"
b1001101001 %
b1001101001 $
1!
#25060
0!
#25065
0"
b1001101010 $
b1001101010 %
1!
#25070
0!
#25075
0"
b1001101011 %
b1001101011 $
1!
#25080
0!
#25085
0"
b1001101100 $
b1001101100 %
1!
#25090
0!
#25095
0"
b1001101101 %
b1001101101 $
1!
#25100
0!
#25105
0"
b1001101110 $
b1001101110 %
1!
#25110
0!
#25115
0"
b1001101111 %
b1001101111 $
1!
#25120
0!
#25125
0"
b1001110000 $
b1001110000 %
1!
#25130
0!
#25135
0"
b1001110001 %
b1001110001 $
1!
#25140
0!
#25145
0"
b1001110010 $
b1001110010 %
1!
#25150
0!
#25155
0"
b1001110011 %
b1001110011 $
1!
#25160
0!
#25165
0"
b1001110100 $
b1001110100 %
1!
#25170
0!
#25175
0"
b1001110101 %
b1001110101 $
1!
#25180
0!
#25185
0"
b1001110110 $
b1001110110 %
1!
#25190
0!
#25195
0"
b1001110111 %
b1001110111 $
1!
#25200
0!
#25205
0"
b1001111000 $
b1001111000 %
1!
#25210
0!
#25215
0"
b1001111001 %
b1001111001 $
1!
#25220
0!
#25225
0"
b1001111010 $
b1001111010 %
1!
#25230
0!
#25235
0"
b1001111011 %
b1001111011 $
1!
#25240
0!
#25245
0"
b1001111100 $
b1001111100 %
1!
#25250
0!
#25255
0"
b1001111101 %
b1001111101 $
1!
#25260
0!
#25265
0"
b1001111110 $
b1001111110 %
1!
#25270
0!
#25275
0"
b1001111111 %
b1001111111 $
1!
#25280
0!
#25285
0"
b1010000000 $
b1010000000 %
1!
#25290
0!
#25295
0"
b1010000001 %
b1010000001 $
1!
#25300
0!
#25305
0"
b1010000010 $
b1010000010 %
1!
#25310
0!
#25315
0"
b1010000011 %
b1010000011 $
1!
#25320
0!
#25325
0"
b1010000100 $
b1010000100 %
1!
#25330
0!
#25335
0"
b1010000101 %
b1010000101 $
1!
#25340
0!
#25345
0"
b1010000110 $
b1010000110 %
1!
#25350
0!
#25355
0"
b1010000111 %
b1010000111 $
1!
#25360
0!
#25365
0"
b1010001000 $
b1010001000 %
1!
#25370
0!
#25375
0"
b1010001001 %
b1010001001 $
1!
#25380
0!
#25385
0"
b1010001010 $
b1010001010 %
1!
#25390
0!
#25395
0"
b1010001011 %
b1010001011 $
1!
#25400
0!
#25405
0"
b1010001100 $
b1010001100 %
1!
#25410
0!
#25415
0"
b1010001101 %
b1010001101 $
1!
#25420
0!
#25425
0"
b1010001110 $
b1010001110 %
1!
#25430
0!
#25435
0"
b1010001111 %
b1010001111 $
1!
#25440
0!
#25445
0"
b1010010000 $
b1010010000 %
1!
#25450
0!
#25455
0"
b1010010001 %
b1010010001 $
1!
#25460
0!
#25465
0"
b1010010010 $
b1010010010 %
1!
#25470
0!
#25475
0"
b1010010011 %
b1010010011 $
1!
#25480
0!
#25485
0"
b1010010100 $
b1010010100 %
1!
#25490
0!
#25495
0"
b1010010101 %
b1010010101 $
1!
#25500
0!
#25505
0"
b1010010110 $
b1010010110 %
1!
#25510
0!
#25515
0"
b1010010111 %
b1010010111 $
1!
#25520
0!
#25525
0"
b1010011000 $
b1010011000 %
1!
#25530
0!
#25535
0"
b1010011001 %
b1010011001 $
1!
#25540
0!
#25545
0"
b1010011010 $
b1010011010 %
1!
#25550
0!
#25555
0"
b1010011011 %
b1010011011 $
1!
#25560
0!
#25565
0"
b1010011100 $
b1010011100 %
1!
#25570
0!
#25575
0"
b1010011101 %
b1010011101 $
1!
#25580
0!
#25585
0"
b1010011110 $
b1010011110 %
1!
#25590
0!
#25595
0"
b1010011111 %
b1010011111 $
1!
#25600
0!
#25605
0"
b1010100000 $
b1010100000 %
1!
#25610
0!
#25615
0"
b1010100001 %
b1010100001 $
1!
#25620
0!
#25625
0"
b1010100010 $
b1010100010 %
1!
#25630
0!
#25635
0"
b1010100011 %
b1010100011 $
1!
#25640
0!
#25645
0"
b1010100100 $
b1010100100 %
1!
#25650
0!
#25655
0"
b1010100101 %
b1010100101 $
1!
#25660
0!
#25665
0"
b1010100110 $
b1010100110 %
1!
#25670
0!
#25675
0"
b1010100111 %
b1010100111 $
1!
#25680
0!
#25685
0"
b1010101000 $
b1010101000 %
1!
#25690
0!
#25695
0"
b1010101001 %
b1010101001 $
1!
#25700
0!
#25705
0"
b1010101010 $
b1010101010 %
1!
#25710
0!
#25715
0"
b1010101011 %
b1010101011 $
1!
#25720
0!
#25725
0"
b1010101100 $
b1010101100 %
1!
#25730
0!
#25735
0"
b1010101101 %
b1010101101 $
1!
#25740
0!
#25745
0"
b1010101110 $
b1010101110 %
1!
#25750
0!
#25755
0"
b1010101111 %
b1010101111 $
1!
#25760
0!
#25765
0"
b1010110000 $
b1010110000 %
1!
#25770
0!
#25775
0"
b1010110001 %
b1010110001 $
1!
#25780
0!
#25785
0"
b1010110010 $
b1010110010 %
1!
#25790
0!
#25795
0"
b1010110011 %
b1010110011 $
1!
#25800
0!
#25805
0"
b1010110100 $
b1010110100 %
1!
#25810
0!
#25815
0"
b1010110101 %
b1010110101 $
1!
#25820
0!
#25825
0"
b1010110110 $
b1010110110 %
1!
#25830
0!
#25835
0"
b1010110111 %
b1010110111 $
1!
#25840
0!
#25845
0"
b1010111000 $
b1010111000 %
1!
#25850
0!
#25855
0"
b1010111001 %
b1010111001 $
1!
#25860
0!
#25865
0"
b1010111010 $
b1010111010 %
1!
#25870
0!
#25875
0"
b1010111011 %
b1010111011 $
1!
#25880
0!
#25885
0"
b1010111100 $
b1010111100 %
1!
#25890
0!
#25895
0"
b1010111101 %
b1010111101 $
1!
#25900
0!
#25905
0"
b1010111110 $
b1010111110 %
1!
#25910
0!
#25915
0"
b1010111111 %
b1010111111 $
1!
#25920
0!
#25925
0"
b1011000000 $
b1011000000 %
1!
#25930
0!
#25935
0"
b1011000001 %
b1011000001 $
1!
#25940
0!
#25945
0"
b1011000010 $
b1011000010 %
1!
#25950
0!
#25955
0"
b1011000011 %
b1011000011 $
1!
#25960
0!
#25965
0"
b1011000100 $
b1011000100 %
1!
#25970
0!
#25975
0"
b1011000101 %
b1011000101 $
1!
#25980
0!
#25985
0"
b1011000110 $
b1011000110 %
1!
#25990
0!
#25995
0"
b1011000111 %
b1011000111 $
1!
#26000
0!
#26005
0"
b1011001000 $
b1011001000 %
1!
#26010
0!
#26015
0"
b1011001001 %
b1011001001 $
1!
#26020
0!
#26025
0"
b1011001010 $
b1011001010 %
1!
#26030
0!
#26035
0"
b1011001011 %
b1011001011 $
1!
#26040
0!
#26045
0"
b1011001100 $
b1011001100 %
1!
#26050
0!
#26055
0"
b1011001101 %
b1011001101 $
1!
#26060
0!
#26065
0"
b1011001110 $
b1011001110 %
1!
#26070
0!
#26075
0"
b1011001111 %
b1011001111 $
1!
#26080
0!
#26085
0"
b1011010000 $
b1011010000 %
1!
#26090
0!
#26095
0"
b1011010001 %
b1011010001 $
1!
#26100
0!
#26105
0"
b1011010010 $
b1011010010 %
1!
#26110
0!
#26115
0"
b1011010011 %
b1011010011 $
1!
#26120
0!
#26125
0"
b1011010100 $
b1011010100 %
1!
#26130
0!
#26135
0"
b1011010101 %
b1011010101 $
1!
#26140
0!
#26145
0"
b1011010110 $
b1011010110 %
1!
#26150
0!
#26155
0"
b1011010111 %
b1011010111 $
1!
#26160
0!
#26165
0"
b1011011000 $
b1011011000 %
1!
#26170
0!
#26175
0"
b1011011001 %
b1011011001 $
1!
#26180
0!
#26185
0"
b1011011010 $
b1011011010 %
1!
#26190
0!
#26195
0"
b1011011011 %
b1011011011 $
1!
#26200
0!
#26205
0"
b1011011100 $
b1011011100 %
1!
#26210
0!
#26215
0"
b1011011101 %
b1011011101 $
1!
#26220
0!
#26225
0"
b1011011110 $
b1011011110 %
1!
#26230
0!
#26235
0"
b1011011111 %
b1011011111 $
1!
#26240
0!
#26245
0"
b1011100000 $
b1011100000 %
1!
#26250
0!
#26255
0"
b1011100001 %
b1011100001 $
1!
#26260
0!
#26265
0"
b1011100010 $
b1011100010 %
1!
#26270
0!
#26275
0"
b1011100011 %
b1011100011 $
1!
#26280
0!
#26285
0"
b1011100100 $
b1011100100 %
1!
#26290
0!
#26295
0"
b1011100101 %
b1011100101 $
1!
#26300
0!
#26305
0"
b1011100110 $
b1011100110 %
1!
#26310
0!
#26315
0"
b1011100111 %
b1011100111 $
1!
#26320
0!
#26325
0"
b1011101000 $
b1011101000 %
1!
#26330
0!
#26335
0"
b1011101001 %
b1011101001 $
1!
#26340
0!
#26345
0"
b1011101010 $
b1011101010 %
1!
#26350
0!
#26355
0"
b1011101011 %
b1011101011 $
1!
#26360
0!
#26365
0"
b1011101100 $
b1011101100 %
1!
#26370
0!
#26375
0"
b1011101101 %
b1011101101 $
1!
#26380
0!
#26385
0"
b1011101110 $
b1011101110 %
1!
#26390
0!
#26395
0"
b1011101111 %
b1011101111 $
1!
#26400
0!
#26405
0"
b1011110000 $
b1011110000 %
1!
#26410
0!
#26415
0"
b1011110001 %
b1011110001 $
1!
#26420
0!
#26425
0"
b1011110010 $
b1011110010 %
1!
#26430
0!
#26435
0"
b1011110011 %
b1011110011 $
1!
#26440
0!
#26445
0"
b1011110100 $
b1011110100 %
1!
#26450
0!
#26455
0"
b1011110101 %
b1011110101 $
1!
#26460
0!
#26465
0"
b1011110110 $
b1011110110 %
1!
#26470
0!
#26475
0"
b1011110111 %
b1011110111 $
1!
#26480
0!
#26485
0"
b1011111000 $
b1011111000 %
1!
#26490
0!
#26495
0"
b1011111001 %
b1011111001 $
1!
#26500
0!
#26505
0"
b1011111010 $
b1011111010 %
1!
#26510
0!
#26515
0"
b1011111011 %
b1011111011 $
1!
#26520
0!
#26525
0"
b1011111100 $
b1011111100 %
1!
#26530
0!
#26535
0"
b1011111101 %
b1011111101 $
1!
#26540
0!
#26545
0"
b1011111110 $
b1011111110 %
1!
#26550
0!
#26555
0"
b1011111111 %
b1011111111 $
1!
#26560
0!
#26565
0"
b1100000000 $
b1100000000 %
1!
#26570
0!
#26575
0"
b1100000001 %
b1100000001 $
1!
#26580
0!
#26585
0"
b1100000010 $
b1100000010 %
1!
#26590
0!
#26595
0"
b1100000011 %
b1100000011 $
1!
#26600
0!
#26605
0"
b1100000100 $
b1100000100 %
1!
#26610
0!
#26615
0"
b1100000101 %
b1100000101 $
1!
#26620
0!
#26625
0"
b1100000110 $
b1100000110 %
1!
#26630
0!
#26635
0"
b1100000111 %
b1100000111 $
1!
#26640
0!
#26645
0"
b1100001000 $
b1100001000 %
1!
#26650
0!
#26655
0"
b1100001001 %
b1100001001 $
1!
#26660
0!
#26665
0"
b1100001010 $
b1100001010 %
1!
#26670
0!
#26675
0"
b1100001011 %
b1100001011 $
1!
#26680
0!
#26685
0"
b1100001100 $
b1100001100 %
1!
#26690
0!
#26695
0"
b1100001101 %
b1100001101 $
1!
#26700
0!
#26705
0"
b1100001110 $
b1100001110 %
1!
#26710
0!
#26715
0"
b1100001111 %
b1100001111 $
1!
#26720
0!
#26725
0"
b1100010000 $
b1100010000 %
1!
#26730
0!
#26735
0"
b1100010001 %
b1100010001 $
1!
#26740
0!
#26745
0"
b1100010010 $
b1100010010 %
1!
#26750
0!
#26755
0"
b1100010011 %
b1100010011 $
1!
#26760
0!
#26765
0"
b1100010100 $
b1100010100 %
1!
#26770
0!
#26775
0"
b1100010101 %
b1100010101 $
1!
#26780
0!
#26785
0"
b1100010110 $
b1100010110 %
1!
#26790
0!
#26795
0"
b1100010111 %
b1100010111 $
1!
#26800
0!
#26805
0"
b1100011000 $
b1100011000 %
1!
#26810
0!
#26815
0"
b1100011001 %
b1100011001 $
1!
#26820
0!
#26825
0"
b1100011010 $
b1100011010 %
1!
#26830
0!
#26835
0"
b1100011011 %
b1100011011 $
1!
#26840
0!
#26845
0"
b1100011100 $
b1100011100 %
1!
#26850
0!
#26855
0"
b1100011101 %
b1100011101 $
1!
#26860
0!
#26865
0"
b1100011110 $
b1100011110 %
1!
#26870
0!
#26875
0"
b1100011111 %
b1100011111 $
1!
#26880
0!
#26885
0"
b1100100000 $
b1100100000 %
1!
#26890
0!
#26895
0"
b1100100001 %
b1100100001 $
1!
#26900
0!
#26905
0"
b1100100010 $
b1100100010 %
1!
#26910
0!
#26915
0"
b1100100011 %
b1100100011 $
1!
#26920
0!
#26925
0"
b1100100100 $
b1100100100 %
1!
#26930
0!
#26935
0"
b1100100101 %
b1100100101 $
1!
#26940
0!
#26945
0"
b1100100110 $
b1100100110 %
1!
#26950
0!
#26955
0"
b1100100111 %
b1100100111 $
1!
#26960
0!
#26965
0"
b1100101000 $
b1100101000 %
1!
#26970
0!
#26975
0"
b1100101001 %
b1100101001 $
1!
#26980
0!
#26985
0"
b1100101010 $
b1100101010 %
1!
#26990
0!
#26995
0"
b1100101011 %
b1100101011 $
1!
#27000
0!
#27005
0"
b1100101100 $
b1100101100 %
1!
#27010
0!
#27015
0"
b1100101101 %
b1100101101 $
1!
#27020
0!
#27025
0"
b1100101110 $
b1100101110 %
1!
#27030
0!
#27035
0"
b1100101111 %
b1100101111 $
1!
#27040
0!
#27045
0"
b1100110000 $
b1100110000 %
1!
#27050
0!
#27055
0"
b1100110001 %
b1100110001 $
1!
#27060
0!
#27065
0"
b1100110010 $
b1100110010 %
1!
#27070
0!
#27075
0"
b1100110011 %
b1100110011 $
1!
#27080
0!
#27085
0"
b1100110100 $
b1100110100 %
1!
#27090
0!
#27095
0"
b1100110101 %
b1100110101 $
1!
#27100
0!
#27105
0"
b1100110110 $
b1100110110 %
1!
#27110
0!
#27115
0"
b1100110111 %
b1100110111 $
1!
#27120
0!
#27125
0"
b1100111000 $
b1100111000 %
1!
#27130
0!
#27135
0"
b1100111001 %
b1100111001 $
1!
#27140
0!
#27145
0"
b1100111010 $
b1100111010 %
1!
#27150
0!
#27155
0"
b1100111011 %
b1100111011 $
1!
#27160
0!
#27165
0"
b1100111100 $
b1100111100 %
1!
#27170
0!
#27175
0"
b1100111101 %
b1100111101 $
1!
#27180
0!
#27185
0"
b1100111110 $
b1100111110 %
1!
#27190
0!
#27195
0"
b1100111111 %
b1100111111 $
1!
#27200
0!
#27205
0"
b1101000000 $
b1101000000 %
1!
#27210
0!
#27215
0"
b1101000001 %
b1101000001 $
1!
#27220
0!
#27225
0"
b1101000010 $
b1101000010 %
1!
#27230
0!
#27235
0"
b1101000011 %
b1101000011 $
1!
#27240
0!
#27245
0"
b1101000100 $
b1101000100 %
1!
#27250
0!
#27255
0"
b1101000101 %
b1101000101 $
1!
#27260
0!
#27265
0"
b1101000110 $
b1101000110 %
1!
#27270
0!
#27275
0"
b1101000111 %
b1101000111 $
1!
#27280
0!
#27285
0"
b1101001000 $
b1101001000 %
1!
#27290
0!
#27295
0"
b1101001001 %
b1101001001 $
1!
#27300
0!
#27305
0"
b1101001010 $
b1101001010 %
1!
#27310
0!
#27315
0"
b1101001011 %
b1101001011 $
1!
#27320
0!
#27325
0"
b1101001100 $
b1101001100 %
1!
#27330
0!
#27335
0"
b1101001101 %
b1101001101 $
1!
#27340
0!
#27345
0"
b1101001110 $
b1101001110 %
1!
#27350
0!
#27355
0"
b1101001111 %
b1101001111 $
1!
#27360
0!
#27365
0"
b1101010000 $
b1101010000 %
1!
#27370
0!
#27375
0"
b1101010001 %
b1101010001 $
1!
#27380
0!
#27385
0"
b1101010010 $
b1101010010 %
1!
#27390
0!
#27395
0"
b1101010011 %
b1101010011 $
1!
#27400
0!
#27405
0"
b1101010100 $
b1101010100 %
1!
#27410
0!
#27415
0"
b1101010101 %
b1101010101 $
1!
#27420
0!
#27425
0"
b1101010110 $
b1101010110 %
1!
#27430
0!
#27435
0"
b1101010111 %
b1101010111 $
1!
#27440
0!
#27445
0"
b1101011000 $
b1101011000 %
1!
#27450
0!
#27455
0"
b1101011001 %
b1101011001 $
1!
#27460
0!
#27465
0"
b1101011010 $
b1101011010 %
1!
#27470
0!
#27475
0"
b1101011011 %
b1101011011 $
1!
#27480
0!
#27485
0"
b1101011100 $
b1101011100 %
1!
#27490
0!
#27495
0"
b1101011101 %
b1101011101 $
1!
#27500
0!
#27505
0"
b1101011110 $
b1101011110 %
1!
#27510
0!
#27515
0"
b1101011111 %
b1101011111 $
1!
#27520
0!
#27525
0"
b1101100000 $
b1101100000 %
1!
#27530
0!
#27535
0"
b1101100001 %
b1101100001 $
1!
#27540
0!
#27545
0"
b1101100010 $
b1101100010 %
1!
#27550
0!
#27555
0"
b1101100011 %
b1101100011 $
1!
#27560
0!
#27565
0"
b1101100100 $
b1101100100 %
1!
#27570
0!
#27575
0"
b1101100101 %
b1101100101 $
1!
#27580
0!
#27585
0"
b1101100110 $
b1101100110 %
1!
#27590
0!
#27595
0"
b1101100111 %
b1101100111 $
1!
#27600
0!
#27605
0"
b1101101000 $
b1101101000 %
1!
#27610
0!
#27615
0"
b1101101001 %
b1101101001 $
1!
#27620
0!
#27625
0"
b1101101010 $
b1101101010 %
1!
#27630
0!
#27635
0"
b1101101011 %
b1101101011 $
1!
#27640
0!
#27645
0"
b1101101100 $
b1101101100 %
1!
#27650
0!
#27655
0"
b1101101101 %
b1101101101 $
1!
#27660
0!
#27665
0"
b1101101110 $
b1101101110 %
1!
#27670
0!
#27675
0"
b1101101111 %
b1101101111 $
1!
#27680
0!
#27685
0"
b1101110000 $
b1101110000 %
1!
#27690
0!
#27695
0"
b1101110001 %
b1101110001 $
1!
#27700
0!
#27705
0"
b1101110010 $
b1101110010 %
1!
#27710
0!
#27715
0"
b1101110011 %
b1101110011 $
1!
#27720
0!
#27725
0"
b1101110100 $
b1101110100 %
1!
#27730
0!
#27735
0"
b1101110101 %
b1101110101 $
1!
#27740
0!
#27745
0"
b1101110110 $
b1101110110 %
1!
#27750
0!
#27755
0"
b1101110111 %
b1101110111 $
1!
#27760
0!
#27765
0"
b1101111000 $
b1101111000 %
1!
#27770
0!
#27775
0"
b1101111001 %
b1101111001 $
1!
#27780
0!
#27785
0"
b1101111010 $
b1101111010 %
1!
#27790
0!
#27795
0"
b1101111011 %
b1101111011 $
1!
#27800
0!
#27805
0"
b1101111100 $
b1101111100 %
1!
#27810
0!
#27815
0"
b1101111101 %
b1101111101 $
1!
#27820
0!
#27825
0"
b1101111110 $
b1101111110 %
1!
#27830
0!
#27835
0"
b1101111111 %
b1101111111 $
1!
#27840
0!
#27845
0"
b1110000000 $
b1110000000 %
1!
#27850
0!
#27855
0"
b1110000001 %
b1110000001 $
1!
#27860
0!
#27865
0"
b1110000010 $
b1110000010 %
1!
#27870
0!
#27875
0"
b1110000011 %
b1110000011 $
1!
#27880
0!
#27885
0"
b1110000100 $
b1110000100 %
1!
#27890
0!
#27895
0"
b1110000101 %
b1110000101 $
1!
#27900
0!
#27905
0"
b1110000110 $
b1110000110 %
1!
#27910
0!
#27915
0"
b1110000111 %
b1110000111 $
1!
#27920
0!
#27925
0"
b1110001000 $
b1110001000 %
1!
#27930
0!
#27935
0"
b1110001001 %
b1110001001 $
1!
#27940
0!
#27945
0"
b1110001010 $
b1110001010 %
1!
#27950
0!
#27955
0"
b1110001011 %
b1110001011 $
1!
#27960
0!
#27965
0"
b1110001100 $
b1110001100 %
1!
#27970
0!
#27975
0"
b1110001101 %
b1110001101 $
1!
#27980
0!
#27985
0"
b1110001110 $
b1110001110 %
1!
#27990
0!
#27995
0"
b1110001111 %
b1110001111 $
1!
#28000
0!
#28005
0"
b1110010000 $
b1110010000 %
1!
#28010
0!
#28015
0"
b1110010001 %
b1110010001 $
1!
#28020
0!
#28025
0"
b1110010010 $
b1110010010 %
1!
#28030
0!
#28035
0"
b1110010011 %
b1110010011 $
1!
#28040
0!
#28045
0"
b1110010100 $
b1110010100 %
1!
#28050
0!
#28055
0"
b1110010101 %
b1110010101 $
1!
#28060
0!
#28065
0"
b1110010110 $
b1110010110 %
1!
#28070
0!
#28075
0"
b1110010111 %
b1110010111 $
1!
#28080
0!
#28085
0"
b1110011000 $
b1110011000 %
1!
#28090
0!
#28095
0"
b1110011001 %
b1110011001 $
1!
#28100
0!
#28105
0"
b1110011010 $
b1110011010 %
1!
#28110
0!
#28115
0"
b1110011011 %
b1110011011 $
1!
#28120
0!
#28125
0"
b1110011100 $
b1110011100 %
1!
#28130
0!
#28135
0"
b1110011101 %
b1110011101 $
1!
#28140
0!
#28145
0"
b1110011110 $
b1110011110 %
1!
#28150
0!
#28155
0"
b1110011111 %
b1110011111 $
1!
#28160
0!
#28165
0"
b1110100000 $
b1110100000 %
1!
#28170
0!
#28175
0"
b1110100001 %
b1110100001 $
1!
#28180
0!
#28185
0"
b1110100010 $
b1110100010 %
1!
#28190
0!
#28195
0"
b1110100011 %
b1110100011 $
1!
#28200
0!
#28205
0"
b1110100100 $
b1110100100 %
1!
#28210
0!
#28215
0"
b1110100101 %
b1110100101 $
1!
#28220
0!
#28225
0"
b1110100110 $
b1110100110 %
1!
#28230
0!
#28235
0"
b1110100111 %
b1110100111 $
1!
#28240
0!
#28245
0"
b1110101000 $
b1110101000 %
1!
#28250
0!
#28255
0"
b1110101001 %
b1110101001 $
1!
#28260
0!
#28265
0"
b1110101010 $
b1110101010 %
1!
#28270
0!
#28275
0"
b1110101011 %
b1110101011 $
1!
#28280
0!
#28285
0"
b1110101100 $
b1110101100 %
1!
#28290
0!
#28295
0"
b1110101101 %
b1110101101 $
1!
#28300
0!
#28305
0"
b1110101110 $
b1110101110 %
1!
#28310
0!
#28315
0"
b1110101111 %
b1110101111 $
1!
#28320
0!
#28325
0"
b1110110000 $
b1110110000 %
1!
#28330
0!
#28335
0"
b1110110001 %
b1110110001 $
1!
#28340
0!
#28345
0"
b1110110010 $
b1110110010 %
1!
#28350
0!
#28355
0"
b1110110011 %
b1110110011 $
1!
#28360
0!
#28365
0"
b1110110100 $
b1110110100 %
1!
#28370
0!
#28375
0"
b1110110101 %
b1110110101 $
1!
#28380
0!
#28385
0"
b1110110110 $
b1110110110 %
1!
#28390
0!
#28395
0"
b1110110111 %
b1110110111 $
1!
#28400
0!
#28405
0"
b1110111000 $
b1110111000 %
1!
#28410
0!
#28415
0"
b1110111001 %
b1110111001 $
1!
#28420
0!
#28425
0"
b1110111010 $
b1110111010 %
1!
#28430
0!
#28435
0"
b1110111011 %
b1110111011 $
1!
#28440
0!
#28445
0"
b1110111100 $
b1110111100 %
1!
#28450
0!
#28455
0"
b1110111101 %
b1110111101 $
1!
#28460
0!
#28465
0"
b1110111110 $
b1110111110 %
1!
#28470
0!
#28475
0"
b1110111111 %
b1110111111 $
1!
#28480
0!
#28485
0"
b1111000000 $
b1111000000 %
1!
#28490
0!
#28495
0"
b1111000001 %
b1111000001 $
1!
#28500
0!
#28505
0"
b1111000010 $
b1111000010 %
1!
#28510
0!
#28515
0"
b1111000011 %
b1111000011 $
1!
#28520
0!
#28525
0"
b1111000100 $
b1111000100 %
1!
#28530
0!
#28535
0"
b1111000101 %
b1111000101 $
1!
#28540
0!
#28545
0"
b1111000110 $
b1111000110 %
1!
#28550
0!
#28555
0"
b1111000111 %
b1111000111 $
1!
#28560
0!
#28565
0"
b1111001000 $
b1111001000 %
1!
#28570
0!
#28575
0"
b1111001001 %
b1111001001 $
1!
#28580
0!
#28585
0"
b1111001010 $
b1111001010 %
1!
#28590
0!
#28595
0"
b1111001011 %
b1111001011 $
1!
#28600
0!
#28605
0"
b1111001100 $
b1111001100 %
1!
#28610
0!
#28615
0"
b1111001101 %
b1111001101 $
1!
#28620
0!
#28625
0"
b1111001110 $
b1111001110 %
1!
#28630
0!
#28635
0"
b1111001111 %
b1111001111 $
1!
#28640
0!
#28645
0"
b1111010000 $
b1111010000 %
1!
#28650
0!
#28655
0"
b1111010001 %
b1111010001 $
1!
#28660
0!
#28665
0"
b1111010010 $
b1111010010 %
1!
#28670
0!
#28675
0"
b1111010011 %
b1111010011 $
1!
#28680
0!
#28685
0"
b1111010100 $
b1111010100 %
1!
#28690
0!
#28695
0"
b1111010101 %
b1111010101 $
1!
#28700
0!
#28705
0"
b1111010110 $
b1111010110 %
1!
#28710
0!
#28715
0"
b1111010111 %
b1111010111 $
1!
#28720
0!
#28725
0"
b1111011000 $
b1111011000 %
1!
#28730
0!
#28735
0"
b1111011001 %
b1111011001 $
1!
#28740
0!
#28745
0"
b1111011010 $
b1111011010 %
1!
#28750
0!
#28755
0"
b1111011011 %
b1111011011 $
1!
#28760
0!
#28765
0"
b1111011100 $
b1111011100 %
1!
#28770
0!
#28775
0"
b1111011101 %
b1111011101 $
1!
#28780
0!
#28785
0"
b1111011110 $
b1111011110 %
1!
#28790
0!
#28795
0"
b1111011111 %
b1111011111 $
1!
#28800
0!
#28805
0"
b1111100000 $
b1111100000 %
1!
#28810
0!
#28815
0"
b1111100001 %
b1111100001 $
1!
#28820
0!
#28825
0"
b1111100010 $
b1111100010 %
1!
#28830
0!
#28835
0"
b1111100011 %
b1111100011 $
1!
#28840
0!
#28845
0"
b1111100100 $
b1111100100 %
1!
#28850
0!
#28855
0"
b1111100101 %
b1111100101 $
1!
#28860
0!
#28865
0"
b1111100110 $
b1111100110 %
1!
#28870
0!
#28875
0"
b1111100111 %
b1111100111 $
1!
#28880
0!
#28885
0"
b0 $
b0 %
1!
#28890
0!
#28895
0"
b1 %
b1 $
1!
#28900
0!
#28905
0"
b10 $
b10 %
1!
#28910
0!
#28915
0"
b11 %
b11 $
1!
#28920
0!
#28925
0"
b100 $
b100 %
1!
#28930
0!
#28935
0"
b101 %
b101 $
1!
#28940
0!
#28945
0"
b110 $
b110 %
1!
#28950
0!
#28955
0"
b111 %
b111 $
1!
#28960
0!
#28965
0"
b1000 $
b1000 %
1!
#28970
0!
#28975
0"
b1001 %
b1001 $
1!
#28980
0!
#28985
0"
b1010 $
b1010 %
1!
#28990
0!
#28995
0"
b1011 %
b1011 $
1!
#29000
0!
#29005
0"
b1100 $
b1100 %
1!
#29010
0!
#29015
0"
b1101 %
b1101 $
1!
#29020
0!
#29025
0"
b1110 $
b1110 %
1!
#29030
0!
#29035
0"
b1111 %
b1111 $
1!
#29040
0!
#29045
0"
b10000 $
b10000 %
1!
#29050
0!
#29055
0"
b10001 %
b10001 $
1!
#29060
0!
#29065
0"
b10010 $
b10010 %
1!
#29070
0!
#29075
0"
b10011 %
b10011 $
1!
#29080
0!
#29085
0"
b10100 $
b10100 %
1!
#29090
0!
#29095
0"
b10101 %
b10101 $
1!
#29100
0!
#29105
0"
b10110 $
b10110 %
1!
#29110
0!
#29115
0"
b10111 %
b10111 $
1!
#29120
0!
#29125
0"
b11000 $
b11000 %
1!
#29130
0!
#29135
0"
b11001 %
b11001 $
1!
#29140
0!
#29145
0"
b11010 $
b11010 %
1!
#29150
0!
#29155
0"
b11011 %
b11011 $
1!
#29160
0!
#29165
0"
b11100 $
b11100 %
1!
#29170
0!
#29175
0"
b11101 %
b11101 $
1!
#29180
0!
#29185
0"
b11110 $
b11110 %
1!
#29190
0!
#29195
0"
b11111 %
b11111 $
1!
#29200
0!
#29205
0"
b100000 $
b100000 %
1!
#29210
0!
#29215
0"
b100001 %
b100001 $
1!
#29220
0!
#29225
0"
b100010 $
b100010 %
1!
#29230
0!
#29235
0"
b100011 %
b100011 $
1!
#29240
0!
#29245
0"
b100100 $
b100100 %
1!
#29250
0!
#29255
0"
b100101 %
b100101 $
1!
#29260
0!
#29265
0"
b100110 $
b100110 %
1!
#29270
0!
#29275
0"
b100111 %
b100111 $
1!
#29280
0!
#29285
0"
b101000 $
b101000 %
1!
#29290
0!
#29295
0"
b101001 %
b101001 $
1!
#29300
0!
#29305
0"
b101010 $
b101010 %
1!
#29310
0!
#29315
0"
b101011 %
b101011 $
1!
#29320
0!
#29325
0"
b101100 $
b101100 %
1!
#29330
0!
#29335
0"
b101101 %
b101101 $
1!
#29340
0!
#29345
0"
b101110 $
b101110 %
1!
#29350
0!
#29355
0"
b101111 %
b101111 $
1!
#29360
0!
#29365
0"
b110000 $
b110000 %
1!
#29370
0!
#29375
0"
b110001 %
b110001 $
1!
#29380
0!
#29385
0"
b110010 $
b110010 %
1!
#29390
0!
#29395
0"
b110011 %
b110011 $
1!
#29400
0!
#29405
0"
b110100 $
b110100 %
1!
#29410
0!
#29415
0"
b110101 %
b110101 $
1!
#29420
0!
#29425
0"
b110110 $
b110110 %
1!
#29430
0!
#29435
0"
b110111 %
b110111 $
1!
#29440
0!
#29445
0"
b111000 $
b111000 %
1!
#29450
0!
#29455
0"
b111001 %
b111001 $
1!
#29460
0!
#29465
0"
b111010 $
b111010 %
1!
#29470
0!
#29475
0"
b111011 %
b111011 $
1!
#29480
0!
#29485
0"
b111100 $
b111100 %
1!
#29490
0!
#29495
0"
b111101 %
b111101 $
1!
#29500
0!
#29505
0"
b111110 $
b111110 %
1!
#29510
0!
#29515
0"
b111111 %
b111111 $
1!
#29520
0!
#29525
0"
b1000000 $
b1000000 %
1!
#29530
0!
#29535
0"
b1000001 %
b1000001 $
1!
#29540
0!
#29545
0"
b1000010 $
b1000010 %
1!
#29550
0!
#29555
0"
b1000011 %
b1000011 $
1!
#29560
0!
#29565
0"
b1000100 $
b1000100 %
1!
#29570
0!
#29575
0"
b1000101 %
b1000101 $
1!
#29580
0!
#29585
0"
b1000110 $
b1000110 %
1!
#29590
0!
#29595
0"
b1000111 %
b1000111 $
1!
#29600
0!
#29605
0"
b1001000 $
b1001000 %
1!
#29610
0!
#29615
0"
b1001001 %
b1001001 $
1!
#29620
0!
#29625
0"
b1001010 $
b1001010 %
1!
#29630
0!
#29635
0"
b1001011 %
b1001011 $
1!
#29640
0!
#29645
0"
b1001100 $
b1001100 %
1!
#29650
0!
#29655
0"
b1001101 %
b1001101 $
1!
#29660
0!
#29665
0"
b1001110 $
b1001110 %
1!
#29670
0!
#29675
0"
b1001111 %
b1001111 $
1!
#29680
0!
#29685
0"
b1010000 $
b1010000 %
1!
#29690
0!
#29695
0"
b1010001 %
b1010001 $
1!
#29700
0!
#29705
0"
b1010010 $
b1010010 %
1!
#29710
0!
#29715
0"
b1010011 %
b1010011 $
1!
#29720
0!
#29725
0"
b1010100 $
b1010100 %
1!
#29730
0!
#29735
0"
b1010101 %
b1010101 $
1!
#29740
0!
#29745
0"
b1010110 $
b1010110 %
1!
#29750
0!
#29755
0"
b1010111 %
b1010111 $
1!
#29760
0!
#29765
0"
b1011000 $
b1011000 %
1!
#29770
0!
#29775
0"
b1011001 %
b1011001 $
1!
#29780
0!
#29785
0"
b1011010 $
b1011010 %
1!
#29790
0!
#29795
0"
b1011011 %
b1011011 $
1!
#29800
0!
#29805
0"
b1011100 $
b1011100 %
1!
#29810
0!
#29815
0"
b1011101 %
b1011101 $
1!
#29820
0!
#29825
0"
b1011110 $
b1011110 %
1!
#29830
0!
#29835
0"
b1011111 %
b1011111 $
1!
#29840
0!
#29845
0"
b1100000 $
b1100000 %
1!
#29850
0!
#29855
0"
b1100001 %
b1100001 $
1!
#29860
0!
#29865
0"
b1100010 $
b1100010 %
1!
#29870
0!
#29875
0"
b1100011 %
b1100011 $
1!
#29880
0!
#29885
0"
b1100100 $
b1100100 %
1!
#29890
0!
#29895
0"
b1100101 %
b1100101 $
1!
#29900
0!
#29905
0"
b1100110 $
b1100110 %
1!
#29910
0!
#29915
0"
b1100111 %
b1100111 $
1!
#29920
0!
#29925
0"
b1101000 $
b1101000 %
1!
#29930
0!
#29935
0"
b1101001 %
b1101001 $
1!
#29940
0!
#29945
0"
b1101010 $
b1101010 %
1!
#29950
0!
#29955
0"
b1101011 %
b1101011 $
1!
#29960
0!
#29965
0"
b1101100 $
b1101100 %
1!
#29970
0!
#29975
0"
b1101101 %
b1101101 $
1!
#29980
0!
#29985
0"
b1101110 $
b1101110 %
1!
#29990
0!
#29995
0"
b1101111 %
b1101111 $
1!
#30000
0!
#30005
0"
b1110000 $
b1110000 %
1!
#30010
0!
#30015
0"
b1110001 %
b1110001 $
1!
#30020
0!
#30025
0"
b1110010 $
b1110010 %
1!
#30030
0!
#30035
0"
b1110011 %
b1110011 $
1!
#30040
0!
#30045
0"
b1110100 $
b1110100 %
1!
#30050
0!
#30055
0"
b1110101 %
b1110101 $
1!
#30060
0!
#30065
0"
b1110110 $
b1110110 %
1!
#30070
0!
#30075
0"
b1110111 %
b1110111 $
1!
#30080
0!
#30085
0"
b1111000 $
b1111000 %
1!
#30090
0!
#30095
0"
b1111001 %
b1111001 $
1!
#30100
0!
#30105
0"
b1111010 $
b1111010 %
1!
#30110
0!
#30115
0"
b1111011 %
b1111011 $
1!
#30120
0!
#30125
0"
b1111100 $
b1111100 %
1!
#30130
0!
#30135
0"
b1111101 %
b1111101 $
1!
#30140
0!
#30145
0"
b1111110 $
b1111110 %
1!
#30150
0!
#30155
0"
b1111111 %
b1111111 $
1!
#30160
0!
#30165
0"
b10000000 $
b10000000 %
1!
#30170
0!
#30175
0"
b10000001 %
b10000001 $
1!
#30180
0!
#30185
0"
b10000010 $
b10000010 %
1!
#30190
0!
#30195
0"
b10000011 %
b10000011 $
1!
#30200
0!
#30205
0"
b10000100 $
b10000100 %
1!
#30210
0!
#30215
0"
b10000101 %
b10000101 $
1!
#30220
0!
#30225
0"
b10000110 $
b10000110 %
1!
#30230
0!
#30235
0"
b10000111 %
b10000111 $
1!
#30240
0!
#30245
0"
b10001000 $
b10001000 %
1!
#30250
0!
#30255
0"
b10001001 %
b10001001 $
1!
#30260
0!
#30265
0"
b10001010 $
b10001010 %
1!
#30270
0!
#30275
0"
b10001011 %
b10001011 $
1!
#30280
0!
#30285
0"
b10001100 $
b10001100 %
1!
#30290
0!
#30295
0"
b10001101 %
b10001101 $
1!
#30300
0!
#30305
0"
b10001110 $
b10001110 %
1!
#30310
0!
#30315
0"
b10001111 %
b10001111 $
1!
#30320
0!
#30325
0"
b10010000 $
b10010000 %
1!
#30330
0!
#30335
0"
b10010001 %
b10010001 $
1!
#30340
0!
#30345
0"
b10010010 $
b10010010 %
1!
#30350
0!
#30355
0"
b10010011 %
b10010011 $
1!
#30360
0!
#30365
0"
b10010100 $
b10010100 %
1!
#30370
0!
#30375
0"
b10010101 %
b10010101 $
1!
#30380
0!
#30385
0"
b10010110 $
b10010110 %
1!
#30390
0!
#30395
0"
b10010111 %
b10010111 $
1!
#30400
0!
#30405
0"
b10011000 $
b10011000 %
1!
#30410
0!
#30415
0"
b10011001 %
b10011001 $
1!
#30420
0!
#30425
0"
b10011010 $
b10011010 %
1!
#30430
0!
#30435
0"
b10011011 %
b10011011 $
1!
#30440
0!
#30445
0"
b10011100 $
b10011100 %
1!
#30450
0!
#30455
0"
b10011101 %
b10011101 $
1!
#30460
0!
#30465
0"
b10011110 $
b10011110 %
1!
#30470
0!
#30475
0"
b10011111 %
b10011111 $
1!
#30480
0!
#30485
0"
b10100000 $
b10100000 %
1!
#30490
0!
#30495
0"
b10100001 %
b10100001 $
1!
#30500
0!
#30505
0"
b10100010 $
b10100010 %
1!
#30510
0!
#30515
0"
b10100011 %
b10100011 $
1!
#30520
0!
#30525
0"
b10100100 $
b10100100 %
1!
#30530
0!
#30535
0"
b10100101 %
b10100101 $
1!
#30540
0!
#30545
0"
b10100110 $
b10100110 %
1!
#30550
0!
#30555
0"
b10100111 %
b10100111 $
1!
#30560
0!
#30565
0"
b10101000 $
b10101000 %
1!
#30570
0!
#30575
0"
b10101001 %
b10101001 $
1!
#30580
0!
#30585
0"
b10101010 $
b10101010 %
1!
#30590
0!
#30595
0"
b10101011 %
b10101011 $
1!
#30600
0!
#30605
0"
b10101100 $
b10101100 %
1!
#30610
0!
#30615
0"
b10101101 %
b10101101 $
1!
#30620
0!
#30625
0"
b10101110 $
b10101110 %
1!
#30630
0!
#30635
0"
b10101111 %
b10101111 $
1!
#30640
0!
#30645
0"
b10110000 $
b10110000 %
1!
#30650
0!
#30655
0"
b10110001 %
b10110001 $
1!
#30660
0!
#30665
0"
b10110010 $
b10110010 %
1!
#30670
0!
#30675
0"
b10110011 %
b10110011 $
1!
#30680
0!
#30685
0"
b10110100 $
b10110100 %
1!
#30690
0!
#30695
0"
b10110101 %
b10110101 $
1!
#30700
0!
#30705
0"
b10110110 $
b10110110 %
1!
#30710
0!
#30715
0"
b10110111 %
b10110111 $
1!
#30720
0!
#30725
0"
b10111000 $
b10111000 %
1!
#30730
0!
#30735
0"
b10111001 %
b10111001 $
1!
#30740
0!
#30745
0"
b10111010 $
b10111010 %
1!
#30750
0!
#30755
0"
b10111011 %
b10111011 $
1!
#30760
0!
#30765
0"
b10111100 $
b10111100 %
1!
#30770
0!
#30775
0"
b10111101 %
b10111101 $
1!
#30780
0!
#30785
0"
b10111110 $
b10111110 %
1!
#30790
0!
#30795
0"
b10111111 %
b10111111 $
1!
#30800
0!
#30805
0"
b11000000 $
b11000000 %
1!
#30810
0!
#30815
0"
b11000001 %
b11000001 $
1!
#30820
0!
#30825
0"
b11000010 $
b11000010 %
1!
#30830
0!
#30835
0"
b11000011 %
b11000011 $
1!
#30840
0!
#30845
0"
b11000100 $
b11000100 %
1!
#30850
0!
#30855
0"
b11000101 %
b11000101 $
1!
#30860
0!
#30865
0"
b11000110 $
b11000110 %
1!
#30870
0!
#30875
0"
b11000111 %
b11000111 $
1!
#30880
0!
#30885
0"
b11001000 $
b11001000 %
1!
#30890
0!
#30895
0"
b11001001 %
b11001001 $
1!
#30900
0!
#30905
0"
b11001010 $
b11001010 %
1!
#30910
0!
#30915
0"
b11001011 %
b11001011 $
1!
#30920
0!
#30925
0"
b11001100 $
b11001100 %
1!
#30930
0!
#30935
0"
b11001101 %
b11001101 $
1!
#30940
0!
#30945
0"
b11001110 $
b11001110 %
1!
#30950
0!
#30955
0"
b11001111 %
b11001111 $
1!
#30960
0!
#30965
0"
b11010000 $
b11010000 %
1!
#30970
0!
#30975
0"
b11010001 %
b11010001 $
1!
#30980
0!
#30985
0"
b11010010 $
b11010010 %
1!
#30990
0!
#30995
0"
b11010011 %
b11010011 $
1!
#31000
0!
#31005
0"
b11010100 $
b11010100 %
1!
#31010
0!
#31015
0"
b11010101 %
b11010101 $
1!
#31020
0!
#31025
0"
b11010110 $
b11010110 %
1!
#31030
0!
#31035
0"
b11010111 %
b11010111 $
1!
#31040
0!
#31045
0"
b11011000 $
b11011000 %
1!
#31050
0!
#31055
0"
b11011001 %
b11011001 $
1!
#31060
0!
#31065
0"
b11011010 $
b11011010 %
1!
#31070
0!
#31075
0"
b11011011 %
b11011011 $
1!
#31080
0!
#31085
0"
b11011100 $
b11011100 %
1!
#31090
0!
#31095
0"
b11011101 %
b11011101 $
1!
#31100
0!
#31105
0"
b11011110 $
b11011110 %
1!
#31110
0!
#31115
0"
b11011111 %
b11011111 $
1!
#31120
0!
#31125
0"
b11100000 $
b11100000 %
1!
#31130
0!
#31135
0"
b11100001 %
b11100001 $
1!
#31140
0!
#31145
0"
b11100010 $
b11100010 %
1!
#31150
0!
#31155
0"
b11100011 %
b11100011 $
1!
#31160
0!
#31165
0"
b11100100 $
b11100100 %
1!
#31170
0!
#31175
0"
b11100101 %
b11100101 $
1!
#31180
0!
#31185
0"
b11100110 $
b11100110 %
1!
#31190
0!
#31195
0"
b11100111 %
b11100111 $
1!
#31200
0!
#31205
0"
b11101000 $
b11101000 %
1!
#31210
0!
#31215
0"
b11101001 %
b11101001 $
1!
#31220
0!
#31225
0"
b11101010 $
b11101010 %
1!
#31230
0!
#31235
0"
b11101011 %
b11101011 $
1!
#31240
0!
#31245
0"
b11101100 $
b11101100 %
1!
#31250
0!
#31255
0"
b11101101 %
b11101101 $
1!
#31260
0!
#31265
0"
b11101110 $
b11101110 %
1!
#31270
0!
#31275
0"
b11101111 %
b11101111 $
1!
#31280
0!
#31285
0"
b11110000 $
b11110000 %
1!
#31290
0!
#31295
0"
b11110001 %
b11110001 $
1!
#31300
0!
#31305
0"
b11110010 $
b11110010 %
1!
#31310
0!
#31315
0"
b11110011 %
b11110011 $
1!
#31320
0!
#31325
0"
b11110100 $
b11110100 %
1!
#31330
0!
#31335
0"
b11110101 %
b11110101 $
1!
#31340
0!
#31345
0"
b11110110 $
b11110110 %
1!
#31350
0!
#31355
0"
b11110111 %
b11110111 $
1!
#31360
0!
#31365
0"
b11111000 $
b11111000 %
1!
#31370
0!
#31375
0"
b11111001 %
b11111001 $
1!
#31380
0!
#31385
0"
b11111010 $
b11111010 %
1!
#31390
0!
#31395
0"
b11111011 %
b11111011 $
1!
#31400
0!
#31405
0"
b11111100 $
b11111100 %
1!
#31410
0!
#31415
0"
b11111101 %
b11111101 $
1!
#31420
0!
#31425
0"
b11111110 $
b11111110 %
1!
#31430
0!
#31435
0"
b11111111 %
b11111111 $
1!
#31440
0!
#31445
0"
b100000000 $
b100000000 %
1!
#31450
0!
#31455
0"
b100000001 %
b100000001 $
1!
#31460
0!
#31465
0"
b100000010 $
b100000010 %
1!
#31470
0!
#31475
0"
b100000011 %
b100000011 $
1!
#31480
0!
#31485
0"
b100000100 $
b100000100 %
1!
#31490
0!
#31495
0"
b100000101 %
b100000101 $
1!
#31500
0!
#31505
0"
b100000110 $
b100000110 %
1!
#31510
0!
#31515
0"
b100000111 %
b100000111 $
1!
#31520
0!
#31525
0"
b100001000 $
b100001000 %
1!
#31530
0!
#31535
0"
b100001001 %
b100001001 $
1!
#31540
0!
#31545
0"
b100001010 $
b100001010 %
1!
#31550
0!
#31555
0"
b100001011 %
b100001011 $
1!
#31560
0!
#31565
0"
b100001100 $
b100001100 %
1!
#31570
0!
#31575
0"
b100001101 %
b100001101 $
1!
#31580
0!
#31585
0"
b100001110 $
b100001110 %
1!
#31590
0!
#31595
0"
b100001111 %
b100001111 $
1!
#31600
0!
#31605
0"
b100010000 $
b100010000 %
1!
#31610
0!
#31615
0"
b100010001 %
b100010001 $
1!
#31620
0!
#31625
0"
b100010010 $
b100010010 %
1!
#31630
0!
#31635
0"
b100010011 %
b100010011 $
1!
#31640
0!
#31645
0"
b100010100 $
b100010100 %
1!
#31650
0!
#31655
0"
b100010101 %
b100010101 $
1!
#31660
0!
#31665
0"
b100010110 $
b100010110 %
1!
#31670
0!
#31675
0"
b100010111 %
b100010111 $
1!
#31680
0!
#31685
0"
b100011000 $
b100011000 %
1!
#31690
0!
#31695
0"
b100011001 %
b100011001 $
1!
#31700
0!
#31705
0"
b100011010 $
b100011010 %
1!
#31710
0!
#31715
0"
b100011011 %
b100011011 $
1!
#31720
0!
#31725
0"
b100011100 $
b100011100 %
1!
#31730
0!
#31735
0"
b100011101 %
b100011101 $
1!
#31740
0!
#31745
0"
b100011110 $
b100011110 %
1!
#31750
0!
#31755
0"
b100011111 %
b100011111 $
1!
#31760
0!
#31765
0"
b100100000 $
b100100000 %
1!
#31770
0!
#31775
0"
b100100001 %
b100100001 $
1!
#31780
0!
#31785
0"
b100100010 $
b100100010 %
1!
#31790
0!
#31795
0"
b100100011 %
b100100011 $
1!
#31800
0!
#31805
0"
b100100100 $
b100100100 %
1!
#31810
0!
#31815
0"
b100100101 %
b100100101 $
1!
#31820
0!
#31825
0"
b100100110 $
b100100110 %
1!
#31830
0!
#31835
0"
b100100111 %
b100100111 $
1!
#31840
0!
#31845
0"
b100101000 $
b100101000 %
1!
#31850
0!
#31855
0"
b100101001 %
b100101001 $
1!
#31860
0!
#31865
0"
b100101010 $
b100101010 %
1!
#31870
0!
#31875
0"
b100101011 %
b100101011 $
1!
#31880
0!
#31885
0"
b100101100 $
b100101100 %
1!
#31890
0!
#31895
0"
b100101101 %
b100101101 $
1!
#31900
0!
#31905
0"
b100101110 $
b100101110 %
1!
#31910
0!
#31915
0"
b100101111 %
b100101111 $
1!
#31920
0!
#31925
0"
b100110000 $
b100110000 %
1!
#31930
0!
#31935
0"
b100110001 %
b100110001 $
1!
#31940
0!
#31945
0"
b100110010 $
b100110010 %
1!
#31950
0!
#31955
0"
b100110011 %
b100110011 $
1!
#31960
0!
#31965
0"
b100110100 $
b100110100 %
1!
#31970
0!
#31975
0"
b100110101 %
b100110101 $
1!
#31980
0!
#31985
0"
b100110110 $
b100110110 %
1!
#31990
0!
#31995
0"
b100110111 %
b100110111 $
1!
#32000
0!
#32005
0"
b100111000 $
b100111000 %
1!
#32010
0!
#32015
0"
b100111001 %
b100111001 $
1!
#32020
0!
#32025
0"
b100111010 $
b100111010 %
1!
#32030
0!
#32035
0"
b100111011 %
b100111011 $
1!
#32040
0!
#32045
0"
b100111100 $
b100111100 %
1!
#32050
0!
#32055
0"
b100111101 %
b100111101 $
1!
#32060
0!
#32065
0"
b100111110 $
b100111110 %
1!
#32070
0!
#32075
0"
b100111111 %
b100111111 $
1!
#32080
0!
#32085
0"
b101000000 $
b101000000 %
1!
#32090
0!
#32095
0"
b101000001 %
b101000001 $
1!
#32100
0!
#32105
0"
b101000010 $
b101000010 %
1!
#32110
0!
#32115
0"
b101000011 %
b101000011 $
1!
#32120
0!
#32125
0"
b101000100 $
b101000100 %
1!
#32130
0!
#32135
0"
b101000101 %
b101000101 $
1!
#32140
0!
#32145
0"
b101000110 $
b101000110 %
1!
#32150
0!
#32155
0"
b101000111 %
b101000111 $
1!
#32160
0!
#32165
0"
b101001000 $
b101001000 %
1!
#32170
0!
#32175
0"
b101001001 %
b101001001 $
1!
#32180
0!
#32185
0"
b101001010 $
b101001010 %
1!
#32190
0!
#32195
0"
b101001011 %
b101001011 $
1!
#32200
0!
#32205
0"
b101001100 $
b101001100 %
1!
#32210
0!
#32215
0"
b101001101 %
b101001101 $
1!
#32220
0!
#32225
0"
b101001110 $
b101001110 %
1!
#32230
0!
#32235
0"
b101001111 %
b101001111 $
1!
#32240
0!
#32245
0"
b101010000 $
b101010000 %
1!
#32250
0!
#32255
0"
b101010001 %
b101010001 $
1!
#32260
0!
#32265
0"
b101010010 $
b101010010 %
1!
#32270
0!
#32275
0"
b101010011 %
b101010011 $
1!
#32280
0!
#32285
0"
b101010100 $
b101010100 %
1!
#32290
0!
#32295
0"
b101010101 %
b101010101 $
1!
#32300
0!
#32305
0"
b101010110 $
b101010110 %
1!
#32310
0!
#32315
0"
b101010111 %
b101010111 $
1!
#32320
0!
#32325
0"
b101011000 $
b101011000 %
1!
#32330
0!
#32335
0"
b101011001 %
b101011001 $
1!
#32340
0!
#32345
0"
b101011010 $
b101011010 %
1!
#32350
0!
#32355
0"
b101011011 %
b101011011 $
1!
#32360
0!
#32365
0"
b101011100 $
b101011100 %
1!
#32370
0!
#32375
0"
b101011101 %
b101011101 $
1!
#32380
0!
#32385
0"
b101011110 $
b101011110 %
1!
#32390
0!
#32395
0"
b101011111 %
b101011111 $
1!
#32400
0!
#32405
0"
b101100000 $
b101100000 %
1!
#32410
0!
#32415
0"
b101100001 %
b101100001 $
1!
#32420
0!
#32425
0"
b101100010 $
b101100010 %
1!
#32430
0!
#32435
0"
b101100011 %
b101100011 $
1!
#32440
0!
#32445
0"
b101100100 $
b101100100 %
1!
#32450
0!
#32455
0"
b101100101 %
b101100101 $
1!
#32460
0!
#32465
0"
b101100110 $
b101100110 %
1!
#32470
0!
#32475
0"
b101100111 %
b101100111 $
1!
#32480
0!
#32485
0"
b101101000 $
b101101000 %
1!
#32490
0!
#32495
0"
b101101001 %
b101101001 $
1!
#32500
0!
#32505
0"
b101101010 $
b101101010 %
1!
#32510
0!
#32515
0"
b101101011 %
b101101011 $
1!
#32520
0!
#32525
0"
b101101100 $
b101101100 %
1!
#32530
0!
#32535
0"
b101101101 %
b101101101 $
1!
#32540
0!
#32545
0"
b101101110 $
b101101110 %
1!
#32550
0!
#32555
0"
b101101111 %
b101101111 $
1!
#32560
0!
#32565
0"
b101110000 $
b101110000 %
1!
#32570
0!
#32575
0"
b101110001 %
b101110001 $
1!
#32580
0!
#32585
0"
b101110010 $
b101110010 %
1!
#32590
0!
#32595
0"
b101110011 %
b101110011 $
1!
#32600
0!
#32605
0"
b101110100 $
b101110100 %
1!
#32610
0!
#32615
0"
b101110101 %
b101110101 $
1!
#32620
0!
#32625
0"
b101110110 $
b101110110 %
1!
#32630
0!
#32635
0"
b101110111 %
b101110111 $
1!
#32640
0!
#32645
0"
b101111000 $
b101111000 %
1!
#32650
0!
#32655
0"
b101111001 %
b101111001 $
1!
#32660
0!
#32665
0"
b101111010 $
b101111010 %
1!
#32670
0!
#32675
0"
b101111011 %
b101111011 $
1!
#32680
0!
#32685
0"
b101111100 $
b101111100 %
1!
#32690
0!
#32695
0"
b101111101 %
b101111101 $
1!
#32700
0!
#32705
0"
b101111110 $
b101111110 %
1!
#32710
0!
#32715
0"
b101111111 %
b101111111 $
1!
#32720
0!
#32725
0"
b110000000 $
b110000000 %
1!
#32730
0!
#32735
0"
b110000001 %
b110000001 $
1!
#32740
0!
#32745
0"
b110000010 $
b110000010 %
1!
#32750
0!
#32755
0"
b110000011 %
b110000011 $
1!
#32760
0!
#32765
0"
b110000100 $
b110000100 %
1!
#32770
0!
#32775
0"
b110000101 %
b110000101 $
1!
#32780
0!
#32785
0"
b110000110 $
b110000110 %
1!
#32790
0!
#32795
0"
b110000111 %
b110000111 $
1!
#32800
0!
#32805
0"
b110001000 $
b110001000 %
1!
#32810
0!
#32815
0"
b110001001 %
b110001001 $
1!
#32820
0!
#32825
0"
b110001010 $
b110001010 %
1!
#32830
0!
#32835
0"
b110001011 %
b110001011 $
1!
#32840
0!
#32845
0"
b110001100 $
b110001100 %
1!
#32850
0!
#32855
0"
b110001101 %
b110001101 $
1!
#32860
0!
#32865
0"
b110001110 $
b110001110 %
1!
#32870
0!
#32875
0"
b110001111 %
b110001111 $
1!
#32880
0!
#32885
0"
b110010000 $
b110010000 %
1!
#32890
0!
#32895
0"
b110010001 %
b110010001 $
1!
#32900
0!
#32905
0"
b110010010 $
b110010010 %
1!
#32910
0!
#32915
0"
b110010011 %
b110010011 $
1!
#32920
0!
#32925
0"
b110010100 $
b110010100 %
1!
#32930
0!
#32935
0"
b110010101 %
b110010101 $
1!
#32940
0!
#32945
0"
b110010110 $
b110010110 %
1!
#32950
0!
#32955
0"
b110010111 %
b110010111 $
1!
#32960
0!
#32965
0"
b110011000 $
b110011000 %
1!
#32970
0!
#32975
0"
b110011001 %
b110011001 $
1!
#32980
0!
#32985
0"
b110011010 $
b110011010 %
1!
#32990
0!
#32995
0"
b110011011 %
b110011011 $
1!
#33000
0!
#33005
0"
b110011100 $
b110011100 %
1!
#33010
0!
#33015
0"
b110011101 %
b110011101 $
1!
#33020
0!
#33025
0"
b110011110 $
b110011110 %
1!
#33030
0!
#33035
0"
b110011111 %
b110011111 $
1!
#33040
0!
#33045
0"
b110100000 $
b110100000 %
1!
#33050
0!
#33055
0"
b110100001 %
b110100001 $
1!
#33060
0!
#33065
0"
b110100010 $
b110100010 %
1!
#33070
0!
#33075
0"
b110100011 %
b110100011 $
1!
#33080
0!
#33085
0"
b110100100 $
b110100100 %
1!
#33090
0!
#33095
0"
b110100101 %
b110100101 $
1!
#33100
0!
#33105
0"
b110100110 $
b110100110 %
1!
#33110
0!
#33115
0"
b110100111 %
b110100111 $
1!
#33120
0!
#33125
0"
b110101000 $
b110101000 %
1!
#33130
0!
#33135
0"
b110101001 %
b110101001 $
1!
#33140
0!
#33145
0"
b110101010 $
b110101010 %
1!
#33150
0!
#33155
0"
b110101011 %
b110101011 $
1!
#33160
0!
#33165
0"
b110101100 $
b110101100 %
1!
#33170
0!
#33175
0"
b110101101 %
b110101101 $
1!
#33180
0!
#33185
0"
b110101110 $
b110101110 %
1!
#33190
0!
#33195
0"
b110101111 %
b110101111 $
1!
#33200
0!
#33205
0"
b110110000 $
b110110000 %
1!
#33210
0!
#33215
0"
b110110001 %
b110110001 $
1!
#33220
0!
#33225
0"
b110110010 $
b110110010 %
1!
#33230
0!
#33235
0"
b110110011 %
b110110011 $
1!
#33240
0!
#33245
0"
b110110100 $
b110110100 %
1!
#33250
0!
#33255
0"
b110110101 %
b110110101 $
1!
#33260
0!
#33265
0"
b110110110 $
b110110110 %
1!
#33270
0!
#33275
0"
b110110111 %
b110110111 $
1!
#33280
0!
#33285
0"
b110111000 $
b110111000 %
1!
#33290
0!
#33295
0"
b110111001 %
b110111001 $
1!
#33300
0!
#33305
0"
b110111010 $
b110111010 %
1!
#33310
0!
#33315
0"
b110111011 %
b110111011 $
1!
#33320
0!
#33325
0"
b110111100 $
b110111100 %
1!
#33330
0!
#33335
0"
b110111101 %
b110111101 $
1!
#33340
0!
#33345
0"
b110111110 $
b110111110 %
1!
#33350
0!
#33355
0"
b110111111 %
b110111111 $
1!
#33360
0!
#33365
0"
b111000000 $
b111000000 %
1!
#33370
0!
#33375
0"
b111000001 %
b111000001 $
1!
#33380
0!
#33385
0"
b111000010 $
b111000010 %
1!
#33390
0!
#33395
0"
b111000011 %
b111000011 $
1!
#33400
0!
#33405
0"
b111000100 $
b111000100 %
1!
#33410
0!
#33415
0"
b111000101 %
b111000101 $
1!
#33420
0!
#33425
0"
b111000110 $
b111000110 %
1!
#33430
0!
#33435
0"
b111000111 %
b111000111 $
1!
#33440
0!
#33445
0"
b111001000 $
b111001000 %
1!
#33450
0!
#33455
0"
b111001001 %
b111001001 $
1!
#33460
0!
#33465
0"
b111001010 $
b111001010 %
1!
#33470
0!
#33475
0"
b111001011 %
b111001011 $
1!
#33480
0!
#33485
0"
b111001100 $
b111001100 %
1!
#33490
0!
#33495
0"
b111001101 %
b111001101 $
1!
#33500
0!
#33505
0"
b111001110 $
b111001110 %
1!
#33510
0!
#33515
0"
b111001111 %
b111001111 $
1!
#33520
0!
#33525
0"
b111010000 $
b111010000 %
1!
#33530
0!
#33535
0"
b111010001 %
b111010001 $
1!
#33540
0!
#33545
0"
b111010010 $
b111010010 %
1!
#33550
0!
#33555
0"
b111010011 %
b111010011 $
1!
#33560
0!
#33565
0"
b111010100 $
b111010100 %
1!
#33570
0!
#33575
0"
b111010101 %
b111010101 $
1!
#33580
0!
#33585
0"
b111010110 $
b111010110 %
1!
#33590
0!
#33595
0"
b111010111 %
b111010111 $
1!
#33600
0!
#33605
0"
b111011000 $
b111011000 %
1!
#33610
0!
#33615
0"
b111011001 %
b111011001 $
1!
#33620
0!
#33625
0"
b111011010 $
b111011010 %
1!
#33630
0!
#33635
0"
b111011011 %
b111011011 $
1!
#33640
0!
#33645
0"
b111011100 $
b111011100 %
1!
#33650
0!
#33655
0"
b111011101 %
b111011101 $
1!
#33660
0!
#33665
0"
b111011110 $
b111011110 %
1!
#33670
0!
#33675
0"
b111011111 %
b111011111 $
1!
#33680
0!
#33685
0"
b111100000 $
b111100000 %
1!
#33690
0!
#33695
0"
b111100001 %
b111100001 $
1!
#33700
0!
#33705
0"
b111100010 $
b111100010 %
1!
#33710
0!
#33715
0"
b111100011 %
b111100011 $
1!
#33720
0!
#33725
0"
b111100100 $
b111100100 %
1!
#33730
0!
#33735
0"
b111100101 %
b111100101 $
1!
#33740
0!
#33745
0"
b111100110 $
b111100110 %
1!
#33750
0!
#33755
0"
b111100111 %
b111100111 $
1!
#33760
0!
#33765
0"
b111101000 $
b111101000 %
1!
#33770
0!
#33775
0"
b111101001 %
b111101001 $
1!
#33780
0!
#33785
0"
b111101010 $
b111101010 %
1!
#33790
0!
#33795
0"
b111101011 %
b111101011 $
1!
#33800
0!
#33805
0"
b111101100 $
b111101100 %
1!
#33810
0!
#33815
0"
b111101101 %
b111101101 $
1!
#33820
0!
#33825
0"
b111101110 $
b111101110 %
1!
#33830
0!
#33835
0"
b111101111 %
b111101111 $
1!
#33840
0!
#33845
0"
b111110000 $
b111110000 %
1!
#33850
0!
#33855
0"
b111110001 %
b111110001 $
1!
#33860
0!
#33865
0"
b111110010 $
b111110010 %
1!
#33870
0!
#33875
0"
b111110011 %
b111110011 $
1!
#33880
0!
#33885
0"
b111110100 $
b111110100 %
1!
#33890
0!
#33895
0"
b111110101 %
b111110101 $
1!
#33900
0!
#33905
0"
b111110110 $
b111110110 %
1!
#33910
0!
#33915
0"
b111110111 %
b111110111 $
1!
#33920
0!
#33925
0"
b111111000 $
b111111000 %
1!
#33930
0!
#33935
0"
b111111001 %
b111111001 $
1!
#33940
0!
#33945
0"
b111111010 $
b111111010 %
1!
#33950
0!
#33955
0"
b111111011 %
b111111011 $
1!
#33960
0!
#33965
0"
b111111100 $
b111111100 %
1!
#33970
0!
#33975
0"
b111111101 %
b111111101 $
1!
#33980
0!
#33985
0"
b111111110 $
b111111110 %
1!
#33990
0!
#33995
0"
b111111111 %
b111111111 $
1!
#34000
0!
#34005
0"
b1000000000 $
b1000000000 %
1!
#34010
0!
#34015
0"
b1000000001 %
b1000000001 $
1!
#34020
0!
#34025
0"
b1000000010 $
b1000000010 %
1!
#34030
0!
#34035
0"
b1000000011 %
b1000000011 $
1!
#34040
0!
#34045
0"
b1000000100 $
b1000000100 %
1!
#34050
0!
#34055
0"
b1000000101 %
b1000000101 $
1!
#34060
0!
#34065
0"
b1000000110 $
b1000000110 %
1!
#34070
0!
#34075
0"
b1000000111 %
b1000000111 $
1!
#34080
0!
#34085
0"
b1000001000 $
b1000001000 %
1!
#34090
0!
#34095
0"
b1000001001 %
b1000001001 $
1!
#34100
0!
#34105
0"
b1000001010 $
b1000001010 %
1!
#34110
0!
#34115
0"
b1000001011 %
b1000001011 $
1!
#34120
0!
#34125
0"
b1000001100 $
b1000001100 %
1!
#34130
0!
#34135
0"
b1000001101 %
b1000001101 $
1!
#34140
0!
#34145
0"
b1000001110 $
b1000001110 %
1!
#34150
0!
#34155
0"
b1000001111 %
b1000001111 $
1!
#34160
0!
#34165
0"
b1000010000 $
b1000010000 %
1!
#34170
0!
#34175
0"
b1000010001 %
b1000010001 $
1!
#34180
0!
#34185
0"
b1000010010 $
b1000010010 %
1!
#34190
0!
#34195
0"
b1000010011 %
b1000010011 $
1!
#34200
0!
#34205
0"
b1000010100 $
b1000010100 %
1!
#34210
0!
#34215
0"
b1000010101 %
b1000010101 $
1!
#34220
0!
#34225
0"
b1000010110 $
b1000010110 %
1!
#34230
0!
#34235
0"
b1000010111 %
b1000010111 $
1!
#34240
0!
#34245
0"
b1000011000 $
b1000011000 %
1!
#34250
0!
#34255
0"
b1000011001 %
b1000011001 $
1!
#34260
0!
#34265
0"
b1000011010 $
b1000011010 %
1!
#34270
0!
#34275
0"
b1000011011 %
b1000011011 $
1!
#34280
0!
#34285
0"
b1000011100 $
b1000011100 %
1!
#34290
0!
#34295
0"
b1000011101 %
b1000011101 $
1!
#34300
0!
#34305
0"
b1000011110 $
b1000011110 %
1!
#34310
0!
#34315
0"
b1000011111 %
b1000011111 $
1!
#34320
0!
#34325
0"
b1000100000 $
b1000100000 %
1!
#34330
0!
#34335
0"
b1000100001 %
b1000100001 $
1!
#34340
0!
#34345
0"
b1000100010 $
b1000100010 %
1!
#34350
0!
#34355
0"
b1000100011 %
b1000100011 $
1!
#34360
0!
#34365
0"
b1000100100 $
b1000100100 %
1!
#34370
0!
#34375
0"
b1000100101 %
b1000100101 $
1!
#34380
0!
#34385
0"
b1000100110 $
b1000100110 %
1!
#34390
0!
#34395
0"
b1000100111 %
b1000100111 $
1!
#34400
0!
#34405
0"
b1000101000 $
b1000101000 %
1!
#34410
0!
#34415
0"
b1000101001 %
b1000101001 $
1!
#34420
0!
#34425
0"
b1000101010 $
b1000101010 %
1!
#34430
0!
#34435
0"
b1000101011 %
b1000101011 $
1!
#34440
0!
#34445
0"
b1000101100 $
b1000101100 %
1!
#34450
0!
#34455
0"
b1000101101 %
b1000101101 $
1!
#34460
0!
#34465
0"
b1000101110 $
b1000101110 %
1!
#34470
0!
#34475
0"
b1000101111 %
b1000101111 $
1!
#34480
0!
#34485
0"
b1000110000 $
b1000110000 %
1!
#34490
0!
#34495
0"
b1000110001 %
b1000110001 $
1!
#34500
0!
#34505
0"
b1000110010 $
b1000110010 %
1!
#34510
0!
#34515
0"
b1000110011 %
b1000110011 $
1!
#34520
0!
#34525
0"
b1000110100 $
b1000110100 %
1!
#34530
0!
#34535
0"
b1000110101 %
b1000110101 $
1!
#34540
0!
#34545
0"
b1000110110 $
b1000110110 %
1!
#34550
0!
#34555
0"
b1000110111 %
b1000110111 $
1!
#34560
0!
#34565
0"
b1000111000 $
b1000111000 %
1!
#34570
0!
#34575
0"
b1000111001 %
b1000111001 $
1!
#34580
0!
#34585
0"
b1000111010 $
b1000111010 %
1!
#34590
0!
#34595
0"
b1000111011 %
b1000111011 $
1!
#34600
0!
#34605
0"
b1000111100 $
b1000111100 %
1!
#34610
0!
#34615
0"
b1000111101 %
b1000111101 $
1!
#34620
0!
#34625
0"
b1000111110 $
b1000111110 %
1!
#34630
0!
#34635
0"
b1000111111 %
b1000111111 $
1!
#34640
0!
#34645
0"
b1001000000 $
b1001000000 %
1!
#34650
0!
#34655
0"
b1001000001 %
b1001000001 $
1!
#34660
0!
#34665
0"
b1001000010 $
b1001000010 %
1!
#34670
0!
#34675
0"
b1001000011 %
b1001000011 $
1!
#34680
0!
#34685
0"
b1001000100 $
b1001000100 %
1!
#34690
0!
#34695
0"
b1001000101 %
b1001000101 $
1!
#34700
0!
#34705
0"
b1001000110 $
b1001000110 %
1!
#34710
0!
#34715
0"
b1001000111 %
b1001000111 $
1!
#34720
0!
#34725
0"
b1001001000 $
b1001001000 %
1!
#34730
0!
#34735
0"
b1001001001 %
b1001001001 $
1!
#34740
0!
#34745
0"
b1001001010 $
b1001001010 %
1!
#34750
0!
#34755
0"
b1001001011 %
b1001001011 $
1!
#34760
0!
#34765
0"
b1001001100 $
b1001001100 %
1!
#34770
0!
#34775
0"
b1001001101 %
b1001001101 $
1!
#34780
0!
#34785
0"
b1001001110 $
b1001001110 %
1!
#34790
0!
#34795
0"
b1001001111 %
b1001001111 $
1!
#34800
0!
#34805
0"
b1001010000 $
b1001010000 %
1!
#34810
0!
#34815
0"
b1001010001 %
b1001010001 $
1!
#34820
0!
#34825
0"
b1001010010 $
b1001010010 %
1!
#34830
0!
#34835
0"
b1001010011 %
b1001010011 $
1!
#34840
0!
#34845
0"
b1001010100 $
b1001010100 %
1!
#34850
0!
#34855
0"
b1001010101 %
b1001010101 $
1!
#34860
0!
#34865
0"
b1001010110 $
b1001010110 %
1!
#34870
0!
#34875
0"
b1001010111 %
b1001010111 $
1!
#34880
0!
#34885
0"
b1001011000 $
b1001011000 %
1!
#34890
0!
#34895
0"
b1001011001 %
b1001011001 $
1!
#34900
0!
#34905
0"
b1001011010 $
b1001011010 %
1!
#34910
0!
#34915
0"
b1001011011 %
b1001011011 $
1!
#34920
0!
#34925
0"
b1001011100 $
b1001011100 %
1!
#34930
0!
#34935
0"
b1001011101 %
b1001011101 $
1!
#34940
0!
#34945
0"
b1001011110 $
b1001011110 %
1!
#34950
0!
#34955
0"
b1001011111 %
b1001011111 $
1!
#34960
0!
#34965
0"
b1001100000 $
b1001100000 %
1!
#34970
0!
#34975
0"
b1001100001 %
b1001100001 $
1!
#34980
0!
#34985
0"
b1001100010 $
b1001100010 %
1!
#34990
0!
#34995
0"
b1001100011 %
b1001100011 $
1!
#35000
0!
#35005
0"
b1001100100 $
b1001100100 %
1!
#35010
0!
#35015
0"
b1001100101 %
b1001100101 $
1!
#35020
0!
#35025
0"
b1001100110 $
b1001100110 %
1!
#35030
0!
#35035
0"
b1001100111 %
b1001100111 $
1!
#35040
0!
#35045
0"
b1001101000 $
b1001101000 %
1!
#35050
0!
#35055
0"
b1001101001 %
b1001101001 $
1!
#35060
0!
#35065
0"
b1001101010 $
b1001101010 %
1!
#35070
0!
#35075
0"
b1001101011 %
b1001101011 $
1!
#35080
0!
#35085
0"
b1001101100 $
b1001101100 %
1!
#35090
0!
#35095
0"
b1001101101 %
b1001101101 $
1!
#35100
0!
#35105
0"
b1001101110 $
b1001101110 %
1!
#35110
0!
#35115
0"
b1001101111 %
b1001101111 $
1!
#35120
0!
#35125
0"
b1001110000 $
b1001110000 %
1!
#35130
0!
#35135
0"
b1001110001 %
b1001110001 $
1!
#35140
0!
#35145
0"
b1001110010 $
b1001110010 %
1!
#35150
0!
#35155
0"
b1001110011 %
b1001110011 $
1!
#35160
0!
#35165
0"
b1001110100 $
b1001110100 %
1!
#35170
0!
#35175
0"
b1001110101 %
b1001110101 $
1!
#35180
0!
#35185
0"
b1001110110 $
b1001110110 %
1!
#35190
0!
#35195
0"
b1001110111 %
b1001110111 $
1!
#35200
0!
#35205
0"
b1001111000 $
b1001111000 %
1!
#35210
0!
#35215
0"
b1001111001 %
b1001111001 $
1!
#35220
0!
#35225
0"
b1001111010 $
b1001111010 %
1!
#35230
0!
#35235
0"
b1001111011 %
b1001111011 $
1!
#35240
0!
#35245
0"
b1001111100 $
b1001111100 %
1!
#35250
0!
#35255
0"
b1001111101 %
b1001111101 $
1!
#35260
0!
#35265
0"
b1001111110 $
b1001111110 %
1!
#35270
0!
#35275
0"
b1001111111 %
b1001111111 $
1!
#35280
0!
#35285
0"
b1010000000 $
b1010000000 %
1!
#35290
0!
#35295
0"
b1010000001 %
b1010000001 $
1!
#35300
0!
#35305
0"
b1010000010 $
b1010000010 %
1!
#35310
0!
#35315
0"
b1010000011 %
b1010000011 $
1!
#35320
0!
#35325
0"
b1010000100 $
b1010000100 %
1!
#35330
0!
#35335
0"
b1010000101 %
b1010000101 $
1!
#35340
0!
#35345
0"
b1010000110 $
b1010000110 %
1!
#35350
0!
#35355
0"
b1010000111 %
b1010000111 $
1!
#35360
0!
#35365
0"
b1010001000 $
b1010001000 %
1!
#35370
0!
#35375
0"
b1010001001 %
b1010001001 $
1!
#35380
0!
#35385
0"
b1010001010 $
b1010001010 %
1!
#35390
0!
#35395
0"
b1010001011 %
b1010001011 $
1!
#35400
0!
#35405
0"
b1010001100 $
b1010001100 %
1!
#35410
0!
#35415
0"
b1010001101 %
b1010001101 $
1!
#35420
0!
#35425
0"
b1010001110 $
b1010001110 %
1!
#35430
0!
#35435
0"
b1010001111 %
b1010001111 $
1!
#35440
0!
#35445
0"
b1010010000 $
b1010010000 %
1!
#35450
0!
#35455
0"
b1010010001 %
b1010010001 $
1!
#35460
0!
#35465
0"
b1010010010 $
b1010010010 %
1!
#35470
0!
#35475
0"
b1010010011 %
b1010010011 $
1!
#35480
0!
#35485
0"
b1010010100 $
b1010010100 %
1!
#35490
0!
#35495
0"
b1010010101 %
b1010010101 $
1!
#35500
0!
#35505
0"
b1010010110 $
b1010010110 %
1!
#35510
0!
#35515
0"
b1010010111 %
b1010010111 $
1!
#35520
0!
#35525
0"
b1010011000 $
b1010011000 %
1!
#35530
0!
#35535
0"
b1010011001 %
b1010011001 $
1!
#35540
0!
#35545
0"
b1010011010 $
b1010011010 %
1!
#35550
0!
#35555
0"
b1010011011 %
b1010011011 $
1!
#35560
0!
#35565
0"
b1010011100 $
b1010011100 %
1!
#35570
0!
#35575
0"
b1010011101 %
b1010011101 $
1!
#35580
0!
#35585
0"
b1010011110 $
b1010011110 %
1!
#35590
0!
#35595
0"
b1010011111 %
b1010011111 $
1!
#35600
0!
#35605
0"
b1010100000 $
b1010100000 %
1!
#35610
0!
#35615
0"
b1010100001 %
b1010100001 $
1!
#35620
0!
#35625
0"
b1010100010 $
b1010100010 %
1!
#35630
0!
#35635
0"
b1010100011 %
b1010100011 $
1!
#35640
0!
#35645
0"
b1010100100 $
b1010100100 %
1!
#35650
0!
#35655
0"
b1010100101 %
b1010100101 $
1!
#35660
0!
#35665
0"
b1010100110 $
b1010100110 %
1!
#35670
0!
#35675
0"
b1010100111 %
b1010100111 $
1!
#35680
0!
#35685
0"
b1010101000 $
b1010101000 %
1!
#35690
0!
#35695
0"
b1010101001 %
b1010101001 $
1!
#35700
0!
#35705
0"
b1010101010 $
b1010101010 %
1!
#35710
0!
#35715
0"
b1010101011 %
b1010101011 $
1!
#35720
0!
#35725
0"
b1010101100 $
b1010101100 %
1!
#35730
0!
#35735
0"
b1010101101 %
b1010101101 $
1!
#35740
0!
#35745
0"
b1010101110 $
b1010101110 %
1!
#35750
0!
#35755
0"
b1010101111 %
b1010101111 $
1!
#35760
0!
#35765
0"
b1010110000 $
b1010110000 %
1!
#35770
0!
#35775
0"
b1010110001 %
b1010110001 $
1!
#35780
0!
#35785
0"
b1010110010 $
b1010110010 %
1!
#35790
0!
#35795
0"
b1010110011 %
b1010110011 $
1!
#35800
0!
#35805
0"
b1010110100 $
b1010110100 %
1!
#35810
0!
#35815
0"
b1010110101 %
b1010110101 $
1!
#35820
0!
#35825
0"
b1010110110 $
b1010110110 %
1!
#35830
0!
#35835
0"
b1010110111 %
b1010110111 $
1!
#35840
0!
#35845
0"
b1010111000 $
b1010111000 %
1!
#35850
0!
#35855
0"
b1010111001 %
b1010111001 $
1!
#35860
0!
#35865
0"
b1010111010 $
b1010111010 %
1!
#35870
0!
#35875
0"
b1010111011 %
b1010111011 $
1!
#35880
0!
#35885
0"
b1010111100 $
b1010111100 %
1!
#35890
0!
#35895
0"
b1010111101 %
b1010111101 $
1!
#35900
0!
#35905
0"
b1010111110 $
b1010111110 %
1!
#35910
0!
#35915
0"
b1010111111 %
b1010111111 $
1!
#35920
0!
#35925
0"
b1011000000 $
b1011000000 %
1!
#35930
0!
#35935
0"
b1011000001 %
b1011000001 $
1!
#35940
0!
#35945
0"
b1011000010 $
b1011000010 %
1!
#35950
0!
#35955
0"
b1011000011 %
b1011000011 $
1!
#35960
0!
#35965
0"
b1011000100 $
b1011000100 %
1!
#35970
0!
#35975
0"
b1011000101 %
b1011000101 $
1!
#35980
0!
#35985
0"
b1011000110 $
b1011000110 %
1!
#35990
0!
#35995
0"
b1011000111 %
b1011000111 $
1!
#36000
0!
#36005
0"
b1011001000 $
b1011001000 %
1!
#36010
0!
#36015
0"
b1011001001 %
b1011001001 $
1!
#36020
0!
#36025
0"
b1011001010 $
b1011001010 %
1!
#36030
0!
#36035
0"
b1011001011 %
b1011001011 $
1!
#36040
0!
#36045
0"
b1011001100 $
b1011001100 %
1!
#36050
0!
#36055
0"
b1011001101 %
b1011001101 $
1!
#36060
0!
#36065
0"
b1011001110 $
b1011001110 %
1!
#36070
0!
#36075
0"
b1011001111 %
b1011001111 $
1!
#36080
0!
#36085
0"
b1011010000 $
b1011010000 %
1!
#36090
0!
#36095
0"
b1011010001 %
b1011010001 $
1!
#36100
0!
#36105
0"
b1011010010 $
b1011010010 %
1!
#36110
0!
#36115
0"
b1011010011 %
b1011010011 $
1!
#36120
0!
#36125
0"
b1011010100 $
b1011010100 %
1!
#36130
0!
#36135
0"
b1011010101 %
b1011010101 $
1!
#36140
0!
#36145
0"
b1011010110 $
b1011010110 %
1!
#36150
0!
#36155
0"
b1011010111 %
b1011010111 $
1!
#36160
0!
#36165
0"
b1011011000 $
b1011011000 %
1!
#36170
0!
#36175
0"
b1011011001 %
b1011011001 $
1!
#36180
0!
#36185
0"
b1011011010 $
b1011011010 %
1!
#36190
0!
#36195
0"
b1011011011 %
b1011011011 $
1!
#36200
0!
#36205
0"
b1011011100 $
b1011011100 %
1!
#36210
0!
#36215
0"
b1011011101 %
b1011011101 $
1!
#36220
0!
#36225
0"
b1011011110 $
b1011011110 %
1!
#36230
0!
#36235
0"
b1011011111 %
b1011011111 $
1!
#36240
0!
#36245
0"
b1011100000 $
b1011100000 %
1!
#36250
0!
#36255
0"
b1011100001 %
b1011100001 $
1!
#36260
0!
#36265
0"
b1011100010 $
b1011100010 %
1!
#36270
0!
#36275
0"
b1011100011 %
b1011100011 $
1!
#36280
0!
#36285
0"
b1011100100 $
b1011100100 %
1!
#36290
0!
#36295
0"
b1011100101 %
b1011100101 $
1!
#36300
0!
#36305
0"
b1011100110 $
b1011100110 %
1!
#36310
0!
#36315
0"
b1011100111 %
b1011100111 $
1!
#36320
0!
#36325
0"
b1011101000 $
b1011101000 %
1!
#36330
0!
#36335
0"
b1011101001 %
b1011101001 $
1!
#36340
0!
#36345
0"
b1011101010 $
b1011101010 %
1!
#36350
0!
#36355
0"
b1011101011 %
b1011101011 $
1!
#36360
0!
#36365
0"
b1011101100 $
b1011101100 %
1!
#36370
0!
#36375
0"
b1011101101 %
b1011101101 $
1!
#36380
0!
#36385
0"
b1011101110 $
b1011101110 %
1!
#36390
0!
#36395
0"
b1011101111 %
b1011101111 $
1!
#36400
0!
#36405
0"
b1011110000 $
b1011110000 %
1!
#36410
0!
#36415
0"
b1011110001 %
b1011110001 $
1!
#36420
0!
#36425
0"
b1011110010 $
b1011110010 %
1!
#36430
0!
#36435
0"
b1011110011 %
b1011110011 $
1!
#36440
0!
#36445
0"
b1011110100 $
b1011110100 %
1!
#36450
0!
#36455
0"
b1011110101 %
b1011110101 $
1!
#36460
0!
#36465
0"
b1011110110 $
b1011110110 %
1!
#36470
0!
#36475
0"
b1011110111 %
b1011110111 $
1!
#36480
0!
#36485
0"
b1011111000 $
b1011111000 %
1!
#36490
0!
#36495
0"
b1011111001 %
b1011111001 $
1!
#36500
0!
#36505
0"
b1011111010 $
b1011111010 %
1!
#36510
0!
#36515
0"
b1011111011 %
b1011111011 $
1!
#36520
0!
#36525
0"
b1011111100 $
b1011111100 %
1!
#36530
0!
#36535
0"
b1011111101 %
b1011111101 $
1!
#36540
0!
#36545
0"
b1011111110 $
b1011111110 %
1!
#36550
0!
#36555
0"
b1011111111 %
b1011111111 $
1!
#36560
0!
#36565
0"
b1100000000 $
b1100000000 %
1!
#36570
0!
#36575
0"
b1100000001 %
b1100000001 $
1!
#36580
0!
#36585
0"
b1100000010 $
b1100000010 %
1!
#36590
0!
#36595
0"
b1100000011 %
b1100000011 $
1!
#36600
0!
#36605
0"
b1100000100 $
b1100000100 %
1!
#36610
0!
#36615
0"
b1100000101 %
b1100000101 $
1!
#36620
0!
#36625
0"
b1100000110 $
b1100000110 %
1!
#36630
0!
#36635
0"
b1100000111 %
b1100000111 $
1!
#36640
0!
#36645
0"
b1100001000 $
b1100001000 %
1!
#36650
0!
#36655
0"
b1100001001 %
b1100001001 $
1!
#36660
0!
#36665
0"
b1100001010 $
b1100001010 %
1!
#36670
0!
#36675
0"
b1100001011 %
b1100001011 $
1!
#36680
0!
#36685
0"
b1100001100 $
b1100001100 %
1!
#36690
0!
#36695
0"
b1100001101 %
b1100001101 $
1!
#36700
0!
#36705
0"
b1100001110 $
b1100001110 %
1!
#36710
0!
#36715
0"
b1100001111 %
b1100001111 $
1!
#36720
0!
#36725
0"
b1100010000 $
b1100010000 %
1!
#36730
0!
#36735
0"
b1100010001 %
b1100010001 $
1!
#36740
0!
#36745
0"
b1100010010 $
b1100010010 %
1!
#36750
0!
#36755
0"
b1100010011 %
b1100010011 $
1!
#36760
0!
#36765
0"
b1100010100 $
b1100010100 %
1!
#36770
0!
#36775
0"
b1100010101 %
b1100010101 $
1!
#36780
0!
#36785
0"
b1100010110 $
b1100010110 %
1!
#36790
0!
#36795
0"
b1100010111 %
b1100010111 $
1!
#36800
0!
#36805
0"
b1100011000 $
b1100011000 %
1!
#36810
0!
#36815
0"
b1100011001 %
b1100011001 $
1!
#36820
0!
#36825
0"
b1100011010 $
b1100011010 %
1!
#36830
0!
#36835
0"
b1100011011 %
b1100011011 $
1!
#36840
0!
#36845
0"
b1100011100 $
b1100011100 %
1!
#36850
0!
#36855
0"
b1100011101 %
b1100011101 $
1!
#36860
0!
#36865
0"
b1100011110 $
b1100011110 %
1!
#36870
0!
#36875
0"
b1100011111 %
b1100011111 $
1!
#36880
0!
#36885
0"
b1100100000 $
b1100100000 %
1!
#36890
0!
#36895
0"
b1100100001 %
b1100100001 $
1!
#36900
0!
#36905
0"
b1100100010 $
b1100100010 %
1!
#36910
0!
#36915
0"
b1100100011 %
b1100100011 $
1!
#36920
0!
#36925
0"
b1100100100 $
b1100100100 %
1!
#36930
0!
#36935
0"
b1100100101 %
b1100100101 $
1!
#36940
0!
#36945
0"
b1100100110 $
b1100100110 %
1!
#36950
0!
#36955
0"
b1100100111 %
b1100100111 $
1!
#36960
0!
#36965
0"
b1100101000 $
b1100101000 %
1!
#36970
0!
#36975
0"
b1100101001 %
b1100101001 $
1!
#36980
0!
#36985
0"
b1100101010 $
b1100101010 %
1!
#36990
0!
#36995
0"
b1100101011 %
b1100101011 $
1!
#37000
0!
#37005
0"
b1100101100 $
b1100101100 %
1!
#37010
0!
#37015
0"
b1100101101 %
b1100101101 $
1!
#37020
0!
#37025
0"
b1100101110 $
b1100101110 %
1!
#37030
0!
#37035
0"
b1100101111 %
b1100101111 $
1!
#37040
0!
#37045
0"
b1100110000 $
b1100110000 %
1!
#37050
0!
#37055
0"
b1100110001 %
b1100110001 $
1!
#37060
0!
#37065
0"
b1100110010 $
b1100110010 %
1!
#37070
0!
#37075
0"
b1100110011 %
b1100110011 $
1!
#37080
0!
#37085
0"
b1100110100 $
b1100110100 %
1!
#37090
0!
#37095
0"
b1100110101 %
b1100110101 $
1!
#37100
0!
#37105
0"
b1100110110 $
b1100110110 %
1!
#37110
0!
#37115
0"
b1100110111 %
b1100110111 $
1!
#37120
0!
#37125
0"
b1100111000 $
b1100111000 %
1!
#37130
0!
#37135
0"
b1100111001 %
b1100111001 $
1!
#37140
0!
#37145
0"
b1100111010 $
b1100111010 %
1!
#37150
0!
#37155
0"
b1100111011 %
b1100111011 $
1!
#37160
0!
#37165
0"
b1100111100 $
b1100111100 %
1!
#37170
0!
#37175
0"
b1100111101 %
b1100111101 $
1!
#37180
0!
#37185
0"
b1100111110 $
b1100111110 %
1!
#37190
0!
#37195
0"
b1100111111 %
b1100111111 $
1!
#37200
0!
#37205
0"
b1101000000 $
b1101000000 %
1!
#37210
0!
#37215
0"
b1101000001 %
b1101000001 $
1!
#37220
0!
#37225
0"
b1101000010 $
b1101000010 %
1!
#37230
0!
#37235
0"
b1101000011 %
b1101000011 $
1!
#37240
0!
#37245
0"
b1101000100 $
b1101000100 %
1!
#37250
0!
#37255
0"
b1101000101 %
b1101000101 $
1!
#37260
0!
#37265
0"
b1101000110 $
b1101000110 %
1!
#37270
0!
#37275
0"
b1101000111 %
b1101000111 $
1!
#37280
0!
#37285
0"
b1101001000 $
b1101001000 %
1!
#37290
0!
#37295
0"
b1101001001 %
b1101001001 $
1!
#37300
0!
#37305
0"
b1101001010 $
b1101001010 %
1!
#37310
0!
#37315
0"
b1101001011 %
b1101001011 $
1!
#37320
0!
#37325
0"
b1101001100 $
b1101001100 %
1!
#37330
0!
#37335
0"
b1101001101 %
b1101001101 $
1!
#37340
0!
#37345
0"
b1101001110 $
b1101001110 %
1!
#37350
0!
#37355
0"
b1101001111 %
b1101001111 $
1!
#37360
0!
#37365
0"
b1101010000 $
b1101010000 %
1!
#37370
0!
#37375
0"
b1101010001 %
b1101010001 $
1!
#37380
0!
#37385
0"
b1101010010 $
b1101010010 %
1!
#37390
0!
#37395
0"
b1101010011 %
b1101010011 $
1!
#37400
0!
#37405
0"
b1101010100 $
b1101010100 %
1!
#37410
0!
#37415
0"
b1101010101 %
b1101010101 $
1!
#37420
0!
#37425
0"
b1101010110 $
b1101010110 %
1!
#37430
0!
#37435
0"
b1101010111 %
b1101010111 $
1!
#37440
0!
#37445
0"
b1101011000 $
b1101011000 %
1!
#37450
0!
#37455
0"
b1101011001 %
b1101011001 $
1!
#37460
0!
#37465
0"
b1101011010 $
b1101011010 %
1!
#37470
0!
#37475
0"
b1101011011 %
b1101011011 $
1!
#37480
0!
#37485
0"
b1101011100 $
b1101011100 %
1!
#37490
0!
#37495
0"
b1101011101 %
b1101011101 $
1!
#37500
0!
#37505
0"
b1101011110 $
b1101011110 %
1!
#37510
0!
#37515
0"
b1101011111 %
b1101011111 $
1!
#37520
0!
#37525
0"
b1101100000 $
b1101100000 %
1!
#37530
0!
#37535
0"
b1101100001 %
b1101100001 $
1!
#37540
0!
#37545
0"
b1101100010 $
b1101100010 %
1!
#37550
0!
#37555
0"
b1101100011 %
b1101100011 $
1!
#37560
0!
#37565
0"
b1101100100 $
b1101100100 %
1!
#37570
0!
#37575
0"
b1101100101 %
b1101100101 $
1!
#37580
0!
#37585
0"
b1101100110 $
b1101100110 %
1!
#37590
0!
#37595
0"
b1101100111 %
b1101100111 $
1!
#37600
0!
#37605
0"
b1101101000 $
b1101101000 %
1!
#37610
0!
#37615
0"
b1101101001 %
b1101101001 $
1!
#37620
0!
#37625
0"
b1101101010 $
b1101101010 %
1!
#37630
0!
#37635
0"
b1101101011 %
b1101101011 $
1!
#37640
0!
#37645
0"
b1101101100 $
b1101101100 %
1!
#37650
0!
#37655
0"
b1101101101 %
b1101101101 $
1!
#37660
0!
#37665
0"
b1101101110 $
b1101101110 %
1!
#37670
0!
#37675
0"
b1101101111 %
b1101101111 $
1!
#37680
0!
#37685
0"
b1101110000 $
b1101110000 %
1!
#37690
0!
#37695
0"
b1101110001 %
b1101110001 $
1!
#37700
0!
#37705
0"
b1101110010 $
b1101110010 %
1!
#37710
0!
#37715
0"
b1101110011 %
b1101110011 $
1!
#37720
0!
#37725
0"
b1101110100 $
b1101110100 %
1!
#37730
0!
#37735
0"
b1101110101 %
b1101110101 $
1!
#37740
0!
#37745
0"
b1101110110 $
b1101110110 %
1!
#37750
0!
#37755
0"
b1101110111 %
b1101110111 $
1!
#37760
0!
#37765
0"
b1101111000 $
b1101111000 %
1!
#37770
0!
#37775
0"
b1101111001 %
b1101111001 $
1!
#37780
0!
#37785
0"
b1101111010 $
b1101111010 %
1!
#37790
0!
#37795
0"
b1101111011 %
b1101111011 $
1!
#37800
0!
#37805
0"
b1101111100 $
b1101111100 %
1!
#37810
0!
#37815
0"
b1101111101 %
b1101111101 $
1!
#37820
0!
#37825
0"
b1101111110 $
b1101111110 %
1!
#37830
0!
#37835
0"
b1101111111 %
b1101111111 $
1!
#37840
0!
#37845
0"
b1110000000 $
b1110000000 %
1!
#37850
0!
#37855
0"
b1110000001 %
b1110000001 $
1!
#37860
0!
#37865
0"
b1110000010 $
b1110000010 %
1!
#37870
0!
#37875
0"
b1110000011 %
b1110000011 $
1!
#37880
0!
#37885
0"
b1110000100 $
b1110000100 %
1!
#37890
0!
#37895
0"
b1110000101 %
b1110000101 $
1!
#37900
0!
#37905
0"
b1110000110 $
b1110000110 %
1!
#37910
0!
#37915
0"
b1110000111 %
b1110000111 $
1!
#37920
0!
#37925
0"
b1110001000 $
b1110001000 %
1!
#37930
0!
#37935
0"
b1110001001 %
b1110001001 $
1!
#37940
0!
#37945
0"
b1110001010 $
b1110001010 %
1!
#37950
0!
#37955
0"
b1110001011 %
b1110001011 $
1!
#37960
0!
#37965
0"
b1110001100 $
b1110001100 %
1!
#37970
0!
#37975
0"
b1110001101 %
b1110001101 $
1!
#37980
0!
#37985
0"
b1110001110 $
b1110001110 %
1!
#37990
0!
#37995
0"
b1110001111 %
b1110001111 $
1!
#38000
0!
#38005
0"
b1110010000 $
b1110010000 %
1!
#38010
0!
#38015
0"
b1110010001 %
b1110010001 $
1!
#38020
0!
#38025
0"
b1110010010 $
b1110010010 %
1!
#38030
0!
#38035
0"
b1110010011 %
b1110010011 $
1!
#38040
0!
#38045
0"
b1110010100 $
b1110010100 %
1!
#38050
0!
#38055
0"
b1110010101 %
b1110010101 $
1!
#38060
0!
#38065
0"
b1110010110 $
b1110010110 %
1!
#38070
0!
#38075
0"
b1110010111 %
b1110010111 $
1!
#38080
0!
#38085
0"
b1110011000 $
b1110011000 %
1!
#38090
0!
#38095
0"
b1110011001 %
b1110011001 $
1!
#38100
0!
#38105
0"
b1110011010 $
b1110011010 %
1!
#38110
0!
#38115
0"
b1110011011 %
b1110011011 $
1!
#38120
0!
#38125
0"
b1110011100 $
b1110011100 %
1!
#38130
0!
#38135
0"
b1110011101 %
b1110011101 $
1!
#38140
0!
#38145
0"
b1110011110 $
b1110011110 %
1!
#38150
0!
#38155
0"
b1110011111 %
b1110011111 $
1!
#38160
0!
#38165
0"
b1110100000 $
b1110100000 %
1!
#38170
0!
#38175
0"
b1110100001 %
b1110100001 $
1!
#38180
0!
#38185
0"
b1110100010 $
b1110100010 %
1!
#38190
0!
#38195
0"
b1110100011 %
b1110100011 $
1!
#38200
0!
#38205
0"
b1110100100 $
b1110100100 %
1!
#38210
0!
#38215
0"
b1110100101 %
b1110100101 $
1!
#38220
0!
#38225
0"
b1110100110 $
b1110100110 %
1!
#38230
0!
#38235
0"
b1110100111 %
b1110100111 $
1!
#38240
0!
#38245
0"
b1110101000 $
b1110101000 %
1!
#38250
0!
#38255
0"
b1110101001 %
b1110101001 $
1!
#38260
0!
#38265
0"
b1110101010 $
b1110101010 %
1!
#38270
0!
#38275
0"
b1110101011 %
b1110101011 $
1!
#38280
0!
#38285
0"
b1110101100 $
b1110101100 %
1!
#38290
0!
#38295
0"
b1110101101 %
b1110101101 $
1!
#38300
0!
#38305
0"
b1110101110 $
b1110101110 %
1!
#38310
0!
#38315
0"
b1110101111 %
b1110101111 $
1!
#38320
0!
#38325
0"
b1110110000 $
b1110110000 %
1!
#38330
0!
#38335
0"
b1110110001 %
b1110110001 $
1!
#38340
0!
#38345
0"
b1110110010 $
b1110110010 %
1!
#38350
0!
#38355
0"
b1110110011 %
b1110110011 $
1!
#38360
0!
#38365
0"
b1110110100 $
b1110110100 %
1!
#38370
0!
#38375
0"
b1110110101 %
b1110110101 $
1!
#38380
0!
#38385
0"
b1110110110 $
b1110110110 %
1!
#38390
0!
#38395
0"
b1110110111 %
b1110110111 $
1!
#38400
0!
#38405
0"
b1110111000 $
b1110111000 %
1!
#38410
0!
#38415
0"
b1110111001 %
b1110111001 $
1!
#38420
0!
#38425
0"
b1110111010 $
b1110111010 %
1!
#38430
0!
#38435
0"
b1110111011 %
b1110111011 $
1!
#38440
0!
#38445
0"
b1110111100 $
b1110111100 %
1!
#38450
0!
#38455
0"
b1110111101 %
b1110111101 $
1!
#38460
0!
#38465
0"
b1110111110 $
b1110111110 %
1!
#38470
0!
#38475
0"
b1110111111 %
b1110111111 $
1!
#38480
0!
#38485
0"
b1111000000 $
b1111000000 %
1!
#38490
0!
#38495
0"
b1111000001 %
b1111000001 $
1!
#38500
0!
#38505
0"
b1111000010 $
b1111000010 %
1!
#38510
0!
#38515
0"
b1111000011 %
b1111000011 $
1!
#38520
0!
#38525
0"
b1111000100 $
b1111000100 %
1!
#38530
0!
#38535
0"
b1111000101 %
b1111000101 $
1!
#38540
0!
#38545
0"
b1111000110 $
b1111000110 %
1!
#38550
0!
#38555
0"
b1111000111 %
b1111000111 $
1!
#38560
0!
#38565
0"
b1111001000 $
b1111001000 %
1!
#38570
0!
#38575
0"
b1111001001 %
b1111001001 $
1!
#38580
0!
#38585
0"
b1111001010 $
b1111001010 %
1!
#38590
0!
#38595
0"
b1111001011 %
b1111001011 $
1!
#38600
0!
#38605
0"
b1111001100 $
b1111001100 %
1!
#38610
0!
#38615
0"
b1111001101 %
b1111001101 $
1!
#38620
0!
#38625
0"
b1111001110 $
b1111001110 %
1!
#38630
0!
#38635
0"
b1111001111 %
b1111001111 $
1!
#38640
0!
#38645
0"
b1111010000 $
b1111010000 %
1!
#38650
0!
#38655
0"
b1111010001 %
b1111010001 $
1!
#38660
0!
#38665
0"
b1111010010 $
b1111010010 %
1!
#38670
0!
#38675
0"
b1111010011 %
b1111010011 $
1!
#38680
0!
#38685
0"
b1111010100 $
b1111010100 %
1!
#38690
0!
#38695
0"
b1111010101 %
b1111010101 $
1!
#38700
0!
#38705
0"
b1111010110 $
b1111010110 %
1!
#38710
0!
#38715
0"
b1111010111 %
b1111010111 $
1!
#38720
0!
#38725
0"
b1111011000 $
b1111011000 %
1!
#38730
0!
#38735
0"
b1111011001 %
b1111011001 $
1!
#38740
0!
#38745
0"
b1111011010 $
b1111011010 %
1!
#38750
0!
#38755
0"
b1111011011 %
b1111011011 $
1!
#38760
0!
#38765
0"
b1111011100 $
b1111011100 %
1!
#38770
0!
#38775
0"
b1111011101 %
b1111011101 $
1!
#38780
0!
#38785
0"
b1111011110 $
b1111011110 %
1!
#38790
0!
#38795
0"
b1111011111 %
b1111011111 $
1!
#38800
0!
#38805
0"
b1111100000 $
b1111100000 %
1!
#38810
0!
#38815
0"
b1111100001 %
b1111100001 $
1!
#38820
0!
#38825
0"
b1111100010 $
b1111100010 %
1!
#38830
0!
#38835
0"
b1111100011 %
b1111100011 $
1!
#38840
0!
#38845
0"
b1111100100 $
b1111100100 %
1!
#38850
0!
#38855
0"
b1111100101 %
b1111100101 $
1!
#38860
0!
#38865
0"
b1111100110 $
b1111100110 %
1!
#38870
0!
#38875
0"
b1111100111 %
b1111100111 $
1!
#38880
0!
#38885
0"
b0 $
b0 %
1!
#38890
0!
#38895
0"
b1 %
b1 $
1!
#38900
0!
#38905
0"
b10 $
b10 %
1!
#38910
0!
#38915
0"
b11 %
b11 $
1!
#38920
0!
#38925
0"
b100 $
b100 %
1!
#38930
0!
#38935
0"
b101 %
b101 $
1!
#38940
0!
#38945
0"
b110 $
b110 %
1!
#38950
0!
#38955
0"
b111 %
b111 $
1!
#38960
0!
#38965
0"
b1000 $
b1000 %
1!
#38970
0!
#38975
0"
b1001 %
b1001 $
1!
#38980
0!
#38985
0"
b1010 $
b1010 %
1!
#38990
0!
#38995
0"
b1011 %
b1011 $
1!
#39000
0!
#39005
0"
b1100 $
b1100 %
1!
#39010
0!
#39015
0"
b1101 %
b1101 $
1!
#39020
0!
#39025
0"
b1110 $
b1110 %
1!
#39030
0!
#39035
0"
b1111 %
b1111 $
1!
#39040
0!
#39045
0"
b10000 $
b10000 %
1!
#39050
0!
#39055
0"
b10001 %
b10001 $
1!
#39060
0!
#39065
0"
b10010 $
b10010 %
1!
#39070
0!
#39075
0"
b10011 %
b10011 $
1!
#39080
0!
#39085
0"
b10100 $
b10100 %
1!
#39090
0!
#39095
0"
b10101 %
b10101 $
1!
#39100
0!
#39105
0"
b10110 $
b10110 %
1!
#39110
0!
#39115
0"
b10111 %
b10111 $
1!
#39120
0!
#39125
0"
b11000 $
b11000 %
1!
#39130
0!
#39135
0"
b11001 %
b11001 $
1!
#39140
0!
#39145
0"
b11010 $
b11010 %
1!
#39150
0!
#39155
0"
b11011 %
b11011 $
1!
#39160
0!
#39165
0"
b11100 $
b11100 %
1!
#39170
0!
#39175
0"
b11101 %
b11101 $
1!
#39180
0!
#39185
0"
b11110 $
b11110 %
1!
#39190
0!
#39195
0"
b11111 %
b11111 $
1!
#39200
0!
#39205
0"
b100000 $
b100000 %
1!
#39210
0!
#39215
0"
b100001 %
b100001 $
1!
#39220
0!
#39225
0"
b100010 $
b100010 %
1!
#39230
0!
#39235
0"
b100011 %
b100011 $
1!
#39240
0!
#39245
0"
b100100 $
b100100 %
1!
#39250
0!
#39255
0"
b100101 %
b100101 $
1!
#39260
0!
#39265
0"
b100110 $
b100110 %
1!
#39270
0!
#39275
0"
b100111 %
b100111 $
1!
#39280
0!
#39285
0"
b101000 $
b101000 %
1!
#39290
0!
#39295
0"
b101001 %
b101001 $
1!
#39300
0!
#39305
0"
b101010 $
b101010 %
1!
#39310
0!
#39315
0"
b101011 %
b101011 $
1!
#39320
0!
#39325
0"
b101100 $
b101100 %
1!
#39330
0!
#39335
0"
b101101 %
b101101 $
1!
#39340
0!
#39345
0"
b101110 $
b101110 %
1!
#39350
0!
#39355
0"
b101111 %
b101111 $
1!
#39360
0!
#39365
0"
b110000 $
b110000 %
1!
#39370
0!
#39375
0"
b110001 %
b110001 $
1!
#39380
0!
#39385
0"
b110010 $
b110010 %
1!
#39390
0!
#39395
0"
b110011 %
b110011 $
1!
#39400
0!
#39405
0"
b110100 $
b110100 %
1!
#39410
0!
#39415
0"
b110101 %
b110101 $
1!
#39420
0!
#39425
0"
b110110 $
b110110 %
1!
#39430
0!
#39435
0"
b110111 %
b110111 $
1!
#39440
0!
#39445
0"
b111000 $
b111000 %
1!
#39450
0!
#39455
0"
b111001 %
b111001 $
1!
#39460
0!
#39465
0"
b111010 $
b111010 %
1!
#39470
0!
#39475
0"
b111011 %
b111011 $
1!
#39480
0!
#39485
0"
b111100 $
b111100 %
1!
#39490
0!
#39495
0"
b111101 %
b111101 $
1!
#39500
0!
#39505
0"
b111110 $
b111110 %
1!
#39510
0!
#39515
0"
b111111 %
b111111 $
1!
#39520
0!
#39525
0"
b1000000 $
b1000000 %
1!
#39530
0!
#39535
0"
b1000001 %
b1000001 $
1!
#39540
0!
#39545
0"
b1000010 $
b1000010 %
1!
#39550
0!
#39555
0"
b1000011 %
b1000011 $
1!
#39560
0!
#39565
0"
b1000100 $
b1000100 %
1!
#39570
0!
#39575
0"
b1000101 %
b1000101 $
1!
#39580
0!
#39585
0"
b1000110 $
b1000110 %
1!
#39590
0!
#39595
0"
b1000111 %
b1000111 $
1!
#39600
0!
#39605
0"
b1001000 $
b1001000 %
1!
#39610
0!
#39615
0"
b1001001 %
b1001001 $
1!
#39620
0!
#39625
0"
b1001010 $
b1001010 %
1!
#39630
0!
#39635
0"
b1001011 %
b1001011 $
1!
#39640
0!
#39645
0"
b1001100 $
b1001100 %
1!
#39650
0!
#39655
0"
b1001101 %
b1001101 $
1!
#39660
0!
#39665
0"
b1001110 $
b1001110 %
1!
#39670
0!
#39675
0"
b1001111 %
b1001111 $
1!
#39680
0!
#39685
0"
b1010000 $
b1010000 %
1!
#39690
0!
#39695
0"
b1010001 %
b1010001 $
1!
#39700
0!
#39705
0"
b1010010 $
b1010010 %
1!
#39710
0!
#39715
0"
b1010011 %
b1010011 $
1!
#39720
0!
#39725
0"
b1010100 $
b1010100 %
1!
#39730
0!
#39735
0"
b1010101 %
b1010101 $
1!
#39740
0!
#39745
0"
b1010110 $
b1010110 %
1!
#39750
0!
#39755
0"
b1010111 %
b1010111 $
1!
#39760
0!
#39765
0"
b1011000 $
b1011000 %
1!
#39770
0!
#39775
0"
b1011001 %
b1011001 $
1!
#39780
0!
#39785
0"
b1011010 $
b1011010 %
1!
#39790
0!
#39795
0"
b1011011 %
b1011011 $
1!
#39800
0!
#39805
0"
b1011100 $
b1011100 %
1!
#39810
0!
#39815
0"
b1011101 %
b1011101 $
1!
#39820
0!
#39825
0"
b1011110 $
b1011110 %
1!
#39830
0!
#39835
0"
b1011111 %
b1011111 $
1!
#39840
0!
#39845
0"
b1100000 $
b1100000 %
1!
#39850
0!
#39855
0"
b1100001 %
b1100001 $
1!
#39860
0!
#39865
0"
b1100010 $
b1100010 %
1!
#39870
0!
#39875
0"
b1100011 %
b1100011 $
1!
#39880
0!
#39885
0"
b1100100 $
b1100100 %
1!
#39890
0!
#39895
0"
b1100101 %
b1100101 $
1!
#39900
0!
#39905
0"
b1100110 $
b1100110 %
1!
#39910
0!
#39915
0"
b1100111 %
b1100111 $
1!
#39920
0!
#39925
0"
b1101000 $
b1101000 %
1!
#39930
0!
#39935
0"
b1101001 %
b1101001 $
1!
#39940
0!
#39945
0"
b1101010 $
b1101010 %
1!
#39950
0!
#39955
0"
b1101011 %
b1101011 $
1!
#39960
0!
#39965
0"
b1101100 $
b1101100 %
1!
#39970
0!
#39975
0"
b1101101 %
b1101101 $
1!
#39980
0!
#39985
0"
b1101110 $
b1101110 %
1!
#39990
0!
#39995
0"
b1101111 %
b1101111 $
1!
#40000
0!
#40005
0"
b1110000 $
b1110000 %
1!
#40010
0!
#40015
0"
b1110001 %
b1110001 $
1!
#40020
0!
#40025
0"
b1110010 $
b1110010 %
1!
#40030
0!
#40035
0"
b1110011 %
b1110011 $
1!
#40040
0!
#40045
0"
b1110100 $
b1110100 %
1!
#40050
0!
#40055
0"
b1110101 %
b1110101 $
1!
#40060
0!
#40065
0"
b1110110 $
b1110110 %
1!
#40070
0!
#40075
0"
b1110111 %
b1110111 $
1!
#40080
0!
#40085
0"
b1111000 $
b1111000 %
1!
#40090
0!
#40095
0"
b1111001 %
b1111001 $
1!
#40100
0!
#40105
0"
b1111010 $
b1111010 %
1!
#40110
0!
#40115
0"
b1111011 %
b1111011 $
1!
#40120
0!
#40125
0"
b1111100 $
b1111100 %
1!
#40130
0!
#40135
0"
b1111101 %
b1111101 $
1!
#40136
